Title,Artist,ConstituentID,ArtistBio,Nationality,BeginDate,EndDate,Gender,Date,Medium,Dimensions,CreditLine,AccessionNumber,Classification,Department,DateAcquired,Cataloged,ObjectID,URL,ImageURL,OnView,"Circumference (cm)","Depth (cm)","Diameter (cm)","Height (cm)","Length (cm)","Weight (kg)","Width (cm)","Seat Height (cm)","Duration (sec.)"
"Ferdinandsbrücke Project, Vienna, Austria (Elevation, preliminary version)","Otto Wagner",6210,"(Austrian, 1841–1918)",(Austrian),(1841),(1918),(male),1896,"Ink and cut-and-pasted painted pages on paper","19 1/8 x 66 1/2" (48.6 x 168.9 cm)","Fractional and promised gift of Jo Carole and Ronald S. Lauder",885.1996,Architecture,"Architecture & Design",1996-04-09,yes,2,https://www.moma.org/collection/works/2,https://www.moma.org/media/W1siZiIsIjUyNzc3MCJdLFsicCIsImNvbnZlcnQiLCItcmVzaXplIDEwMjR4MTAyNFx1MDAzZSJdXQ.jpg?sha=712ac0fd74ea5bd5,NULL,NULL,NULL,NULL,48.60,NULL,NULL,168.90,NULL,NULL
"City of Music, National Superior Conservatory of Music and Dance, Paris, France, View from interior courtyard","Christian de Portzamparc",7470,"(French, born 1944)",(French),(1944),NULL,(male),1987,"Paint and colored pencil on print","16 x 11 3/4" (40.6 x 29.8 cm)","Gift of the architect in honor of Lily Auchincloss",1.1995,Architecture,"Architecture & Design",1995-01-17,yes,3,https://www.moma.org/collection/works/3,https://www.moma.org/media/W1siZiIsIjUyNzM3NCJdLFsicCIsImNvbnZlcnQiLCItcmVzaXplIDEwMjR4MTAyNFx1MDAzZSJdXQ.jpg?sha=a2898fe0f088f196,NULL,NULL,NULL,NULL,40.64,NULL,NULL,29.85,NULL,NULL
"Villa project, outside Vienna, Austria (Elevation)","Emil Hoppe",7605,"(Austrian, 1876–1957)",(Austrian),(1876),(1957),(male),1903,"Graphite, pen, color pencil, ink, and gouache on tracing paper","13 1/2 x 12 1/2" (34.3 x 31.8 cm)","Gift of Jo Carole and Ronald S. Lauder",1.1997,Architecture,"Architecture & Design",1997-01-15,yes,4,https://www.moma.org/collection/works/4,https://www.moma.org/media/W1siZiIsIjUyNzM3NSJdLFsicCIsImNvbnZlcnQiLCItcmVzaXplIDEwMjR4MTAyNFx1MDAzZSJdXQ.jpg?sha=baf3b82af676ad45,NULL,NULL,NULL,NULL,34.30,NULL,NULL,31.80,NULL,NULL
"The Manhattan Transcripts Project, New York, New York, Introductory panel to Episode 1: The Park","Bernard Tschumi",7056,"(French and Swiss, born Switzerland 1944)",NULL,(1944),NULL,(male),1980,"Photographic reproduction with colored synthetic laminate","20 x 20" (50.8 x 50.8 cm)","Purchase and partial gift of the architect in honor of Lily Auchincloss",2.1995,Architecture,"Architecture & Design",1995-01-17,yes,5,https://www.moma.org/collection/works/5,https://www.moma.org/media/W1siZiIsIjUyNzQ3NCJdLFsicCIsImNvbnZlcnQiLCItcmVzaXplIDEwMjR4MTAyNFx1MDAzZSJdXQ.jpg?sha=6295e6698e3871fd,NULL,NULL,NULL,NULL,50.80,NULL,NULL,50.80,NULL,NULL
"Villa project, outside Vienna, Austria (Exterior perspective)","Emil Hoppe",7605,"(Austrian, 1876–1957)",(Austrian),(1876),(1957),(male),1903,"Graphite, color pencil, ink, and gouache on tracing paper","15 1/8 x 7 1/2" (38.4 x 19.1 cm)","Gift of Jo Carole and Ronald S. Lauder",2.1997,Architecture,"Architecture & Design",1997-01-15,yes,6,https://www.moma.org/collection/works/6,https://www.moma.org/media/W1siZiIsIjUyNzQ3NSJdLFsicCIsImNvbnZlcnQiLCItcmVzaXplIDEwMjR4MTAyNFx1MDAzZSJdXQ.jpg?sha=96e3ccab203afa0d,NULL,NULL,NULL,NULL,38.40,NULL,NULL,19.10,NULL,NULL
"The Manhattan Transcripts Project, New York, New York, Episode 1: The Park","Bernard Tschumi",7056,"(French and Swiss, born Switzerland 1944)",NULL,(1944),NULL,(male),1976-77,"Gelatin silver photograph","14 x 18" (35.6 x 45.7 cm)","Purchase and partial gift of the architect in honor of Lily Auchincloss",3.1995.1,Architecture,"Architecture & Design",1995-01-17,yes,7,https://www.moma.org/collection/works/7,https://www.moma.org/media/W1siZiIsIjUyNzUyMCJdLFsicCIsImNvbnZlcnQiLCItcmVzaXplIDEwMjR4MTAyNFx1MDAzZSJdXQ.jpg?sha=d172aa966e03ed80,NULL,NULL,NULL,NULL,35.60,NULL,NULL,45.70,NULL,NULL
"The Manhattan Transcripts Project, New York, New York, Episode 1: The Park","Bernard Tschumi",7056,"(French and Swiss, born Switzerland 1944)",NULL,(1944),NULL,(male),1976-77,"Gelatin silver photographs","Each: 14 x 18" (35.6 x 45.7 cm)","Purchase and partial gift of the architect in honor of Lily Auchincloss",3.1995.1-24,Architecture,"Architecture & Design",1995-01-17,yes,8,https://www.moma.org/collection/works/8,https://www.moma.org/media/W1siZiIsIjUyNzUyMyJdLFsicCIsImNvbnZlcnQiLCItcmVzaXplIDEwMjR4MTAyNFx1MDAzZSJdXQ.jpg?sha=bb83636021a3bb91,NULL,NULL,NULL,NULL,35.60,NULL,NULL,45.70,NULL,NULL
"The Manhattan Transcripts Project, New York, New York, Episode 1: The Park","Bernard Tschumi",7056,"(French and Swiss, born Switzerland 1944)",NULL,(1944),NULL,(male),1976-77,"Gelatin silver photograph","14 x 18" (35.6 x 45.7 cm)","Purchase and partial gift of the architect in honor of Lily Auchincloss",3.1995.10,Architecture,"Architecture & Design",1995-01-17,yes,9,https://www.moma.org/collection/works/9,NULL,NULL,NULL,NULL,NULL,35.60,NULL,NULL,45.70,NULL,NULL
"The Manhattan Transcripts Project, New York, New York, Episode 1: The Park","Bernard Tschumi",7056,"(French and Swiss, born Switzerland 1944)",NULL,(1944),NULL,(male),1976-77,"Gelatin silver photograph","14 x 18" (35.6 x 45.7 cm)","Purchase and partial gift of the architect in honor of Lily Auchincloss",3.1995.11,Architecture,"Architecture & Design",1995-01-17,yes,10,https://www.moma.org/collection/works/10,https://www.moma.org/media/W1siZiIsIjUyNzUyMSJdLFsicCIsImNvbnZlcnQiLCItcmVzaXplIDEwMjR4MTAyNFx1MDAzZSJdXQ.jpg?sha=fd6cca6e5eaa12d8,NULL,NULL,NULL,NULL,35.60,NULL,NULL,45.70,NULL,NULL
"The Manhattan Transcripts Project, New York, New York, Episode 1: The Park","Bernard Tschumi",7056,"(French and Swiss, born Switzerland 1944)",NULL,(1944),NULL,(male),1976-77,"Gelatin silver photograph","14 x 18" (35.6 x 45.7 cm)","Purchase and partial gift of the architect in honor of Lily Auchincloss",3.1995.12,Architecture,"Architecture & Design",1995-01-17,yes,11,https://www.moma.org/collection/works/11,https://www.moma.org/media/W1siZiIsIjUyNzUyMiJdLFsicCIsImNvbnZlcnQiLCItcmVzaXplIDEwMjR4MTAyNFx1MDAzZSJdXQ.jpg?sha=02884d507ae8037a,NULL,NULL,NULL,NULL,35.60,NULL,NULL,45.70,NULL,NULL
"The Manhattan Transcripts Project, New York, New York, Episode 1: The Park","Bernard Tschumi",7056,"(French and Swiss, born Switzerland 1944)",NULL,(1944),NULL,(male),1976-77,"Gelatin silver photograph","14 x 18" (35.6 x 45.7 cm)","Purchase and partial gift of the architect in honor of Lily Auchincloss",3.1995.13,Architecture,"Architecture & Design",1995-01-17,yes,12,https://www.moma.org/collection/works/12,https://www.moma.org/media/W1siZiIsIjUyNzUyNCJdLFsicCIsImNvbnZlcnQiLCItcmVzaXplIDEwMjR4MTAyNFx1MDAzZSJdXQ.jpg?sha=87a368adbfb01ea1,NULL,NULL,NULL,NULL,35.60,NULL,NULL,45.70,NULL,NULL
"The Manhattan Transcripts Project, New York, New York, Episode 1: The Park","Bernard Tschumi",7056,"(French and Swiss, born Switzerland 1944)",NULL,(1944),NULL,(male),1976-77,"Gelatin silver photograph","14 x 18" (35.6 x 45.7 cm)","Purchase and partial gift of the architect in honor of Lily Auchincloss",3.1995.14,Architecture,"Architecture & Design",1995-01-17,yes,13,https://www.moma.org/collection/works/13,https://www.moma.org/media/W1siZiIsIjUyNzUyNSJdLFsicCIsImNvbnZlcnQiLCItcmVzaXplIDEwMjR4MTAyNFx1MDAzZSJdXQ.jpg?sha=4abebadbac064a09,NULL,NULL,NULL,NULL,35.60,NULL,NULL,45.70,NULL,NULL
"The Manhattan Transcripts Project, New York, New York, Episode 1: The Park","Bernard Tschumi",7056,"(French and Swiss, born Switzerland 1944)",NULL,(1944),NULL,(male),1976-77,"Gelatin silver photograph","14 x 18" (35.6 x 45.7 cm)","Purchase and partial gift of the architect in honor of Lily Auchincloss",3.1995.15,Architecture,"Architecture & Design",1995-01-17,yes,14,https://www.moma.org/collection/works/14,https://www.moma.org/media/W1siZiIsIjUyNzUyNiJdLFsicCIsImNvbnZlcnQiLCItcmVzaXplIDEwMjR4MTAyNFx1MDAzZSJdXQ.jpg?sha=0c521cdffde7d830,NULL,NULL,NULL,NULL,35.60,NULL,NULL,45.70,NULL,NULL
"The Manhattan Transcripts Project, New York, New York, Episode 1: The Park","Bernard Tschumi",7056,"(French and Swiss, born Switzerland 1944)",NULL,(1944),NULL,(male),1976-77,"Gelatin silver photograph","14 x 18" (35.6 x 45.7 cm)","Purchase and partial gift of the architect in honor of Lily Auchincloss",3.1995.17,Architecture,"Architecture & Design",1995-01-17,yes,16,https://www.moma.org/collection/works/16,https://www.moma.org/media/W1siZiIsIjUyNzUyOCJdLFsicCIsImNvbnZlcnQiLCItcmVzaXplIDEwMjR4MTAyNFx1MDAzZSJdXQ.jpg?sha=0fad721785cf4354,NULL,NULL,NULL,NULL,35.60,NULL,NULL,45.70,NULL,NULL
"The Manhattan Transcripts Project, New York, New York, Episode 1: The Park","Bernard Tschumi",7056,"(French and Swiss, born Switzerland 1944)",NULL,(1944),NULL,(male),1976-77,"Gelatin silver photograph","14 x 18" (35.6 x 45.7 cm)","Purchase and partial gift of the architect in honor of Lily Auchincloss",3.1995.18,Architecture,"Architecture & Design",1995-01-17,yes,17,https://www.moma.org/collection/works/17,https://www.moma.org/media/W1siZiIsIjUyNzUyOSJdLFsicCIsImNvbnZlcnQiLCItcmVzaXplIDEwMjR4MTAyNFx1MDAzZSJdXQ.jpg?sha=0260c6f2c6bafb0f,NULL,NULL,NULL,NULL,35.60,NULL,NULL,45.70,NULL,NULL
"The Manhattan Transcripts Project, New York, New York, Episode 1: The Park","Bernard Tschumi",7056,"(French and Swiss, born Switzerland 1944)",NULL,(1944),NULL,(male),1976-77,"Gelatin silver photograph","14 x 18" (35.6 x 45.7 cm)","Purchase and partial gift of the architect in honor of Lily Auchincloss",3.1995.2,Architecture,"Architecture & Design",1995-01-17,yes,19,https://www.moma.org/collection/works/19,https://www.moma.org/media/W1siZiIsIjUyNzUzMSJdLFsicCIsImNvbnZlcnQiLCItcmVzaXplIDEwMjR4MTAyNFx1MDAzZSJdXQ.jpg?sha=0b3e1b840debe461,NULL,NULL,NULL,NULL,35.60,NULL,NULL,45.70,NULL,NULL
"The Manhattan Transcripts Project, New York, New York, Episode 1: The Park","Bernard Tschumi",7056,"(French and Swiss, born Switzerland 1944)",NULL,(1944),NULL,(male),1976-77,"Gelatin silver photograph","14 x 18" (35.6 x 45.7 cm)","Purchase and partial gift of the architect in honor of Lily Auchincloss",3.1995.20,Architecture,"Architecture & Design",1995-01-17,yes,20,https://www.moma.org/collection/works/20,https://www.moma.org/media/W1siZiIsIjUyNzUzMiJdLFsicCIsImNvbnZlcnQiLCItcmVzaXplIDEwMjR4MTAyNFx1MDAzZSJdXQ.jpg?sha=75933e7021d39d8b,NULL,NULL,NULL,NULL,35.60,NULL,NULL,45.70,NULL,NULL
"The Manhattan Transcripts Project, New York, New York , Episode 1: The Park","Bernard Tschumi",7056,"(French and Swiss, born Switzerland 1944)",NULL,(1944),NULL,(male),1976-77,"Gelatin silver photograph","14 x 18" (35.6 x 45.7 cm)","Purchase and partial gift of the architect in honor of Lily Auchincloss",3.1995.21,Architecture,"Architecture & Design",1995-01-17,yes,21,https://www.moma.org/collection/works/21,https://www.moma.org/media/W1siZiIsIjUyNzUzMyJdLFsicCIsImNvbnZlcnQiLCItcmVzaXplIDEwMjR4MTAyNFx1MDAzZSJdXQ.jpg?sha=e9752349b0fb457b,NULL,NULL,NULL,NULL,35.60,NULL,NULL,45.70,NULL,NULL
"The Manhattan Transcripts Project, New York, New York, Episode 1: The Park","Bernard Tschumi",7056,"(French and Swiss, born Switzerland 1944)",NULL,(1944),NULL,(male),1976-77,"Gelatin silver photograph","14 x 18" (35.6 x 45.7 cm)","Purchase and partial gift of the architect in honor of Lily Auchincloss",3.1995.22,Architecture,"Architecture & Design",1995-01-17,yes,22,https://www.moma.org/collection/works/22,https://www.moma.org/media/W1siZiIsIjUyNzUzNCJdLFsicCIsImNvbnZlcnQiLCItcmVzaXplIDEwMjR4MTAyNFx1MDAzZSJdXQ.jpg?sha=ecde94004dfe514b,NULL,NULL,NULL,NULL,35.60,NULL,NULL,45.70,NULL,NULL
"The Manhattan Transcripts Project, New York, New York, Episode 1: The Park","Bernard Tschumi",7056,"(French and Swiss, born Switzerland 1944)",NULL,(1944),NULL,(male),1976-77,"Gelatin silver photograph","14 x 18" (35.6 x 45.7 cm)","Purchase and partial gift of the architect in honor of Lily Auchincloss",3.1995.23,Architecture,"Architecture & Design",1995-01-17,yes,23,https://www.moma.org/collection/works/23,https://www.moma.org/media/W1siZiIsIjUyNzUzNSJdLFsicCIsImNvbnZlcnQiLCItcmVzaXplIDEwMjR4MTAyNFx1MDAzZSJdXQ.jpg?sha=9de9474b5442dd74,NULL,NULL,NULL,NULL,35.60,NULL,NULL,45.70,NULL,NULL
"The Manhattan Transcripts Project, New York, New York, Episode 1: The Park","Bernard Tschumi",7056,"(French and Swiss, born Switzerland 1944)",NULL,(1944),NULL,(male),1976-77,"Gelatin silver photograph","14 x 18" (35.6 x 45.7 cm)","Purchase and partial gift of the architect in honor of Lily Auchincloss",3.1995.24,Architecture,"Architecture & Design",1995-01-17,yes,24,https://www.moma.org/collection/works/24,https://www.moma.org/media/W1siZiIsIjUyNzUzNiJdLFsicCIsImNvbnZlcnQiLCItcmVzaXplIDEwMjR4MTAyNFx1MDAzZSJdXQ.jpg?sha=282545adb64329df,NULL,NULL,NULL,NULL,35.60,NULL,NULL,45.70,NULL,NULL
"The Manhattan Transcripts Project, New York, New York, Episode 1: The Park","Bernard Tschumi",7056,"(French and Swiss, born Switzerland 1944)",NULL,(1944),NULL,(male),1976-77,"Gelatin silver photograph","14 x 18" (35.6 x 45.7 cm)","Purchase and partial gift of the architect in honor of Lily Auchincloss",3.1995.3,Architecture,"Architecture & Design",1995-01-17,yes,25,https://www.moma.org/collection/works/25,https://www.moma.org/media/W1siZiIsIjUyNzUzNyJdLFsicCIsImNvbnZlcnQiLCItcmVzaXplIDEwMjR4MTAyNFx1MDAzZSJdXQ.jpg?sha=8c154153e68d9663,NULL,NULL,NULL,NULL,35.60,NULL,NULL,45.70,NULL,NULL
"The Manhattan Transcripts Project, New York, New York, Episode 1: The Park","Bernard Tschumi",7056,"(French and Swiss, born Switzerland 1944)",NULL,(1944),NULL,(male),1976-77,"Gelatin silver photograph","14 x 18" (35.6 x 45.7 cm)","Purchase and partial gift of the architect in honor of Lily Auchincloss",3.1995.4,Architecture,"Architecture & Design",1995-01-17,yes,26,https://www.moma.org/collection/works/26,https://www.moma.org/media/W1siZiIsIjUyNzUzOCJdLFsicCIsImNvbnZlcnQiLCItcmVzaXplIDEwMjR4MTAyNFx1MDAzZSJdXQ.jpg?sha=594e5c3af08ba67c,NULL,NULL,NULL,NULL,35.60,NULL,NULL,45.70,NULL,NULL
"The Manhattan Transcripts Project, New York, New York, Episode 1: The Park","Bernard Tschumi",7056,"(French and Swiss, born Switzerland 1944)",NULL,(1944),NULL,(male),1976-77,"Gelatin silver photograph","14 x 18" (35.6 x 45.7 cm)","Purchase and partial gift of the architect in honor of Lily Auchincloss",3.1995.5,Architecture,"Architecture & Design",1995-01-17,yes,27,https://www.moma.org/collection/works/27,https://www.moma.org/media/W1siZiIsIjUyNzUzOSJdLFsicCIsImNvbnZlcnQiLCItcmVzaXplIDEwMjR4MTAyNFx1MDAzZSJdXQ.jpg?sha=68c4eb49459cf9d4,NULL,NULL,NULL,NULL,35.60,NULL,NULL,45.70,NULL,NULL
"The Manhattan Transcripts Project, New York, New York, Episode 1: The Park","Bernard Tschumi",7056,"(French and Swiss, born Switzerland 1944)",NULL,(1944),NULL,(male),1976-77,"Gelatin silver photograph","14 x 18" (35.6 x 45.7 cm)","Purchase and partial gift of the architect in honor of Lily Auchincloss",3.1995.6,Architecture,"Architecture & Design",1995-01-17,yes,28,https://www.moma.org/collection/works/28,https://www.moma.org/media/W1siZiIsIjUyNzU0MCJdLFsicCIsImNvbnZlcnQiLCItcmVzaXplIDEwMjR4MTAyNFx1MDAzZSJdXQ.jpg?sha=bd0024459b6137cc,NULL,NULL,NULL,NULL,35.60,NULL,NULL,45.70,NULL,NULL
"The Manhattan Transcripts Project, New York, New York, Episode 1: The Park","Bernard Tschumi",7056,"(French and Swiss, born Switzerland 1944)",NULL,(1944),NULL,(male),1976-77,"Gelatin silver photograph","14 x 18" (35.6 x 45.7 cm)","Purchase and partial gift of the architect in honor of Lily Auchincloss",3.1995.7,Architecture,"Architecture & Design",1995-01-17,yes,29,https://www.moma.org/collection/works/29,https://www.moma.org/media/W1siZiIsIjUyNzU0MSJdLFsicCIsImNvbnZlcnQiLCItcmVzaXplIDEwMjR4MTAyNFx1MDAzZSJdXQ.jpg?sha=7dcac19ddeb0b9ca,NULL,NULL,NULL,NULL,35.60,NULL,NULL,45.70,NULL,NULL
"The Manhattan Transcripts Project, New York, New York, Episode 1: The Park","Bernard Tschumi",7056,"(French and Swiss, born Switzerland 1944)",NULL,(1944),NULL,(male),1976-77,"Gelatin silver photograph","14 x 18" (35.6 x 45.7 cm)","Purchase and partial gift of the architect in honor of Lily Auchincloss",3.1995.8,Architecture,"Architecture & Design",1995-01-17,yes,30,https://www.moma.org/collection/works/30,https://www.moma.org/media/W1siZiIsIjUyNzU0MiJdLFsicCIsImNvbnZlcnQiLCItcmVzaXplIDEwMjR4MTAyNFx1MDAzZSJdXQ.jpg?sha=4d671cca5198113c,NULL,NULL,NULL,NULL,35.60,NULL,NULL,45.70,NULL,NULL
"The Manhattan Transcripts Project, New York, New York, Episode 1: The Park","Bernard Tschumi",7056,"(French and Swiss, born Switzerland 1944)",NULL,(1944),NULL,(male),1976-77,"Gelatin silver photograph","14 x 18" (35.6 x 45.7 cm)","Purchase and partial gift of the architect in honor of Lily Auchincloss",3.1995.9,Architecture,"Architecture & Design",1995-01-17,yes,31,https://www.moma.org/collection/works/31,https://www.moma.org/media/W1siZiIsIjUyNzU0MyJdLFsicCIsImNvbnZlcnQiLCItcmVzaXplIDEwMjR4MTAyNFx1MDAzZSJdXQ.jpg?sha=ded5689521f07c84,NULL,NULL,NULL,NULL,35.60,NULL,NULL,45.70,NULL,NULL
"Memorial to the Six Million Jewish Martyrs, project, New York City, New York, Perspective of central pier","Louis I. Kahn",2964,"(American, born Estonia. 1901–1974)",(American),(1901),(1974),(male),1968,"Charcoal and graphite on tracing paper","44 1/2 x 66" (113 x 167.6 cm)",Purchase,3.1997,Architecture,"Architecture & Design",1997-01-15,yes,32,https://www.moma.org/collection/works/32,https://www.moma.org/media/W1siZiIsIjUyNzU0NCJdLFsicCIsImNvbnZlcnQiLCItcmVzaXplIDEwMjR4MTAyNFx1MDAzZSJdXQ.jpg?sha=80d55726c6ca40af,NULL,NULL,NULL,NULL,113.00,NULL,NULL,167.60,NULL,NULL
"The Manhattan Transcripts Project, New York, New York, Introductory panel to Episode 2: The Street (Border Crossing)","Bernard Tschumi",7056,"(French and Swiss, born Switzerland 1944)",NULL,(1944),NULL,(male),1980,"Photographic reproduction with colored synthetic laminate","20 x 20" (50.8 X 50.8 cm)","Purchase and partial gift of the architect in honor of Lily Auchincloss",4.1995,Architecture,"Architecture & Design",1995-01-17,yes,33,https://www.moma.org/collection/works/33,https://www.moma.org/media/W1siZiIsIjUyNzY0NCJdLFsicCIsImNvbnZlcnQiLCItcmVzaXplIDEwMjR4MTAyNFx1MDAzZSJdXQ.jpg?sha=c526747c1409c8f1,NULL,NULL,NULL,NULL,50.80,NULL,NULL,50.80,NULL,NULL
"Royal Hunting Tent, project, Exterior perspective","Marcel Kammerer",7607,"(Austrian, 1878–1969)",(Austrian),(1878),(1969),(male),1900,"Ink, graphite, watercolor, gouache, and airbrush on paper","18 7/8 x 12 3/8" (47.9 x 31.4 cm)","Gift of Jo Carole and Ronald S. Lauder",4.1997,Architecture,"Architecture & Design",1997-01-15,yes,34,https://www.moma.org/collection/works/34,https://www.moma.org/media/W1siZiIsIjUyNzY0NSJdLFsicCIsImNvbnZlcnQiLCItcmVzaXplIDEwMjR4MTAyNFx1MDAzZSJdXQ.jpg?sha=a7823fef5cca6ffe,NULL,NULL,NULL,NULL,47.90,NULL,NULL,31.40,NULL,NULL
"The Manhattan Transcripts Project, New York, New York, Episode 2: The Street (Border Crossing)","Bernard Tschumi",7056,"(French and Swiss, born Switzerland 1944)",NULL,(1944),NULL,(male),1978,"Ink, charcoal, graphite, cut-and-pasted photographic reproductions, Letraset type, and color pencil on tracing paper","24 x 322" (61 x 817.9 cm)","Purchase and partial gift of the architect in honor of Lily Auchincloss",5.1995,Architecture,"Architecture & Design",1995-01-17,yes,35,https://www.moma.org/collection/works/35,NULL,NULL,NULL,NULL,NULL,60.96,NULL,NULL,817.88,NULL,NULL
"House in Krems, project, Krems, Austria, Elevation","Otto Schönthal",7608,"(Austrian, 1878–1961)",(Austrian),(1878),(1961),(male),1905,"Graphite, ink, watercolor, and metallic paint on paper","12 x 8 1/2" (30.5 x 21.6 cm)","Gift of Jo Carole and Ronald S. Lauder",5.1997,Architecture,"Architecture & Design",1997-01-15,yes,36,https://www.moma.org/collection/works/36,https://www.moma.org/media/W1siZiIsIjUyNzcwNSJdLFsicCIsImNvbnZlcnQiLCItcmVzaXplIDEwMjR4MTAyNFx1MDAzZSJdXQ.jpg?sha=ef833e4d6b38446b,NULL,NULL,NULL,NULL,30.50,NULL,NULL,21.60,NULL,NULL
"The Manhattan Transcripts Project, New York, New York, Introductory panel to Episode 3: The Tower (The Fall)","Bernard Tschumi",7056,"(French and Swiss, born Switzerland 1944)",NULL,(1944),NULL,(male),1980,"Photographic reproduction with colored synthetic laminate","20 x 20"(50.8 x 50.8 cm)","Purchase and partial gift of the architect in honor of Lily Auchincloss",6.1995,Architecture,"Architecture & Design",1995-01-17,yes,38,https://www.moma.org/collection/works/38,https://www.moma.org/media/W1siZiIsIjUyNzcxOCJdLFsicCIsImNvbnZlcnQiLCItcmVzaXplIDEwMjR4MTAyNFx1MDAzZSJdXQ.jpg?sha=ab3cb4352bfb394f,NULL,NULL,NULL,NULL,50.80,NULL,NULL,50.80,NULL,NULL
"Imperial Post Office, Teschen, Austria (Elevation)","Otto Schönthal",7608,"(Austrian, 1878–1961)",(Austrian),(1878),(1961),(male),1906,"Pencil, ink, colored pencil, and gouache on paper","11 5/8 x 14 1/8" (29.6 x 35.8 cm)","Gift of Jo Carole and Ronald S. Lauder",6.1997,Architecture,"Architecture & Design",1997-01-15,yes,39,https://www.moma.org/collection/works/39,NULL,NULL,NULL,NULL,NULL,29.60,NULL,NULL,35.80,NULL,NULL
"The Manhattan Transcripts Project, New York, New York, Episode 3: The Tower (The Fall)","Bernard Tschumi",7056,"(French and Swiss, born Switzerland 1944)",NULL,(1944),NULL,(male),1979,"Ink on tracing paper","48 x 24" (121.9 x 61 cm)","Purchase and partial gift of the architect in honor of Lily Auchincloss",7.1995.1,Architecture,"Architecture & Design",1995-01-17,yes,41,https://www.moma.org/collection/works/41,https://www.moma.org/media/W1siZiIsIjUyNzc0MSJdLFsicCIsImNvbnZlcnQiLCItcmVzaXplIDEwMjR4MTAyNFx1MDAzZSJdXQ.jpg?sha=42c2744af4689bf3,NULL,NULL,NULL,NULL,121.90,NULL,NULL,61.00,NULL,NULL
"The Manhattan Transcripts Project, New York, New York, Episode 3: The Tower (The Fall)","Bernard Tschumi",7056,"(French and Swiss, born Switzerland 1944)",NULL,(1944),NULL,(male),1979,"Ink and transfer on tracing paper","Each: 48 x 24" (121.9 x 61 cm)","Purchase and partial gift of the architect in honor of Lily Auchincloss",7.1995.1-9,Architecture,"Architecture & Design",1995-01-17,yes,42,https://www.moma.org/collection/works/42,https://www.moma.org/media/W1siZiIsIjUyNzc0MiJdLFsicCIsImNvbnZlcnQiLCItcmVzaXplIDEwMjR4MTAyNFx1MDAzZSJdXQ.jpg?sha=41e49bdddfb523b2,NULL,NULL,NULL,NULL,121.92,NULL,NULL,60.96,NULL,NULL
"The Manhattan Transcripts Project, New York, New York, Episode 3: The Tower (The Fall)","Bernard Tschumi",7056,"(French and Swiss, born Switzerland 1944)",NULL,(1944),NULL,(male),1979,"Ink on tracing paper","48 x 24" (121.9 x 61 cm)","Purchase and partial gift of the architect in honor of Lily Auchincloss",7.1995.2,Architecture,"Architecture & Design",1995-01-17,yes,43,https://www.moma.org/collection/works/43,https://www.moma.org/media/W1siZiIsIjUyNzc0MyJdLFsicCIsImNvbnZlcnQiLCItcmVzaXplIDEwMjR4MTAyNFx1MDAzZSJdXQ.jpg?sha=d65e9ed89c3c9316,NULL,NULL,NULL,NULL,121.90,NULL,NULL,61.00,NULL,NULL
"The Manhattan Transcripts Project, New York, New York, Episode 3: The Tower (The Fall)","Bernard Tschumi",7056,"(French and Swiss, born Switzerland 1944)",NULL,(1944),NULL,(male),1980,"Ink on tracing paper","48 x 24" (121.9 x 61 cm)","Purchase and partial gift of the architect in honor of Lily Auchincloss",7.1995.3,Architecture,"Architecture & Design",1995-01-17,yes,44,https://www.moma.org/collection/works/44,https://www.moma.org/media/W1siZiIsIjUyNzc0NCJdLFsicCIsImNvbnZlcnQiLCItcmVzaXplIDEwMjR4MTAyNFx1MDAzZSJdXQ.jpg?sha=736e886ced660c1b,NULL,NULL,NULL,NULL,121.90,NULL,NULL,61.00,NULL,NULL
"The Manhattan Transcripts Project, New York, New York, Episode 3: The Tower (The Fall)","Bernard Tschumi",7056,"(French and Swiss, born Switzerland 1944)",NULL,(1944),NULL,(male),1979,"Ink on tracing paper","48 x 24" (121.9 x 61 cm)","Purchase and partial gift of the architect in honor of Lily Auchincloss",7.1995.4,Architecture,"Architecture & Design",1995-01-17,yes,45,https://www.moma.org/collection/works/45,https://www.moma.org/media/W1siZiIsIjUyNzc0NSJdLFsicCIsImNvbnZlcnQiLCItcmVzaXplIDEwMjR4MTAyNFx1MDAzZSJdXQ.jpg?sha=874a15e8c11a1aad,NULL,NULL,NULL,NULL,121.90,NULL,NULL,61.00,NULL,NULL
"The Manhattan Transcripts Project, New York, New York, Episode 3: The Tower (The Fall)","Bernard Tschumi",7056,"(French and Swiss, born Switzerland 1944)",NULL,(1944),NULL,(male),1979,"Ink on tracing paper","48 x 24" (121.9 x 61 cm)","Purchase and partial gift of the architect in honor of Lily Auchincloss",7.1995.5,Architecture,"Architecture & Design",1995-01-17,yes,46,https://www.moma.org/collection/works/46,https://www.moma.org/media/W1siZiIsIjUyNzc0NiJdLFsicCIsImNvbnZlcnQiLCItcmVzaXplIDEwMjR4MTAyNFx1MDAzZSJdXQ.jpg?sha=7d7a1071dabdc9f9,NULL,NULL,NULL,NULL,121.90,NULL,NULL,61.00,NULL,NULL
"The Manhattan Transcripts Project, New York, New York, Episode 3: The Tower (The Fall)","Bernard Tschumi",7056,"(French and Swiss, born Switzerland 1944)",NULL,(1944),NULL,(male),1979,"Ink on tracing paper","48 x 24" (121.9 x 61 cm)","Purchase and partial gift of the architect in honor of Lily Auchincloss",7.1995.6,Architecture,"Architecture & Design",1995-01-17,yes,47,https://www.moma.org/collection/works/47,https://www.moma.org/media/W1siZiIsIjUyNzc0NyJdLFsicCIsImNvbnZlcnQiLCItcmVzaXplIDEwMjR4MTAyNFx1MDAzZSJdXQ.jpg?sha=e42ebc04d70502d9,NULL,NULL,NULL,NULL,121.90,NULL,NULL,61.00,NULL,NULL
"The Manhattan Transcripts Project, New York, New York, Episode 3: The Tower (The Fall)","Bernard Tschumi",7056,"(French and Swiss, born Switzerland 1944)",NULL,(1944),NULL,(male),1979,"Ink on tracing paper","48 x 24" (121.9 x 61 cm)","Purchase and partial gift of the architect in honor of Lily Auchincloss",7.1995.7,Architecture,"Architecture & Design",1995-01-17,yes,48,https://www.moma.org/collection/works/48,https://www.moma.org/media/W1siZiIsIjUyNzc0OCJdLFsicCIsImNvbnZlcnQiLCItcmVzaXplIDEwMjR4MTAyNFx1MDAzZSJdXQ.jpg?sha=4e42fd82433fb335,NULL,NULL,NULL,NULL,121.90,NULL,NULL,61.00,NULL,NULL
"The Manhattan Transcripts Project, New York, New York, Episode 3: The Tower (The Fall),","Bernard Tschumi",7056,"(French and Swiss, born Switzerland 1944)",NULL,(1944),NULL,(male),1979,"Ink on tracing paper","48 x 24" (121.9 x 61 cm)","Purchase and partial gift of the architect in honor of Lily Auchincloss",7.1995.8,Architecture,"Architecture & Design",1995-01-17,yes,49,https://www.moma.org/collection/works/49,https://www.moma.org/media/W1siZiIsIjUyNzc0OSJdLFsicCIsImNvbnZlcnQiLCItcmVzaXplIDEwMjR4MTAyNFx1MDAzZSJdXQ.jpg?sha=e3c1377fff92103e,NULL,NULL,NULL,NULL,121.90,NULL,NULL,61.00,NULL,NULL
"The Manhattan Transcripts Project, New York, New York, Episode 3: The Tower (The Fall)","Bernard Tschumi",7056,"(French and Swiss, born Switzerland 1944)",NULL,(1944),NULL,(male),1979,"Ink and photographic reproductions on tracing paper","48 x 24" (121.9 x 61 cm)","Purchase and partial gift of the architect in honor of Lily Auchincloss",7.1995.9,Architecture,"Architecture & Design",1995-01-17,yes,50,https://www.moma.org/collection/works/50,NULL,NULL,NULL,NULL,NULL,121.90,NULL,NULL,61.00,NULL,NULL
"The Manhattan Transcripts Project, New York, New York, Introductory panel to Episode 4: The Block","Bernard Tschumi",7056,"(French and Swiss, born Switzerland 1944)",NULL,(1944),NULL,(male),1980,"Photographic reproduction with colored synthetic laminate","Each: 20 x 20" (50.8 x 50.8 cm)","Purchase and partial gift of the architect in honor of Lily Auchincloss",8.1995,Architecture,"Architecture & Design",1995-01-17,yes,52,https://www.moma.org/collection/works/52,https://www.moma.org/media/W1siZiIsIjUyNzc1NyJdLFsicCIsImNvbnZlcnQiLCItcmVzaXplIDEwMjR4MTAyNFx1MDAzZSJdXQ.jpg?sha=63393623adefcbd0,NULL,NULL,NULL,NULL,50.80,NULL,NULL,50.80,NULL,NULL
"The Manhattan Transcripts Project, New York, New York, Episode 4: The Block","Bernard Tschumi",7056,"(French and Swiss, born Switzerland 1944)",NULL,(1944),NULL,(male),1980-81,"Ink and cut-and-pasted gelatin silver photographs on tracing paper","19 x 31" (48.3 x 78.7 cm)","Purchase and partial gift of the architect in honor of Lily Auchincloss",9.1995.1,Architecture,"Architecture & Design",1995-01-17,yes,54,https://www.moma.org/collection/works/54,NULL,NULL,NULL,NULL,NULL,48.30,NULL,NULL,78.70,NULL,NULL
"The Manhattan Transcripts Project, New York, New York, Episode 4: The Block","Bernard Tschumi",7056,"(French and Swiss, born Switzerland 1944)",NULL,(1944),NULL,(male),1980-81,"Ink and photographs on tracing paper","Each: 19 x 31" (48.2 x 78.7 cm)","Purchase and partial gift of the architect in honor of Lily Auchincloss",9.1995.1-14,Architecture,"Architecture & Design",1995-01-17,yes,55,https://www.moma.org/collection/works/55,https://www.moma.org/media/W1siZiIsIjUyNzc3OCJdLFsicCIsImNvbnZlcnQiLCItcmVzaXplIDEwMjR4MTAyNFx1MDAzZSJdXQ.jpg?sha=ab336ad9a7d2d99e,NULL,NULL,NULL,NULL,48.20,NULL,NULL,78.70,NULL,NULL
"The Manhattan Transcripts Project, New York, New York, Episode 4: The Block","Bernard Tschumi",7056,"(French and Swiss, born Switzerland 1944)",NULL,(1944),NULL,(male),1980-81,"Ink and cut-and-pasted gelatin silver photographs on tracing paper","19 x 31" (48.3 x 78.7 cm)","Purchase and partial gift of the architect in honor of Lily Auchincloss",9.1995.10,Architecture,"Architecture & Design",1995-01-17,yes,56,https://www.moma.org/collection/works/56,https://www.moma.org/media/W1siZiIsIjUyNzc3NiJdLFsicCIsImNvbnZlcnQiLCItcmVzaXplIDEwMjR4MTAyNFx1MDAzZSJdXQ.jpg?sha=20c7834ef320b274,NULL,NULL,NULL,NULL,48.30,NULL,NULL,78.70,NULL,NULL
"The Manhattan Transcripts Project, New York, New York, Episode 4: The Block","Bernard Tschumi",7056,"(French and Swiss, born Switzerland 1944)",NULL,(1944),NULL,(male),1980-81,"Ink and cut-and-pasted gelatin silver photographs on tracing paper","19 x 31" (48.3 x 78.7 cm)","Purchase and partial gift of the architect in honor of Lily Auchincloss",9.1995.11,Architecture,"Architecture & Design",1995-01-17,yes,57,https://www.moma.org/collection/works/57,https://www.moma.org/media/W1siZiIsIjUyNzc3NyJdLFsicCIsImNvbnZlcnQiLCItcmVzaXplIDEwMjR4MTAyNFx1MDAzZSJdXQ.jpg?sha=f4b4d87eec5878dd,NULL,NULL,NULL,NULL,48.30,NULL,NULL,78.70,NULL,NULL
"The Manhattan Transcripts Project, New York, New York, Episode 4: The Block","Bernard Tschumi",7056,"(French and Swiss, born Switzerland 1944)",NULL,(1944),NULL,(male),1980-81,"Ink and cut-and-pasted gelatin silver photographs on tracing paper","19 x 31" (48.3 x 78.7 cm)","Purchase and partial gift of the architect in honor of Lily Auchincloss",9.1995.12,Architecture,"Architecture & Design",1995-01-17,yes,58,https://www.moma.org/collection/works/58,https://www.moma.org/media/W1siZiIsIjUyNzc3OSJdLFsicCIsImNvbnZlcnQiLCItcmVzaXplIDEwMjR4MTAyNFx1MDAzZSJdXQ.jpg?sha=81ab4d8df5d92804,NULL,NULL,NULL,NULL,48.30,NULL,NULL,78.70,NULL,NULL
"The Manhattan Transcripts Project, New York, New York, Episode 4: The Block","Bernard Tschumi",7056,"(French and Swiss, born Switzerland 1944)",NULL,(1944),NULL,(male),1980-81,"Ink and cut-and-pasted gelatin silver photographs on tracing paper","19 x 31" (48.3 x 78.7 cm)","Purchase and partial gift of the architect in honor of Lily Auchincloss",9.1995.13,Architecture,"Architecture & Design",1995-01-17,yes,59,https://www.moma.org/collection/works/59,https://www.moma.org/media/W1siZiIsIjUyNzc4MCJdLFsicCIsImNvbnZlcnQiLCItcmVzaXplIDEwMjR4MTAyNFx1MDAzZSJdXQ.jpg?sha=772a98fc2246d8de,NULL,NULL,NULL,NULL,48.30,NULL,NULL,78.70,NULL,NULL
"The Manhattan Transcripts Project, New York, New York, Episode 4: The Block","Bernard Tschumi",7056,"(French and Swiss, born Switzerland 1944)",NULL,(1944),NULL,(male),1980-81,"Ink and cut-and-pasted gelatin silver photographs on tracing paper","19 x 31" (48.3 x 78.7 cm)","Purchase and partial gift of the architect in honor of Lily Auchincloss",9.1995.14,Architecture,"Architecture & Design",1995-01-17,yes,60,https://www.moma.org/collection/works/60,https://www.moma.org/media/W1siZiIsIjUyNzc4MSJdLFsicCIsImNvbnZlcnQiLCItcmVzaXplIDEwMjR4MTAyNFx1MDAzZSJdXQ.jpg?sha=3cc8338ad2209105,NULL,NULL,NULL,NULL,48.30,NULL,NULL,78.70,NULL,NULL
"The Manhattan Transcripts Project, New York, New York, Episode 4: The Block","Bernard Tschumi",7056,"(French and Swiss, born Switzerland 1944)",NULL,(1944),NULL,(male),1980-81,"Ink on tracing paper","19 x 31" (48.3 x 78.7 cm)","Purchase and partial gift of the architect in honor of Lily Auchincloss",9.1995.2,Architecture,"Architecture & Design",1995-01-17,yes,61,https://www.moma.org/collection/works/61,https://www.moma.org/media/W1siZiIsIjUyNzc4MiJdLFsicCIsImNvbnZlcnQiLCItcmVzaXplIDEwMjR4MTAyNFx1MDAzZSJdXQ.jpg?sha=7e41b4a2372d8ca5,NULL,NULL,NULL,NULL,48.30,NULL,NULL,78.70,NULL,NULL
"The Manhattan Transcripts Project, New York, New York, Episode 4: The Block,","Bernard Tschumi",7056,"(French and Swiss, born Switzerland 1944)",NULL,(1944),NULL,(male),1980-81,"Ink and cut-and-pasted gelatin silver photographs on tracing paper","19 x 31" (48.3 x 78.7 cm)","Purchase and partial gift of the architect in honor of Lily Auchincloss",9.1995.3,Architecture,"Architecture & Design",1995-01-17,yes,62,https://www.moma.org/collection/works/62,https://www.moma.org/media/W1siZiIsIjUyNzc4MyJdLFsicCIsImNvbnZlcnQiLCItcmVzaXplIDEwMjR4MTAyNFx1MDAzZSJdXQ.jpg?sha=781f25777c6f48f5,NULL,NULL,NULL,NULL,48.30,NULL,NULL,78.70,NULL,NULL
"The Manhattan Transcripts Project, New York, New York, Episode 4: The Block","Bernard Tschumi",7056,"(French and Swiss, born Switzerland 1944)",NULL,(1944),NULL,(male),1980-81,"Ink and cut-and-pasted gelatin silver photographs on tracing paper","19 x 31" (48.3 x 78.7 cm)","Purchase and partial gift of the architect in honor of Lily Auchincloss",9.1995.4,Architecture,"Architecture & Design",1995-01-17,yes,63,https://www.moma.org/collection/works/63,https://www.moma.org/media/W1siZiIsIjUyNzc4NCJdLFsicCIsImNvbnZlcnQiLCItcmVzaXplIDEwMjR4MTAyNFx1MDAzZSJdXQ.jpg?sha=3934f564c43478ea,NULL,NULL,NULL,NULL,48.30,NULL,NULL,78.70,NULL,NULL
"The Manhattan Transcripts Project, New York, New York , Episode 4: The Block","Bernard Tschumi",7056,"(French and Swiss, born Switzerland 1944)",NULL,(1944),NULL,(male),1980-81,"Ink and cut-and-pasted gelatin silver photographs on tracing paper","19 x 31" (48.3 x 78.7 cm)","Purchase and partial gift of the architect in honor of Lily Auchincloss",9.1995.5,Architecture,"Architecture & Design",1995-01-17,yes,64,https://www.moma.org/collection/works/64,https://www.moma.org/media/W1siZiIsIjUyNzc4NSJdLFsicCIsImNvbnZlcnQiLCItcmVzaXplIDEwMjR4MTAyNFx1MDAzZSJdXQ.jpg?sha=1315fd2a5e0e1cf9,NULL,NULL,NULL,NULL,48.30,NULL,NULL,78.70,NULL,NULL
"The Manhattan Transcripts Project, New York, New York, Episode 4: The Block","Bernard Tschumi",7056,"(French and Swiss, born Switzerland 1944)",NULL,(1944),NULL,(male),1980-81,"Ink and cut-and-pasted gelatin silver photographs on tracing paper","19 x 31" (48.3 x 78.7 cm)","Purchase and partial gift of the architect in honor of Lily Auchincloss",9.1995.6,Architecture,"Architecture & Design",1995-01-17,yes,65,https://www.moma.org/collection/works/65,https://www.moma.org/media/W1siZiIsIjUyNzc4NiJdLFsicCIsImNvbnZlcnQiLCItcmVzaXplIDEwMjR4MTAyNFx1MDAzZSJdXQ.jpg?sha=9306c7f67f4869bb,NULL,NULL,NULL,NULL,48.30,NULL,NULL,78.70,NULL,NULL
"The Manhattan Transcripts Project, New York, New York, Episode 4: The Block","Bernard Tschumi",7056,"(French and Swiss, born Switzerland 1944)",NULL,(1944),NULL,(male),1980-81,"Ink and cut-and-pasted gelatin silver photographs on tracing paper","19 x 31" (48.3 x 78.7 cm)","Purchase and partial gift of the architect in honor of Lily Auchincloss",9.1995.7,Architecture,"Architecture & Design",1995-01-17,yes,66,https://www.moma.org/collection/works/66,https://www.moma.org/media/W1siZiIsIjUyNzc4NyJdLFsicCIsImNvbnZlcnQiLCItcmVzaXplIDEwMjR4MTAyNFx1MDAzZSJdXQ.jpg?sha=1be5ad50cd1b8133,NULL,NULL,NULL,NULL,48.30,NULL,NULL,78.70,NULL,NULL
"The Manhattan Transcripts Project, New York, New York, Episode 4: The Block","Bernard Tschumi",7056,"(French and Swiss, born Switzerland 1944)",NULL,(1944),NULL,(male),1980-81,"Ink and cut-and-pasted gelatin silver photographs on tracing paper","19 x 31" (48.3 x 78.7 cm)","Purchase and partial gift of the architect in honor of Lily Auchincloss",9.1995.8,Architecture,"Architecture & Design",1995-01-17,yes,67,https://www.moma.org/collection/works/67,https://www.moma.org/media/W1siZiIsIjUyNzc4OCJdLFsicCIsImNvbnZlcnQiLCItcmVzaXplIDEwMjR4MTAyNFx1MDAzZSJdXQ.jpg?sha=6c377d9c27b26671,NULL,NULL,NULL,NULL,48.30,NULL,NULL,78.70,NULL,NULL
"The Manhattan Transcripts Project, New York, New York, Episode 4: The Block","Bernard Tschumi",7056,"(French and Swiss, born Switzerland 1944)",NULL,(1944),NULL,(male),1980-81,"Ink and cut-and-pasted gelatin silver photographs on tracing paper","19 x 31" (48.3 x 78.7 cm)","Purchase and partial gift of the architect in honor of Lily Auchincloss",9.1995.9,Architecture,"Architecture & Design",1995-01-17,yes,68,https://www.moma.org/collection/works/68,https://www.moma.org/media/W1siZiIsIjUyNzc4OSJdLFsicCIsImNvbnZlcnQiLCItcmVzaXplIDEwMjR4MTAyNFx1MDAzZSJdXQ.jpg?sha=ee2de5ec9a69578c,NULL,NULL,NULL,NULL,48.30,NULL,NULL,78.70,NULL,NULL
"Concert Hall Project, Dresden, Germany (Interior perspective of preliminary scheme)","Hans Poelzig",8100,"(German, 1869–1936)",(German),(1869),(1936),(male),1918,"Colored pencil and graphite on tracing paper","14 5/8 x 16 1/8" (37.1 x 41 cm)","Gift of Henry G. Proskauer",1087.2009,Architecture,"Architecture & Design",1966-01-11,yes,76,https://www.moma.org/collection/works/76,https://www.moma.org/media/W1siZiIsIjE2NjgxMCJdLFsicCIsImNvbnZlcnQiLCItcmVzaXplIDEwMjR4MTAyNFx1MDAzZSJdXQ.jpg?sha=502183071bf324f1,NULL,NULL,NULL,NULL,37.10,NULL,NULL,41.00,NULL,NULL
"Earth-Cloud House, project","Raimund Abraham",47,"(American, born Austria. 1933–2010)",(American),(1933),(2010),(male),1970,Graphite,"34 3/8 x 53 1/2" (87.3 x 135.9 cm)","Gift of Philip Johnson",19.1980,Architecture,"Architecture & Design",1980-01-08,yes,79,https://www.moma.org/collection/works/79,https://www.moma.org/media/W1siZiIsIjUyMDg2NyJdLFsicCIsImNvbnZlcnQiLCItcmVzaXplIDEwMjR4MTAyNFx1MDAzZSJdXQ.jpg?sha=99e4dd238fa29222,NULL,NULL,NULL,NULL,87.31,NULL,NULL,135.89,NULL,NULL
"House IV Project, Falls Village, Connecticut (Multiple axonometrics)","Peter Eisenman, Robert Cole","6969, 8134","(American, born 1932)","(American) ()","(1932) (0)",NULL,"(male) (male)",1975,"Ink and color ink on frosted polymer sheet","13 3/4 x 44 5/8" (34.9 x 113.3 cm)","Gift of Philip Johnson",20.1980,Architecture,"Architecture & Design",1980-01-08,yes,81,https://www.moma.org/collection/works/81,https://www.moma.org/media/W1siZiIsIjIxMDA0MSJdLFsicCIsImNvbnZlcnQiLCItcmVzaXplIDEwMjR4MTAyNFx1MDAzZSJdXQ.jpg?sha=013146b1f3121730,NULL,NULL,NULL,NULL,34.93,NULL,NULL,113.35,NULL,NULL
"Villa dall'Ava, Paris (Saint-Cloud), France, Exterior perspective","Rem Koolhaas, Madelon Vriesendorp","6956, 6957","(Dutch, born 1944) (Dutch, born 1945)","(Dutch) (Dutch)","(1944) (1945)",NULL,"(male) (female)",1987,"Synthetic polymer paint and ink on paper","25 x 39" (63.5 x 99.1 cm)","Gift of Max Underwood",21.2000,Architecture,"Architecture & Design",2000-01-19,yes,82,https://www.moma.org/collection/works/82,https://www.moma.org/media/W1siZiIsIjUzMDUxNyJdLFsicCIsImNvbnZlcnQiLCItcmVzaXplIDEwMjR4MTAyNFx1MDAzZSJdXQ.jpg?sha=c4d03db9aaa2de17,NULL,NULL,NULL,NULL,63.50,NULL,NULL,99.06,NULL,NULL
"Pedestrian City project, Hypostyle Courtyard (Structural details)","Roger C. Ferri",1863,"(American, 1949–1991)",(American),(1949),(1991),(male),1979,"Ink and pastel on paper","55 3/4" x 43 5/8" (141.6 x 110.8 cm)","National Endowment for the Arts Project Funds",21.1980,Architecture,"Architecture & Design",1980-01-08,yes,84,https://www.moma.org/collection/works/84,https://www.moma.org/media/W1siZiIsIjIxMDA0NCJdLFsicCIsImNvbnZlcnQiLCItcmVzaXplIDEwMjR4MTAyNFx1MDAzZSJdXQ.jpg?sha=f16f70a93b62994a,NULL,NULL,NULL,NULL,141.60,NULL,NULL,110.80,NULL,NULL
"Parc de la Villette, Le Case Vide, Paris, France (Axonometric of folly)","Bernard Tschumi",7056,"(French and Swiss, born Switzerland 1944)",NULL,(1944),NULL,(male),1984,"Pen, ink, gouache, and airbrush on paper","37 3/16 x 37 5/16" (94.5 x 94.8 cm)","Gift of the Peter Norton Family Foundation",22.2000,Architecture,"Architecture & Design",2000-01-19,yes,85,https://www.moma.org/collection/works/85,NULL,NULL,NULL,NULL,NULL,94.46,NULL,NULL,94.77,NULL,NULL
"Pedestrian City project, Hypostyle Courtyard (Developed plan and section elevations)","Roger C. Ferri",1863,"(American, 1949–1991)",(American),(1949),(1991),(male),1979,"Ink and pastel on paper","55 3/4 x 43 5/8" (141.6 x 110.8 cm)","National Endowment for the Arts Project Funds",22.1980,Architecture,"Architecture & Design",1980-01-08,yes,87,https://www.moma.org/collection/works/87,https://www.moma.org/media/W1siZiIsIjUyMDg2OCJdLFsicCIsImNvbnZlcnQiLCItcmVzaXplIDEwMjR4MTAyNFx1MDAzZSJdXQ.jpg?sha=02cdcaea15760fb7,NULL,NULL,NULL,NULL,141.61,NULL,NULL,110.81,NULL,NULL
"Parc de la Villette, Paris, France, Aerial perspective of follies","Bernard Tschumi",7056,"(French and Swiss, born Switzerland 1944)",NULL,(1944),NULL,(male),1986,"Pen, ink, and gouache on paper","27 1/4 x 39 1/4" (69.2 x 99.7 cm)","Takeo Ohbayashi Purchase Fund",23.2000,Architecture,"Architecture & Design",2000-01-19,yes,88,https://www.moma.org/collection/works/88,https://www.moma.org/media/W1siZiIsIjUzMDUzMyJdLFsicCIsImNvbnZlcnQiLCItcmVzaXplIDEwMjR4MTAyNFx1MDAzZSJdXQ.jpg?sha=517802b6e1323ff5,NULL,NULL,NULL,NULL,69.22,NULL,NULL,99.70,NULL,NULL
"Pedestrian City project, Hypostyle Courtyard (Perspective)","Roger C. Ferri",1863,"(American, 1949–1991)",(American),(1949),(1991),(male),1979,"Pastel on paper","44 3/8 x 44 5/8" (112.7 x 113.3 cm)","National Endowment for the Arts Project Funds",23.1980,Architecture,"Architecture & Design",1980-01-08,yes,90,https://www.moma.org/collection/works/90,https://www.moma.org/media/W1siZiIsIjUyMDg2OSJdLFsicCIsImNvbnZlcnQiLCItcmVzaXplIDEwMjR4MTAyNFx1MDAzZSJdXQ.jpg?sha=6780c0c03e88fa4d,NULL,NULL,NULL,NULL,112.71,NULL,NULL,113.35,NULL,NULL
"Fargo-Moorhead Cultural Center Bridge, project, Fargo, North Dakota and Moorhead, Minnesota, South elevation","Michael Graves",2308,"(American, 1934–2015)",(American),(1934),(2015),(male),1978,"Graphite and crayon on yellow tracing paper","11 7/8 x 11 7/8" (30.2 x 30.2 cm)","Lily Auchincloss Fund",24.1980,Architecture,"Architecture & Design",1980-01-08,yes,92,https://www.moma.org/collection/works/92,https://www.moma.org/media/W1siZiIsIjUyMDg3MCJdLFsicCIsImNvbnZlcnQiLCItcmVzaXplIDEwMjR4MTAyNFx1MDAzZSJdXQ.jpg?sha=6429f22e6e28a1fe,NULL,NULL,NULL,NULL,30.20,NULL,NULL,30.20,NULL,NULL
"Vacation House Project, Aspen, Colorado, Elevations, interior and exterior perspectives and plan","Michael Graves",2308,"(American, 1934–2015)",(American),(1934),(2015),(male),1978,"Ink and graphite on paper","23 1/2 x 23 5/8" (59.7 x 60 cm)","Gift of Philip Johnson",25.1980,Architecture,"Architecture & Design",1980-01-08,yes,94,https://www.moma.org/collection/works/94,https://www.moma.org/media/W1siZiIsIjUyMDg3NiJdLFsicCIsImNvbnZlcnQiLCItcmVzaXplIDEwMjR4MTAyNFx1MDAzZSJdXQ.jpg?sha=856377de23ecf6b4,NULL,NULL,NULL,NULL,59.70,NULL,NULL,60.00,NULL,NULL
"French & Company, project, New York (Manhattan), New York, Facade study","Michael Graves",2308,"(American, 1934–2015)",(American),(1934),(2015),(male),1978,"Graphite, ink and crayon on paper","10 7/8 x 10 3/4" (27.6 x 27.3 cm)
","Gift of Philip Johnson",26.1980,Architecture,"Architecture & Design",1980-01-08,yes,96,https://www.moma.org/collection/works/96,https://www.moma.org/media/W1siZiIsIjUyMDg4NCJdLFsicCIsImNvbnZlcnQiLCItcmVzaXplIDEwMjR4MTAyNFx1MDAzZSJdXQ.jpg?sha=1b4d92434f9bd739,NULL,NULL,NULL,NULL,27.60,NULL,NULL,27.30,NULL,NULL
"Vacation House, project, Aspen, Colorado, Fireplace","Michael Graves",2308,"(American, 1934–2015)",(American),(1934),(2015),(male),1978,"Graphite and Prismacolor crayon on tracing paper","8 x 8" (20.3 x 20.3 cm)
","Gift of Philip Johnson",27.1980,Architecture,"Architecture & Design",1980-01-08,yes,98,https://www.moma.org/collection/works/98,https://www.moma.org/media/W1siZiIsIjUyMDg5MyJdLFsicCIsImNvbnZlcnQiLCItcmVzaXplIDEwMjR4MTAyNFx1MDAzZSJdXQ.jpg?sha=4f59799f221af090,NULL,NULL,NULL,NULL,20.30,NULL,NULL,20.30,NULL,NULL
"Regional Administrative Center, project "Trieste e una Donna." , Trieste, Italy, Competition design: Elevation and section","Aldo Rossi, Gianni Braghieri, M. Bosshard","7661, 8131, 8180","(Italian, 1931–1997) (Italian, born 1945) (Italian)","(Italian) (Italian) (Italian)","(1931) (1945) (0)","(1997) (0) (0)","(male) (male) (male)",1974,"Rubbed ink and pastel on whiteprint","28 1/2 x 36" (72.4 x 91.4 cm)","Philip Johnson Fund",28.1980,Architecture,"Architecture & Design",1980-01-08,yes,100,https://www.moma.org/collection/works/100,https://www.moma.org/media/W1siZiIsIjUyMDkwMCJdLFsicCIsImNvbnZlcnQiLCItcmVzaXplIDEwMjR4MTAyNFx1MDAzZSJdXQ.jpg?sha=798c6ede03994320,NULL,NULL,NULL,NULL,72.40,NULL,NULL,91.40,NULL,NULL
"Misc. objects","Ludwig Mies van der Rohe",7166,"(American, born Germany. 1886–1969)",(American),(1886),(1969),(male),n.d.,NULL,NULL,"Mies van der Rohe Archive, gift of Ludwig Glaeser",29.1980.1-248,"Mies van der Rohe Archive","Architecture & Design",1980-01-08,no,102,NULL,NULL,NULL,NULL,NULL,NULL,NULL,NULL,NULL,NULL,NULL,NULL
"Villa Snellman, Djursholm, Sweden, Elevation of garden facade, sketch","Erik Gunnar Asplund",27,"(Swedish, 1885–1940)",(Swedish),(1885),(1940),(male),"c. 1917","Graphite and crayon on tracing paper mounted on board","9 1/8 x 13 3/4" (23.2 x 34.9 cm)","Gift of Mr. and Mrs. Edward Larrabee Barnes, Roblee McCarthy, Jr., Jeffrey P. Klein Purchase Fund, and purchase",33.1990,Architecture,"Architecture & Design",1990-01-17,yes,107,https://www.moma.org/collection/works/107,https://www.moma.org/media/W1siZiIsIjUyNzA5NCJdLFsicCIsImNvbnZlcnQiLCItcmVzaXplIDEwMjR4MTAyNFx1MDAzZSJdXQ.jpg?sha=06da84ebc49aeaf6,NULL,NULL,NULL,NULL,23.20,NULL,NULL,34.90,NULL,NULL
"Villa Snellman, Djursholm, Sweden, Exterior elevation","Erik Gunnar Asplund",27,"(Swedish, 1885–1940)",(Swedish),(1885),(1940),(male),1917,"Ink on ozalid","12 1/4 x 24 3/8" (31.1 x 61.9 cm)","Gift of Mr. and Mrs. Edward Larrabee Barnes, Roblee McCarthy, Jr., Jeffrey P. Klein Purchase Fund, and purchase",34.1990,Architecture,"Architecture & Design",1990-01-17,yes,109,https://www.moma.org/collection/works/109,https://www.moma.org/media/W1siZiIsIjUyNzA5NiJdLFsicCIsImNvbnZlcnQiLCItcmVzaXplIDEwMjR4MTAyNFx1MDAzZSJdXQ.jpg?sha=7977c78f205fae22,NULL,NULL,NULL,NULL,31.10,NULL,NULL,61.90,NULL,NULL
"Villa Snellman, Djursholm, Sweden, Exterior elevation","Erik Gunnar Asplund",27,"(Swedish, 1885–1940)",(Swedish),(1885),(1940),(male),1917,"Ink on ozalid","12 1/2 x 24 1/4" (31.8 x 61.6 cm)","Gift of Mr. and Mrs. Edward Larrabee Barnes, Roblee McCarthy, Jr., Jeffrey P. Klein Purchase Fund, and purchase",35.1990,Architecture,"Architecture & Design",1990-01-17,yes,111,https://www.moma.org/collection/works/111,https://www.moma.org/media/W1siZiIsIjUyNzA5NyJdLFsicCIsImNvbnZlcnQiLCItcmVzaXplIDEwMjR4MTAyNFx1MDAzZSJdXQ.jpg?sha=df653b6a5395d624,NULL,NULL,NULL,NULL,31.80,NULL,NULL,61.60,NULL,NULL
"Villa Snellman, Djursholm, Sweden, Site plan","Erik Gunnar Asplund",27,"(Swedish, 1885–1940)",(Swedish),(1885),(1940),(male),1917,"Graphite and crayon on tracing paper mounted on board","15 1/2 x 13 3/8" (39.4 x 34 cm)","Gift of Mr. and Mrs. Edward Larrabee Barnes, Roblee McCarthy, Jr., Jeffrey P. Klein Purchase Fund, and purchase",36.1990,Architecture,"Architecture & Design",1990-01-17,yes,113,https://www.moma.org/collection/works/113,https://www.moma.org/media/W1siZiIsIjUyNzA5OCJdLFsicCIsImNvbnZlcnQiLCItcmVzaXplIDEwMjR4MTAyNFx1MDAzZSJdXQ.jpg?sha=5e60a6e2f81f0a41,NULL,NULL,NULL,NULL,39.40,NULL,NULL,34.00,NULL,NULL
"Villa Snellman, Djursholm, Sweden, Ground-floor plan","Erik Gunnar Asplund",27,"(Swedish, 1885–1940)",(Swedish),(1885),(1940),(male),1917,"Ink on ozalid","22 1/2 x 24 5/8" (57.2 x 62.5 cm)","Gift of Mr. and Mrs. Edward Larrabee Barnes, Roblee McCarthy, Jr., Jeffrey P. Klein Purchase Fund, and purchase",37.1990,Architecture,"Architecture & Design",1990-01-17,yes,115,https://www.moma.org/collection/works/115,https://www.moma.org/media/W1siZiIsIjUyNzExNiJdLFsicCIsImNvbnZlcnQiLCItcmVzaXplIDEwMjR4MTAyNFx1MDAzZSJdXQ.jpg?sha=c6d59210022cc197,NULL,NULL,NULL,NULL,57.20,NULL,NULL,62.50,NULL,NULL
"Villa Snellman, Djursholm, Sweden, Second-floor plan","Erik Gunnar Asplund",27,"(Swedish, 1885–1940)",(Swedish),(1885),(1940),(male),1917,"Ink on ozalid","22 1/4 x 24 1/2" (56.5 x 62.2 cm)","Gift of Mr. and Mrs. Edward Larrabee Barnes, Roblee McCarthy, Jr., Jeffrey P. Klein Purchase Fund, and purchase",38.1990,Architecture,"Architecture & Design",1990-01-17,yes,117,https://www.moma.org/collection/works/117,https://www.moma.org/media/W1siZiIsIjUyNzExOSJdLFsicCIsImNvbnZlcnQiLCItcmVzaXplIDEwMjR4MTAyNFx1MDAzZSJdXQ.jpg?sha=6e82cdd45cb18a10,NULL,NULL,NULL,NULL,56.50,NULL,NULL,62.20,NULL,NULL
"Skandia Cinema, Stockholm, Sweden, Elevation of front of auditorium","Erik Gunnar Asplund",27,"(Swedish, 1885–1940)",(Swedish),(1885),(1940),(male),1923,"Ink on paper mounted on board","22 3/8" x 31 1/4" (56.8 x 79.4 cm)","Gift of Ira Levy, Mrs. Donald B. Marron, and purchase",39.1990,Architecture,"Architecture & Design",1990-01-17,yes,119,https://www.moma.org/collection/works/119,https://www.moma.org/media/W1siZiIsIjUyNzEyMiJdLFsicCIsImNvbnZlcnQiLCItcmVzaXplIDEwMjR4MTAyNFx1MDAzZSJdXQ.jpg?sha=e8913ad6e5c725ca,NULL,NULL,NULL,NULL,56.80,NULL,NULL,79.40,NULL,NULL
"Skandia Cinema, Stockholm, Sweden, Elevation of rear of auditorium","Erik Gunnar Asplund",27,"(Swedish, 1885–1940)",(Swedish),(1885),(1940),(male),1923,"Ink on paper mounted on board","22 1/2 x 31 1/8" (57.2 x 79.1 cm)","Gift of Ira Levy, Mrs. Donald B. Marron, and purchase",40.1990,Architecture,"Architecture & Design",1990-01-17,yes,121,https://www.moma.org/collection/works/121,https://www.moma.org/media/W1siZiIsIjUyNzEyNiJdLFsicCIsImNvbnZlcnQiLCItcmVzaXplIDEwMjR4MTAyNFx1MDAzZSJdXQ.jpg?sha=cdfe2c3295a43d3a,NULL,NULL,NULL,NULL,57.20,NULL,NULL,79.10,NULL,NULL
"Skandia Cinema, Stockholm, Sweden, Plan of ground floor","Erik Gunnar Asplund",27,"(Swedish, 1885–1940)",(Swedish),(1885),(1940),(male),1923,"Ink on paper mounted on board","18 7/8 x 21 3/4" (47.9 x 55.2 cm)
","Gift of Ira Levy, Mrs. Donald B. Marron, and purchase",41.1990,Architecture,"Architecture & Design",1990-01-17,yes,123,https://www.moma.org/collection/works/123,https://www.moma.org/media/W1siZiIsIjUyNzE0MSJdLFsicCIsImNvbnZlcnQiLCItcmVzaXplIDEwMjR4MTAyNFx1MDAzZSJdXQ.jpg?sha=561b84ed5469548b,NULL,NULL,NULL,NULL,47.90,NULL,NULL,55.20,NULL,NULL
"Skandia Cinema, Stockholm, Sweden, Floor plan of mezzanine","Erik Gunnar Asplund",27,"(Swedish, 1885–1940)",(Swedish),(1885),(1940),(male),1923,"Ink on paper mounted on board","18 7/8 x 21 7/8" (47.9 x 55.5 cm)","Gift of Ira Levy, Mrs. Donald B. Marron, and purchase",42.1990,Architecture,"Architecture & Design",1990-01-17,yes,125,https://www.moma.org/collection/works/125,https://www.moma.org/media/W1siZiIsIjUyNzE0OSJdLFsicCIsImNvbnZlcnQiLCItcmVzaXplIDEwMjR4MTAyNFx1MDAzZSJdXQ.jpg?sha=441a9f87c4afe115,NULL,NULL,NULL,NULL,47.90,NULL,NULL,55.50,NULL,NULL
"Skandia Cinema, Stockholm, Sweden, Perspective of staircase","Erik Gunnar Asplund",27,"(Swedish, 1885–1940)",(Swedish),(1885),(1940),(male),Unknown,"Ink and graphite on tracing paper mounted on board","13 x 11 3/4" (33 x 29.8 cm)","Gift of Ira Levy, Mrs. Donald B. Marron, and purchase",43.1990,Architecture,"Architecture & Design",1990-01-17,yes,126,https://www.moma.org/collection/works/126,https://www.moma.org/media/W1siZiIsIjUyNzE1MCJdLFsicCIsImNvbnZlcnQiLCItcmVzaXplIDEwMjR4MTAyNFx1MDAzZSJdXQ.jpg?sha=ee5b21ccd1fbc3f5,NULL,NULL,NULL,NULL,33.00,NULL,NULL,29.80,NULL,NULL
"Skandia Cinema, Stockholm, Sweden, Perspective of promenade","Erik Gunnar Asplund",27,"(Swedish, 1885–1940)",(Swedish),(1885),(1940),(male),Unknown,"Graphite on tracing paper mounted on board","8 1/4 x 10 1/2" (21 x 26.7 cm)","Gift of Ira Levy, Mrs. Donald B. Marron, and purchase",44.1990,Architecture,"Architecture & Design",1990-01-17,yes,128,https://www.moma.org/collection/works/128,https://www.moma.org/media/W1siZiIsIjUyNzE1MiJdLFsicCIsImNvbnZlcnQiLCItcmVzaXplIDEwMjR4MTAyNFx1MDAzZSJdXQ.jpg?sha=75f51a2357d7a5dc,NULL,NULL,NULL,NULL,21.00,NULL,NULL,26.70,NULL,NULL
"Public Library, Stockholm, Sweden, Elevation of front facade","Erik Gunnar Asplund",27,"(Swedish, 1885–1940)",(Swedish),(1885),(1940),(male),Unknown,"Ink on paper","36 x 36 3/4" (91.4 x 93.3 cm)","Gift of Marshall Cogan and purchase",45.1990,Architecture,"Architecture & Design",1990-01-17,yes,130,https://www.moma.org/collection/works/130,https://www.moma.org/media/W1siZiIsIjIxMDEwNyJdLFsicCIsImNvbnZlcnQiLCItcmVzaXplIDEwMjR4MTAyNFx1MDAzZSJdXQ.jpg?sha=0af2a9f34c3bbdc2,NULL,NULL,NULL,NULL,91.40,NULL,NULL,93.30,NULL,NULL
"Public Library, Stockholm, Sweden, Elevation of west facade","Erik Gunnar Asplund",27,"(Swedish, 1885–1940)",(Swedish),(1885),(1940),(male),Unknown,"Ink on paper with paper backing","35 3/4 x 36 5/8" (90.8 x 93 cm)","Gift of Marshall Cogan and purchase",46.1990,Architecture,"Architecture & Design",1990-01-17,yes,131,https://www.moma.org/collection/works/131,https://www.moma.org/media/W1siZiIsIjUyNzE1NSJdLFsicCIsImNvbnZlcnQiLCItcmVzaXplIDEwMjR4MTAyNFx1MDAzZSJdXQ.jpg?sha=e01f3d38992627ec,NULL,NULL,NULL,NULL,90.80,NULL,NULL,93.00,NULL,NULL
"Public Library, Stockholm, Sweden, Section","Erik Gunnar Asplund",27,"(Swedish, 1885–1940)",(Swedish),(1885),(1940),(male),Unknown,"Ink on paper with paper backing","35 1/2 x 36 7/8" (90.2 x 93.7 cm)","Gift of Marshall Cogan and purchase",47.1990,Architecture,"Architecture & Design",1990-01-17,yes,132,https://www.moma.org/collection/works/132,https://www.moma.org/media/W1siZiIsIjUyNzE1NyJdLFsicCIsImNvbnZlcnQiLCItcmVzaXplIDEwMjR4MTAyNFx1MDAzZSJdXQ.jpg?sha=d9a535f5ba6a60fa,NULL,NULL,NULL,NULL,90.20,NULL,NULL,93.70,NULL,NULL
"Public Library, Stockholm, Sweden, Plan of first and second galleries","Erik Gunnar Asplund",27,"(Swedish, 1885–1940)",(Swedish),(1885),(1940),(male),Unknown,"Ink on paper","35 3/4 x 35 3/4" (90.8 x 90.8 cm)","Gift of Marshall Cogan and purchase",48.1990,Architecture,"Architecture & Design",1990-01-17,yes,133,https://www.moma.org/collection/works/133,https://www.moma.org/media/W1siZiIsIjUyNzE2NCJdLFsicCIsImNvbnZlcnQiLCItcmVzaXplIDEwMjR4MTAyNFx1MDAzZSJdXQ.jpg?sha=d6347109afdc7d92,NULL,NULL,NULL,NULL,90.80,NULL,NULL,90.80,NULL,NULL
"Stockholm Exhibition, Stockholm, Sweden (Elevation of advertising tower)","Erik Gunnar Asplund",27,"(Swedish, 1885–1940)",(Swedish),(1885),(1940),(male),1930,"Gouache on board","20 3/4 x 13" (52.7 x 33 cm)","Gift of Frederieke Taylor and purchase",49.1990,Architecture,"Architecture & Design",1990-01-17,yes,134,https://www.moma.org/collection/works/134,https://www.moma.org/media/W1siZiIsIjUyNzE3NCJdLFsicCIsImNvbnZlcnQiLCItcmVzaXplIDEwMjR4MTAyNFx1MDAzZSJdXQ.jpg?sha=b6614f6d0f28e869,NULL,NULL,NULL,NULL,52.70,NULL,NULL,33.00,NULL,NULL
"Law Courts Annex, Gothenburg, Sweden, Exterior elevation","Erik Gunnar Asplund",27,"(Swedish, 1885–1940)",(Swedish),(1885),(1940),(male),1936,"Graphite on tracing paper","12 x 27 3/4" (30.5 x 70.5 cm)","Gift of Richard S. Zeisler, Richard Kahan, and purchase",50.1990,Architecture,"Architecture & Design",1990-01-17,yes,135,https://www.moma.org/collection/works/135,https://www.moma.org/media/W1siZiIsIjUyNzE4MiJdLFsicCIsImNvbnZlcnQiLCItcmVzaXplIDEwMjR4MTAyNFx1MDAzZSJdXQ.jpg?sha=d76e8038af1f8c58,NULL,NULL,NULL,NULL,30.50,NULL,NULL,70.50,NULL,NULL
"Law Courts Annex, Gothenburg, Sweden, Plan of courtroom and section of desk","Erik Gunnar Asplund",27,"(Swedish, 1885–1940)",(Swedish),(1885),(1940),(male),Unknown,"Ink on paper","15 1/2 x 20 1/8" (39.4 x 51.1 cm)","Gift of Richard S. Zeisler, Richard Kahan, and purchase",51.1990,Architecture,"Architecture & Design",1990-01-17,yes,136,https://www.moma.org/collection/works/136,https://www.moma.org/media/W1siZiIsIjUyNzE4OCJdLFsicCIsImNvbnZlcnQiLCItcmVzaXplIDEwMjR4MTAyNFx1MDAzZSJdXQ.jpg?sha=b08c53d39cd43422,NULL,NULL,NULL,NULL,39.40,NULL,NULL,51.10,NULL,NULL
"Woodland Crematorium, Stockholm, Sweden, Second version: section and two exterior elevations","Erik Gunnar Asplund",27,"(Swedish, 1885–1940)",(Swedish),(1885),(1940),(male),1935,"Graphite on tracing paper mounted on board","12 x 32 7/8" (30.5 x 83.5 cm)","Gift of Blanchette Hooker Rockefeller, Mrs. Gifford Phillips, Celeste and Armand P. Bartos, Mrs. S. I. Newhouse, Jr., and purchase",52.1990,Architecture,"Architecture & Design",1990-01-17,yes,137,https://www.moma.org/collection/works/137,https://www.moma.org/media/W1siZiIsIjUyNzE5NCJdLFsicCIsImNvbnZlcnQiLCItcmVzaXplIDEwMjR4MTAyNFx1MDAzZSJdXQ.jpg?sha=3065088d2239b125,NULL,NULL,NULL,NULL,30.50,NULL,NULL,83.50,NULL,NULL
"Woodland Crematorium, Woodland Cemetery, Stockholm, Sweden, Second version: exterior elevation","Erik Gunnar Asplund",27,"(Swedish, 1885–1940)",(Swedish),(1885),(1940),(male),1935,"Graphite on tracing paper mounted on board","12 1/8 x 33" (30.8 x 83.8 cm)","Gift of Blanchette Hooker Rockefeller, Mrs. Gifford Phillips, Celeste and Armand P. Bartos, Mrs. S. I. Newhouse, Jr., and purchase",53.1990,Architecture,"Architecture & Design",1990-01-17,yes,138,https://www.moma.org/collection/works/138,https://www.moma.org/media/W1siZiIsIjUyNzE5NSJdLFsicCIsImNvbnZlcnQiLCItcmVzaXplIDEwMjR4MTAyNFx1MDAzZSJdXQ.jpg?sha=3a04e9ba44b54520,NULL,NULL,NULL,NULL,30.80,NULL,NULL,83.80,NULL,NULL
"Woodland Crematorium, Stockholm, Sweden, Second version: exterior elevation","Erik Gunnar Asplund",27,"(Swedish, 1885–1940)",(Swedish),(1885),(1940),(male),1935,"Graphite on tracing paper mounted on board","12 1/8 x 32 7/8" (30.8 x 83.5 cm)","Gift of Blanchette Hooker Rockefeller, Mrs. Gifford Phillips, Celeste and Armand P. Bartos, Mrs. S. I. Newhouse, Jr., and purchase",54.1990,Architecture,"Architecture & Design",1990-01-17,yes,139,https://www.moma.org/collection/works/139,https://www.moma.org/media/W1siZiIsIjUyNzIwMiJdLFsicCIsImNvbnZlcnQiLCItcmVzaXplIDEwMjR4MTAyNFx1MDAzZSJdXQ.jpg?sha=f20be250e2d42ab3,NULL,NULL,NULL,NULL,30.80,NULL,NULL,83.50,NULL,NULL
"Woodland Crematorium, Woodland Cemetery, Stockholm, Sweden, Second version: exterior elevation","Erik Gunnar Asplund",27,"(Swedish, 1885–1940)",(Swedish),(1885),(1940),(male),1935,"Graphite on tracing paper on board","12 1/8 x 33" (30.8 x 83.8 cm)","Gift of Blanchette Hooker Rockefeller, Mrs. Gifford Phillips, Celeste and Armand P. Bartos, Mrs. S. I. Newhouse, Jr., and purchase",55.1990,Architecture,"Architecture & Design",1990-01-17,yes,141,https://www.moma.org/collection/works/141,https://www.moma.org/media/W1siZiIsIjUyNzIwNCJdLFsicCIsImNvbnZlcnQiLCItcmVzaXplIDEwMjR4MTAyNFx1MDAzZSJdXQ.jpg?sha=cc5b538e8e61e52e,NULL,NULL,NULL,NULL,30.80,NULL,NULL,83.30,NULL,NULL
"Woodland Crematorium, Stockholm, Sweden, Second version: exterior elevation and section","Erik Gunnar Asplund",27,"(Swedish, 1885–1940)",(Swedish),(1885),(1940),(male),1935,"Graphite on tracing paper mounted on board","12 1/8 x 33" (30.8 x 83.8 cm)","Gift of Blanchette Hooker Rockefeller, Mrs. Gifford Phillips, Celeste and Armand P. Bartos, Mrs. S. I. Newhouse, Jr., and purchase",56.1990,Architecture,"Architecture & Design",1990-01-17,yes,142,https://www.moma.org/collection/works/142,https://www.moma.org/media/W1siZiIsIjUyNzIwNSJdLFsicCIsImNvbnZlcnQiLCItcmVzaXplIDEwMjR4MTAyNFx1MDAzZSJdXQ.jpg?sha=c8514c3acf3598bb,NULL,NULL,NULL,NULL,30.80,NULL,NULL,83.80,NULL,NULL
"Woodland Crematorium, Stockholm, Sweden, Second version: Two sections","Erik Gunnar Asplund",27,"(Swedish, 1885–1940)",(Swedish),(1885),(1940),(male),1935,"Graphite on tracing paper mounted on board","12 x 32 7/8" (30.5 x 83.5 cm)","Gift of Blanchette Hooker Rockefeller, Mrs. Gifford Phillips, Celeste and Armand P. Bartos, Mrs. S. I. Newhouse, Jr., and purchase",57.1990,Architecture,"Architecture & Design",1990-01-17,yes,143,https://www.moma.org/collection/works/143,https://www.moma.org/media/W1siZiIsIjUyNzIwNyJdLFsicCIsImNvbnZlcnQiLCItcmVzaXplIDEwMjR4MTAyNFx1MDAzZSJdXQ.jpg?sha=4a092fb70a3e252a,NULL,NULL,NULL,NULL,30.50,NULL,NULL,83.50,NULL,NULL
"Woodland Crematorium, Woodland Cemetery, Stockholm, Sweden, Second version: exterior perspective","Erik Gunnar Asplund",27,"(Swedish, 1885–1940)",(Swedish),(1885),(1940),(male),Unknown,"Graphite on tracing paper","10 1/4 x 24 3/4" (26 x 62.9 cm)","Gift of Blanchette Hooker Rockefeller, Mrs. Gifford Phillips, Celeste and Armand P. Bartos, Mrs. S. I. Newhouse, Jr., and purchase",58.1990,Architecture,"Architecture & Design",1990-01-17,yes,144,https://www.moma.org/collection/works/144,https://www.moma.org/media/W1siZiIsIjUyNzIwOCJdLFsicCIsImNvbnZlcnQiLCItcmVzaXplIDEwMjR4MTAyNFx1MDAzZSJdXQ.jpg?sha=5ea5701ecbeba2dc,NULL,NULL,NULL,NULL,26.00,NULL,NULL,62.90,NULL,NULL
"Woodland Crematorium, Woodland Cemetery, Stockholm, Sweden, First version: exterior perspective","Erik Gunnar Asplund",27,"(Swedish, 1885–1940)",(Swedish),(1885),(1940),(male),Unknown,"Graphite on tracing paper","7 3/4 x 18 3/8" (19.7 x 46.7 cm)","Gift of Blanchette Hooker Rockefeller, Mrs. Gifford Phillips, Celeste and Armand P. Bartos, Mrs. S. I. Newhouse, Jr., and purchase",59.1990,Architecture,"Architecture & Design",1990-01-17,yes,145,https://www.moma.org/collection/works/145,https://www.moma.org/media/W1siZiIsIjUyNzIwOSJdLFsicCIsImNvbnZlcnQiLCItcmVzaXplIDEwMjR4MTAyNFx1MDAzZSJdXQ.jpg?sha=a21b7b838c605a94,NULL,NULL,NULL,NULL,19.70,NULL,NULL,46.70,NULL,NULL
"Woodland Crematorium, Stockholm, Sweden, First version: ground floor plan","Erik Gunnar Asplund",27,"(Swedish, 1885–1940)",(Swedish),(1885),(1940),(male),Unknown,"Graphite on tracing paper","16 1/2 x 16 1/2" (41.9 x 41.9 cm)","Gift of Blanchette Hooker Rockefeller, Mrs. Gifford Phillips, Celeste and Armand P. Bartos, Mrs. S. I. Newhouse, Jr., and purchase",60.1990,Architecture,"Architecture & Design",1990-01-17,yes,146,https://www.moma.org/collection/works/146,https://www.moma.org/media/W1siZiIsIjUyNzIxNyJdLFsicCIsImNvbnZlcnQiLCItcmVzaXplIDEwMjR4MTAyNFx1MDAzZSJdXQ.jpg?sha=2372f92d45a0829f,NULL,NULL,NULL,NULL,41.90,NULL,NULL,41.90,NULL,NULL
"Woodland Crematorium, Stockholm, Sweden, Exterior-perspective study","Erik Gunnar Asplund",27,"(Swedish, 1885–1940)",(Swedish),(1885),(1940),(male),Unknown,"Graphite on tracing paper","25 3/4 x 40" (65.4 x 101.6 cm)","Gift of Blanchette Hooker Rockefeller, Mrs. Gifford Phillips, Celeste and Armand P. Bartos, Mrs. S. I. Newhouse, Jr., and purchase",61.1990,Architecture,"Architecture & Design",1990-01-17,yes,147,https://www.moma.org/collection/works/147,https://www.moma.org/media/W1siZiIsIjUyNzIyMCJdLFsicCIsImNvbnZlcnQiLCItcmVzaXplIDEwMjR4MTAyNFx1MDAzZSJdXQ.jpg?sha=e57017042263ef17,NULL,NULL,NULL,NULL,65.40,NULL,NULL,101.60,NULL,NULL
"Woodland Crematorium, Woodland Cemetery, Stockholm, Sweden, Site plan and section, final version","Erik Gunnar Asplund, Sigurd Lewerentz","27, 24452","(Swedish, 1885–1940) (Swedish)","(Swedish) (Swedish)","(1885) (0)","(1940) (0)","(male) (male)",1937,"Graphite on tracing paper","16 1/4 x 37 7/8" (41.3 x 96.2 cm)","Gift of Blanchette Hooker Rockefeller, Mrs. Gifford Phillips, Celeste and Armand P. Bartos, Mrs. S. I. Newhouse, Jr., and purchase",62.1990,Architecture,"Architecture & Design",1990-01-17,yes,148,https://www.moma.org/collection/works/148,https://www.moma.org/media/W1siZiIsIjUyNzIyMiJdLFsicCIsImNvbnZlcnQiLCItcmVzaXplIDEwMjR4MTAyNFx1MDAzZSJdXQ.jpg?sha=12c35cd24dbe6f75,NULL,NULL,NULL,NULL,41.30,NULL,NULL,96.20,NULL,NULL
"Woodland Crematorium, Stockholm, Sweden, Exterior elevation of loggia","Erik Gunnar Asplund",27,"(Swedish, 1885–1940)",(Swedish),(1885),(1940),(male),1937,"Graphite on tracing paper","11 5/8 x 33" (29.5 x 83.8 cm)","Gift of Mrs. John D. Rockefeller, 3rd, Mrs. Gifford Phillips, Celeste and Armand P. Bartos, Mrs. S. I. Newhouse, Jr., and purchase",63.1990,Architecture,"Architecture & Design",1990-01-17,yes,149,https://www.moma.org/collection/works/149,https://www.moma.org/media/W1siZiIsIjUyNzIyNiJdLFsicCIsImNvbnZlcnQiLCItcmVzaXplIDEwMjR4MTAyNFx1MDAzZSJdXQ.jpg?sha=e39459b35aff8be8,NULL,NULL,NULL,NULL,29.50,NULL,NULL,83.80,NULL,NULL
"Woodland Crematorium, Woodland Cemetery, Stockholm, Sweden, Exterior elevation, final version","Erik Gunnar Asplund",27,"(Swedish, 1885–1940)",(Swedish),(1885),(1940),(male),1937,"Ink and graphite on drafting cloth","19 3/8 x 62 1/2" (49.2 x 158.8 cm)","Gift of Blanchette Hooker Rockefeller, Mrs. Gifford Phillips, Celeste and Armand P. Bartos, Mrs. S. I. Newhouse, Jr., and purchase",64.1990,Architecture,"Architecture & Design",1990-01-17,yes,150,https://www.moma.org/collection/works/150,https://www.moma.org/media/W1siZiIsIjUyNzIyNyJdLFsicCIsImNvbnZlcnQiLCItcmVzaXplIDEwMjR4MTAyNFx1MDAzZSJdXQ.jpg?sha=aa187408f7b8f38f,NULL,NULL,NULL,NULL,49.20,NULL,NULL,158.80,NULL,NULL
"Palais de la Découverte Project, Paris, France (Elevation)","Paul Nelson, Oscar Nitzchke, Frantz Jourdain","8102, 4312, 6703","(American, 1895–1979) (American, born Germany. 1900–1991) (French, 1847–1935)","(American) (American) (French)","(1895) (1900) (1847)","(1979) (1991) (1935)","(male) (male) (male)",1938,"Ink and color pencil on paper mounted on board","14 3/4 x 37 1/2 x 1/2" (37.5 x 95.3 x 1.3 cm)","Gift of the architects",98.2013,Architecture,"Architecture & Design",1966-01-01,yes,151,https://www.moma.org/collection/works/151,NULL,NULL,NULL,1.30,NULL,37.50,NULL,NULL,95.30,NULL,NULL
"Palais de la Découverte Project, Paris, France (Longitudinal section)","Paul Nelson, Frantz Jourdain, Oscar Nitzchke","8102, 6703, 4312","(American, 1895–1979) (French, 1847–1935) (American, born Germany. 1900–1991)","(American) (French) (American)","(1895) (1847) (1900)","(1979) (1935) (1991)","(male) (male) (male)",1938,"Ink, graphite, and color pencil on paper, mounted on board","14 3/4 x 37 3/4 x 1/2" (37.5 x 95.9 x 1.3 cm)","Gift of the architects",96.2013,Architecture,"Architecture & Design",1966-01-01,yes,152,https://www.moma.org/collection/works/152,NULL,NULL,NULL,1.30,NULL,37.50,NULL,NULL,95.90,NULL,NULL
"Palais de la Découverte Project, Paris, France (Aerial perspective)","Paul Nelson, Frantz Jourdain, Oscar Nitzchke","8102, 6703, 4312","(American, 1895–1979) (French, 1847–1935) (American, born Germany. 1900–1991)","(American) (French) (American)","(1895) (1847) (1900)","(1979) (1935) (1991)","(male) (male) (male)",1938,"Ink, color ink, graphite, and color pencil on paper mounted on board","28 x 28 x 1/2" (71.1 x 71.1 x 1.3 cm)","Gift of the architects",95.2013,Architecture,"Architecture & Design",1966-01-01,yes,153,https://www.moma.org/collection/works/153,https://www.moma.org/media/W1siZiIsIjUzMTE3NCJdLFsicCIsImNvbnZlcnQiLCItcmVzaXplIDEwMjR4MTAyNFx1MDAzZSJdXQ.jpg?sha=f208c47aa6a9162d,NULL,NULL,1.30,NULL,71.10,NULL,NULL,71.10,NULL,NULL
"Palais de la Découverte Project, Paris, France (Plan of upper level and exhibits)","Paul Nelson, Frantz Jourdain, Oscar Nitzchke","8102, 6703, 4312","(American, 1895–1979) (French, 1847–1935) (American, born Germany. 1900–1991)","(American) (French) (American)","(1895) (1847) (1900)","(1979) (1935) (1991)","(male) (male) (male)",1938,"Ink and graphite on board mounted on board","28 1/4 x 50 1/4" (71. x 127.6 cm)","Gift of the architects",100.2013,Architecture,"Architecture & Design",1966-01-01,yes,154,https://www.moma.org/collection/works/154,NULL,NULL,NULL,NULL,NULL,71.00,NULL,NULL,127.60,NULL,NULL
"Gymnasium-Bridge, project, New York City, New York, Perspective","Steven Holl",2702,"(American, born 1947)",(American),(1947),NULL,(male),1977,"Graphite on paper","13 1/8 x 11 7/8" (33.3 x 30.2 cm)","Roblee McCarthy Fund",83.1989,Architecture,"Architecture & Design",1989-05-16,yes,163,https://www.moma.org/collection/works/163,https://www.moma.org/media/W1siZiIsIjUyNzIzOCJdLFsicCIsImNvbnZlcnQiLCItcmVzaXplIDEwMjR4MTAyNFx1MDAzZSJdXQ.jpg?sha=e3685844459cdb71,NULL,NULL,NULL,NULL,33.30,NULL,NULL,30.20,NULL,NULL
"Gymnasium-Bridge Project, New York, New York, Perspective","Steven Holl",2702,"(American, born 1947)",(American),(1947),NULL,(male),1977,"Ink and graphite on paper","13 1/2 x 22" (34.3 x 55.9 cm)","Roblee McCarthy Fund",84.1989,Architecture,"Architecture & Design",1989-05-16,yes,164,https://www.moma.org/collection/works/164,https://www.moma.org/media/W1siZiIsIjUyNzI0MSJdLFsicCIsImNvbnZlcnQiLCItcmVzaXplIDEwMjR4MTAyNFx1MDAzZSJdXQ.jpg?sha=319f322139bffba0,NULL,NULL,NULL,NULL,34.30,NULL,NULL,55.90,NULL,NULL
"Library and Office Building of Salman Schocken, Jerusalem, Israel, Interior perspectives","Erich Mendelsohn",8219,"(American, born Germany (now Poland). 1887–1953)",(American),(1887),(1953),(male),1935,"Graphite and color pencil on tracing paper","14 x 11 1/2" (35.6 x 29.2 cm)","Gift of Milton Sheingarten",85.2000,Architecture,"Architecture & Design",2000-01-19,yes,165,https://www.moma.org/collection/works/165,https://www.moma.org/media/W1siZiIsIjUzMTA3MSJdLFsicCIsImNvbnZlcnQiLCItcmVzaXplIDEwMjR4MTAyNFx1MDAzZSJdXQ.jpg?sha=c2a71528671496cb,NULL,NULL,NULL,NULL,35.60,NULL,NULL,29.20,NULL,NULL
"Gymnasium Bridge, project, New York City, New York, Plan, site plan, and exterior perspective","Steven Holl",2702,"(American, born 1947)",(American),(1947),NULL,(male),1977,"Graphite on paper","22 x 29 3/4" (55.9 x 75.6 cm)","Roblee McCarthy Fund",85.1989,Architecture,"Architecture & Design",1989-05-16,yes,166,https://www.moma.org/collection/works/166,https://www.moma.org/media/W1siZiIsIjUyNzI0MiJdLFsicCIsImNvbnZlcnQiLCItcmVzaXplIDEwMjR4MTAyNFx1MDAzZSJdXQ.jpg?sha=b0348ddc59ba405a,NULL,NULL,NULL,NULL,55.90,NULL,NULL,75.60,NULL,NULL
"Library and Office Building of Salman Schocken, Jerusalem, Israel, Perspective and plan","Erich Mendelsohn",8219,"(American, born Germany (now Poland). 1887–1953)",(American),(1887),(1953),(male),Unknown,"Graphite and color pencil on tracing paper","8 1/2 x 14 1/8" (21.6 x 35.9 cm)","Gift of Milton Sheingarten",86.2000,Architecture,"Architecture & Design",2000-01-19,yes,167,https://www.moma.org/collection/works/167,https://www.moma.org/media/W1siZiIsIjUzMTA4MyJdLFsicCIsImNvbnZlcnQiLCItcmVzaXplIDEwMjR4MTAyNFx1MDAzZSJdXQ.jpg?sha=7625356de73ce1f9,NULL,NULL,NULL,NULL,21.60,NULL,NULL,35.90,NULL,NULL
"Helium Bridge Project","Paolo Soleri",8101,"(American, born Italy. 1919–2013)",(American),(1919),(2013),(male),1958,Silkscreen,"21 3/4 x 59 1/8" (55.2 x 150.2 cm)","Gift of the architect",114.2013,Architecture,"Architecture & Design",1966-01-01,yes,168,https://www.moma.org/collection/works/168,https://www.moma.org/media/W1siZiIsIjU3NjgwMSJdLFsicCIsImNvbnZlcnQiLCItcmVzaXplIDEwMjR4MTAyNFx1MDAzZSJdXQ.jpg?sha=14682ac5c222a3b8,NULL,NULL,NULL,NULL,55.20,NULL,NULL,150.20,NULL,NULL
"Autonomous Artisans' House, project, Staten Island, New York, Perspective","Steven Holl",2702,"(American, born 1947)",(American),(1947),NULL,(male),1980,"Graphite and watercolor on paper","3 1/4 x 13" (8.3 x 33 cm)","Edward Larrabee Barnes Purchase Fund",86.1989,Architecture,"Architecture & Design",1989-05-16,yes,169,https://www.moma.org/collection/works/169,https://www.moma.org/media/W1siZiIsIjUyNzI0MyJdLFsicCIsImNvbnZlcnQiLCItcmVzaXplIDEwMjR4MTAyNFx1MDAzZSJdXQ.jpg?sha=7b155c8d6ca8c342,NULL,NULL,NULL,NULL,8.30,NULL,NULL,33.00,NULL,NULL
"Library and Office Building of Salman Schocken, Jerusalem, Israel, Elevations","Erich Mendelsohn",8219,"(American, born Germany (now Poland). 1887–1953)",(American),(1887),(1953),(male),Unknown,"Graphite and color pencil on tracing paper","8 x 14 1/8" (20.3 x 35.9 cm)","Gift of Milton Sheingarten",87.2000,Architecture,"Architecture & Design",2000-01-19,yes,170,https://www.moma.org/collection/works/170,https://www.moma.org/media/W1siZiIsIjUzMTA5NCJdLFsicCIsImNvbnZlcnQiLCItcmVzaXplIDEwMjR4MTAyNFx1MDAzZSJdXQ.jpg?sha=6c2d17745e254054,NULL,NULL,NULL,NULL,20.30,NULL,NULL,35.90,NULL,NULL
"Autonomous Artisans' House, project, New York (Staten Island), New York, Perspective","Steven Holl",2702,"(American, born 1947)",(American),(1947),NULL,(male),1984,"Graphite on vellum","20 1/2 x 40 3/4" (52.1 x 103.5 cm)","Edward Larrabee Barnes Purchase Fund",87.1989,Architecture,"Architecture & Design",1989-05-16,yes,171,https://www.moma.org/collection/works/171,https://www.moma.org/media/W1siZiIsIjUyNzI0NSJdLFsicCIsImNvbnZlcnQiLCItcmVzaXplIDEwMjR4MTAyNFx1MDAzZSJdXQ.jpg?sha=982d25f503e5dda0,NULL,NULL,NULL,NULL,52.10,NULL,NULL,103.50,NULL,NULL
"Library and Office Building of Salman Schocken, Jerusalem, Israel, Perspectives and elevation","Erich Mendelsohn",8219,"(American, born Germany (now Poland). 1887–1953)",(American),(1887),(1953),(male),Unknown,"Graphite on tracing paper","13 3/4 x 7" (34.9 x 17.8 cm)","Gift of Milton Sheingarten",88.2000,Architecture,"Architecture & Design",2000-01-19,yes,172,https://www.moma.org/collection/works/172,https://www.moma.org/media/W1siZiIsIjUzMTEwNSJdLFsicCIsImNvbnZlcnQiLCItcmVzaXplIDEwMjR4MTAyNFx1MDAzZSJdXQ.jpg?sha=9465687b6b6aaac1,NULL,NULL,NULL,NULL,34.90,NULL,NULL,17.80,NULL,NULL
"Berkowitz House, Martha's Vineyard, Massachusetts, Exterior perspective","Steven Holl",2702,"(American, born 1947)",(American),(1947),NULL,(male),1985,"Graphite and watercolor on paper","20 1/2 x 42 1/2" (52.1 x 108 cm)","Kenneth Walker Fund",88.1989,Architecture,"Architecture & Design",1989-05-16,yes,173,https://www.moma.org/collection/works/173,https://www.moma.org/media/W1siZiIsIjUyNzI0OCJdLFsicCIsImNvbnZlcnQiLCItcmVzaXplIDEwMjR4MTAyNFx1MDAzZSJdXQ.jpg?sha=1e90b5832b19db5a,NULL,NULL,NULL,NULL,52.07,NULL,NULL,107.95,NULL,NULL
"Hadassah University Medical Center, Mount Scopus, Jerusalem, Perspectives","Erich Mendelsohn",8219,"(American, born Germany (now Poland). 1887–1953)",(American),(1887),(1953),(male),1936,"Graphite on copy paper","Each: 8 1/2 x 5 3/8" (21.6 x 13.7 cm)
","Gift of Milton Scheingarten",89.2000.a-b,Architecture,"Architecture & Design",2000-01-19,yes,174,https://www.moma.org/collection/works/174,https://www.moma.org/media/W1siZiIsIjIxMDIyNyJdLFsicCIsImNvbnZlcnQiLCItcmVzaXplIDEwMjR4MTAyNFx1MDAzZSJdXQ.jpg?sha=14017d52622b0758,NULL,NULL,NULL,NULL,21.59,NULL,NULL,13.65,NULL,NULL
"Porta Vittoria, project, Milan, Italy, View from court of four-sided pentagon, perspective, site plan","Steven Holl",2702,"(American, born 1947)",(American),(1947),NULL,(male),1986,"Graphite, ink and ink wash on paper","29 3/4 x 22 1/4" (75.6 x 56.5 cm)","Pritzker Foundation Fund and Architecture & Design Purchase Fund",89.1989,Architecture,"Architecture & Design",1989-05-16,yes,175,https://www.moma.org/collection/works/175,NULL,NULL,NULL,NULL,NULL,75.60,NULL,NULL,56.50,NULL,NULL
"Hadassah University Medical Center, Mount Scopus, Jerusalem, Perspective","Erich Mendelsohn",8219,"(American, born Germany (now Poland). 1887–1953)",(American),(1887),(1953),(male),1936,"Colored pencil on tracing paper","10 3/4 x 14 1/8" (27.3 x 35.9 cm)","Gift of Milton Scheingarten",90.2000,Architecture,"Architecture & Design",2000-01-19,yes,176,https://www.moma.org/collection/works/176,https://www.moma.org/media/W1siZiIsIjUzMTEyNyJdLFsicCIsImNvbnZlcnQiLCItcmVzaXplIDEwMjR4MTAyNFx1MDAzZSJdXQ.jpg?sha=70bbecb598e135ad,NULL,NULL,NULL,NULL,27.31,NULL,NULL,35.88,NULL,NULL
"Porta Vittoria, project, Milan, Italy, Garden of Sounds, perspective and plan","Steven Holl",2702,"(American, born 1947)",(American),(1947),NULL,(male),1986,"Graphite, ink and ink wash on paper","29 3/4 x 22 3/8" (75.6 x 56.8 cm)","Pritzker Foundation Fund and Architecture & Design Purchase Fund",90.1989,Architecture,"Architecture & Design",1989-05-16,yes,177,https://www.moma.org/collection/works/177,https://www.moma.org/media/W1siZiIsIjUyNzI1MSJdLFsicCIsImNvbnZlcnQiLCItcmVzaXplIDEwMjR4MTAyNFx1MDAzZSJdXQ.jpg?sha=6246b11779fbe959,NULL,NULL,NULL,NULL,75.60,NULL,NULL,56.80,NULL,NULL
"Hadassah University Medical Center, Mount Scopus, Jerusalem, Interior perspective and details of furniture","Erich Mendelsohn",8219,"(American, born Germany (now Poland). 1887–1953)",(American),(1887),(1953),(male),1936,"Graphite and color pencil on tracing paper","14 1/4 x 11 1/2" (36.2 x 29.2 cm)","Gift of Milton Scheingarten",91.2000,Architecture,"Architecture & Design",2000-01-19,yes,178,https://www.moma.org/collection/works/178,https://www.moma.org/media/W1siZiIsIjUzMTEzNiJdLFsicCIsImNvbnZlcnQiLCItcmVzaXplIDEwMjR4MTAyNFx1MDAzZSJdXQ.jpg?sha=871ff5548118ec1e,NULL,NULL,NULL,NULL,36.20,NULL,NULL,29.20,NULL,NULL
"Porta Vittoria, project, Milan, Italy, New subway station opening onto elongated gap, perspective and plan","Steven Holl",2702,"(American, born 1947)",(American),(1947),NULL,(male),1986,"Graphite, ink and ink wash on paper","29 3/4 x 22 1/4" (75.6 x 56.5 cm)","Pritzker Foundation Fund and Architecture & Design Purchase Fund",91.1989,Architecture,"Architecture & Design",1989-05-16,yes,179,https://www.moma.org/collection/works/179,https://www.moma.org/media/W1siZiIsIjUyNzI1MyJdLFsicCIsImNvbnZlcnQiLCItcmVzaXplIDEwMjR4MTAyNFx1MDAzZSJdXQ.jpg?sha=8e155ee1c3bbf14c,NULL,NULL,NULL,NULL,75.60,NULL,NULL,56.50,NULL,NULL
"Hadassah University Medical Center, Mount Scopus, Jerusalem, Perspectives of the medical school and auditorium","Erich Mendelsohn",8219,"(American, born Germany (now Poland). 1887–1953)",(American),(1887),(1953),(male),1936,"Graphite on tracing paper","14 1/2 x 11 1/2" (36.8 x 29.2 cm)","Gift of Milton Scheingarten",92.2000,Architecture,"Architecture & Design",2000-01-19,yes,180,https://www.moma.org/collection/works/180,https://www.moma.org/media/W1siZiIsIjUzMTE0NiJdLFsicCIsImNvbnZlcnQiLCItcmVzaXplIDEwMjR4MTAyNFx1MDAzZSJdXQ.jpg?sha=4918502ad821b123,NULL,NULL,NULL,NULL,36.83,NULL,NULL,29.21,NULL,NULL
"Porta Vittoria, project, Milan, Italy, View at elliptical passage, perspective and plan","Steven Holl",2702,"(American, born 1947)",(American),(1947),NULL,(male),1986,"Graphite, ink and ink wash on paper","30 x 22 1/4" (76.2 x 56.5 cm)","Pritzker Foundation Fund and Architecture & Design Purchase Fund",92.1989,Architecture,"Architecture & Design",1989-05-16,yes,181,https://www.moma.org/collection/works/181,https://www.moma.org/media/W1siZiIsIjUyNzI1NSJdLFsicCIsImNvbnZlcnQiLCItcmVzaXplIDEwMjR4MTAyNFx1MDAzZSJdXQ.jpg?sha=481445a8d1f36b35,NULL,NULL,NULL,NULL,76.20,NULL,NULL,56.50,NULL,NULL
"Hadassah University Medical Center, Mount Scopus, Jerusalem, Perspective","Erich Mendelsohn",8219,"(American, born Germany (now Poland). 1887–1953)",(American),(1887),(1953),(male),1936,"Colored pencil on tracing paper","8 5/8 x 16" (21.9 x 40.6 cm)","Gift of Milton Scheingarten",93.2000,Architecture,"Architecture & Design",2000-01-19,yes,182,https://www.moma.org/collection/works/182,https://www.moma.org/media/W1siZiIsIjUzMTE1NyJdLFsicCIsImNvbnZlcnQiLCItcmVzaXplIDEwMjR4MTAyNFx1MDAzZSJdXQ.jpg?sha=747256790b731684,NULL,NULL,NULL,NULL,21.91,NULL,NULL,40.64,NULL,NULL
"Porta Vittoria, project, Milan, Italy, Subway station and shops, ticket-taker tower, perspective and plan","Steven Holl",2702,"(American, born 1947)",(American),(1947),NULL,(male),1986,"Graphite, ink and ink wash on paper","29 3/4 x 22 1/4" (75.6 x 56.5 cm)","Pritzker Foundation Fund and Architecture & Design Purchase Fund",93.1989,Architecture,"Architecture & Design",1989-05-16,yes,183,https://www.moma.org/collection/works/183,https://www.moma.org/media/W1siZiIsIjUyNzI1NiJdLFsicCIsImNvbnZlcnQiLCItcmVzaXplIDEwMjR4MTAyNFx1MDAzZSJdXQ.jpg?sha=227d0c6a8be1ce10,NULL,NULL,NULL,NULL,75.60,NULL,NULL,56.50,NULL,NULL
"Residence of Salman Schocken, Jerusalem, Israel, Perspective and elevation","Erich Mendelsohn",8219,"(American, born Germany (now Poland). 1887–1953)",(American),(1887),(1953),(male),Unknown,"Graphite and color pencil on tracing paper","13 1/2 x 11 5/16" (34.3 x 28.7 cm)","Gift of Milton Scheingarten",94.2000,Architecture,"Architecture & Design",2000-01-19,yes,184,https://www.moma.org/collection/works/184,https://www.moma.org/media/W1siZiIsIjIxMDI0OCJdLFsicCIsImNvbnZlcnQiLCItcmVzaXplIDEwMjR4MTAyNFx1MDAzZSJdXQ.jpg?sha=e51ef83675decc32,NULL,NULL,NULL,NULL,34.29,NULL,NULL,28.73,NULL,NULL
"Porta Vittoria, project, Milan, Italy, Water basin, amphitheater, and jack-up rig, perspective and plan","Steven Holl",2702,"(American, born 1947)",(American),(1947),NULL,(male),1986,"Graphite, ink and ink wash on paper","29 3/4 x 22 1/4" (75.6 x 56.5 cm)","Pritzker Foundation Fund and Architecture & Design Purchase Fund",94.1989,Architecture,"Architecture & Design",1989-05-16,yes,185,https://www.moma.org/collection/works/185,https://www.moma.org/media/W1siZiIsIjUyNzI1OCJdLFsicCIsImNvbnZlcnQiLCItcmVzaXplIDEwMjR4MTAyNFx1MDAzZSJdXQ.jpg?sha=265260e094ac8336,NULL,NULL,NULL,NULL,75.60,NULL,NULL,56.50,NULL,NULL
"Hadassah University Medical Center, Mount Scopus, Jerusalem, Israel, Perspectives and elevation","Erich Mendelsohn",8219,"(American, born Germany (now Poland). 1887–1953)",(American),(1887),(1953),(male),1936,"Graphite and color pencil on tracing paper","13 7/8 x 9 1/2" (35.2 x 24.1 cm)","Gift of Milton Scheingarten",95.2000,Architecture,"Architecture & Design",2000-01-19,yes,186,https://www.moma.org/collection/works/186,https://www.moma.org/media/W1siZiIsIjIyMTcxNCJdLFsicCIsImNvbnZlcnQiLCItcmVzaXplIDEwMjR4MTAyNFx1MDAzZSJdXQ.jpg?sha=e10a930c4f75b892,NULL,NULL,NULL,NULL,35.20,NULL,NULL,24.10,NULL,NULL
"Porta Vittoria, project, Milan, Italy, Passage below water basin, perspective and plan","Steven Holl",2702,"(American, born 1947)",(American),(1947),NULL,(male),1986,"Graphite, ink and ink wash on paper","29 3/4 x 22 1/4" (75.6 x 56.5 cm)","Pritzker Foundation Fund and Architecture & Design Purchase Fund",95.1989,Architecture,"Architecture & Design",1989-05-16,yes,187,https://www.moma.org/collection/works/187,https://www.moma.org/media/W1siZiIsIjUyNzI2MCJdLFsicCIsImNvbnZlcnQiLCItcmVzaXplIDEwMjR4MTAyNFx1MDAzZSJdXQ.jpg?sha=4de1b8de7b4fc461,NULL,NULL,NULL,NULL,75.60,NULL,NULL,56.50,NULL,NULL
"Library and Office Building of Salman Schocken, Jerusalem, Israel, Perspectives and elevation","Erich Mendelsohn",8219,"(American, born Germany (now Poland). 1887–1953)",(American),(1887),(1953),(male),Unknown,"Graphite on tracing paper","11 7/8 x 14 1/2" (30.2 x 36.8 cm)","Gift of Milton Scheingarten",96.2000,Architecture,"Architecture & Design",2000-01-19,yes,188,https://www.moma.org/collection/works/188,https://www.moma.org/media/W1siZiIsIjUzMTE4NSJdLFsicCIsImNvbnZlcnQiLCItcmVzaXplIDEwMjR4MTAyNFx1MDAzZSJdXQ.jpg?sha=50e88df6f04b1661,NULL,NULL,NULL,NULL,30.20,NULL,NULL,36.80,NULL,NULL
"Residence for Herbert Green, Studies for an Unfolded Modular House, Cherry Hill, Pennsylvania, Perspective","Paul Rudolph",5076,"(American, 1918–1997)",(American),(1918),(1997),(male),1989,"Ink on tracing paper","14 5/8 x 64 3/4" (37.1 x 164.5 cm)","Gift of the architect",96.1989,Architecture,"Architecture & Design",1989-05-16,yes,189,https://www.moma.org/collection/works/189,https://www.moma.org/media/W1siZiIsIjUyNzI2MiJdLFsicCIsImNvbnZlcnQiLCItcmVzaXplIDEwMjR4MTAyNFx1MDAzZSJdXQ.jpg?sha=9715664d3fd53bee,NULL,NULL,NULL,NULL,37.10,NULL,NULL,164.50,NULL,NULL
"Gated Wall, Perspective and elevation","Erich Mendelsohn",8219,"(American, born Germany (now Poland). 1887–1953)",(American),(1887),(1953),(male),Unknown,"Graphite on tracing paper","11 3/4 x 14 3/4" (29.8 x 37.5 cm)","Gift of Milton Scheingarten",97.2000,Architecture,"Architecture & Design",2000-01-19,yes,190,https://www.moma.org/collection/works/190,https://www.moma.org/media/W1siZiIsIjUzMTE5NyJdLFsicCIsImNvbnZlcnQiLCItcmVzaXplIDEwMjR4MTAyNFx1MDAzZSJdXQ.jpg?sha=d34e1aeec8ddd298,NULL,NULL,NULL,NULL,29.80,NULL,NULL,37.50,NULL,NULL
"Finney Guest House Project, Siesta Key, Florida, Aerial perspective","Paul Rudolph",5076,"(American, 1918–1997)",(American),(1918),(1997),(male),1949,"Ink and printed polymer sheet on paper","25 1/2 x 18 7/8" (64.8 x 47.9 cm)","Gift of the architect",97.1989,Architecture,"Architecture & Design",1989-05-16,yes,191,https://www.moma.org/collection/works/191,https://www.moma.org/media/W1siZiIsIjUyNzI2MyJdLFsicCIsImNvbnZlcnQiLCItcmVzaXplIDEwMjR4MTAyNFx1MDAzZSJdXQ.jpg?sha=19af21e0930cb880,NULL,NULL,NULL,NULL,64.80,NULL,NULL,47.90,NULL,NULL
"Gated Wall, Perspective and elevation","Erich Mendelsohn",8219,"(American, born Germany (now Poland). 1887–1953)",(American),(1887),(1953),(male),Unknown,"Graphite on tracing paper","16 1/2 x 11 1/2" (41.9 x 29.2 cm)","Gift of Milton Scheingarten",98.2000,Architecture,"Architecture & Design",2000-01-19,yes,192,https://www.moma.org/collection/works/192,https://www.moma.org/media/W1siZiIsIjUzMTIwNyJdLFsicCIsImNvbnZlcnQiLCItcmVzaXplIDEwMjR4MTAyNFx1MDAzZSJdXQ.jpg?sha=2adb257a5734ffd6,NULL,NULL,NULL,NULL,41.90,NULL,NULL,29.20,NULL,NULL
"Yale University, Art and Architecture Building, New Haven, Connecticut, Elevation","Paul Rudolph",5076,"(American, 1918–1997)",(American),(1918),(1997),(male),1958–1964,"Graphite and colored pencil on paper","27 1/4 x 34 1/4" (69.2 x 87 cm)","Gift of the architect",98.1989,Architecture,"Architecture & Design",1989-05-16,yes,193,https://www.moma.org/collection/works/193,https://www.moma.org/media/W1siZiIsIjUyNzI2NSJdLFsicCIsImNvbnZlcnQiLCItcmVzaXplIDEwMjR4MTAyNFx1MDAzZSJdXQ.jpg?sha=6cc1ca517d2bb4f3,NULL,NULL,NULL,NULL,69.20,NULL,NULL,87.00,NULL,NULL
"Residence of Salman Schocken, Jerusalem, Israel, Perspectives","Erich Mendelsohn",8219,"(American, born Germany (now Poland). 1887–1953)",(American),(1887),(1953),(male),Unknown,"Graphite on tracing paper","14 3/4 x 11 1/4" (37.5 x 28.5 cm)","Gift of Milton Scheingarten",99.2000,Architecture,"Architecture & Design",2000-01-19,yes,194,https://www.moma.org/collection/works/194,https://www.moma.org/media/W1siZiIsIjUzMTIxOSJdLFsicCIsImNvbnZlcnQiLCItcmVzaXplIDEwMjR4MTAyNFx1MDAzZSJdXQ.jpg?sha=79fb15764b2c9695,NULL,NULL,NULL,NULL,37.50,NULL,NULL,28.50,NULL,NULL
"Unidentified project (Perspective)","Erich Mendelsohn",8219,"(American, born Germany (now Poland). 1887–1953)",(American),(1887),(1953),(male),"c. 1935",Print,"15 3/4 x 18 15/16" (40 x 48.1 cm)","Gift of Milton Scheingarten",100.2000,Architecture,"Architecture & Design",2000-01-19,yes,195,https://www.moma.org/collection/works/195,NULL,NULL,NULL,NULL,NULL,21.00,NULL,NULL,25.20,NULL,NULL
"Hadassah University Hospital, Mount Scopus, Jerusalem, Exterior perspective of northwest corner from University Building","Erich Mendelsohn",8219,"(American, born Germany (now Poland). 1887–1953)",(American),(1887),(1953),(male),1935,"Crayon, graphite, and gouache on sepia diazotype","21 1/4 x 23 3/4" (54 x 60.3 cm)","Gift of Milton Scheingarten",101.2000,Architecture,"Architecture & Design",2000-01-19,yes,197,https://www.moma.org/collection/works/197,https://www.moma.org/media/W1siZiIsIjUyOTg5NyJdLFsicCIsImNvbnZlcnQiLCItcmVzaXplIDEwMjR4MTAyNFx1MDAzZSJdXQ.jpg?sha=b45b803980ca41ab,NULL,NULL,NULL,NULL,12.70,NULL,NULL,35.60,NULL,NULL
"Hadassah University Medical Center, Mount Scopus, Jerusalem, View of hospital, north west corner: "From the National Library"","Erich Mendelsohn",8219,"(American, born Germany (now Poland). 1887–1953)",(American),(1887),(1953),(male),1935,"Tempera, graphite, and color pencil on print","21 1/4 x 22 3/4" (54 x 57.8 cm)","Gift of Milton Scheingarten",102.2000,Architecture,"Architecture & Design",2000-01-19,yes,198,https://www.moma.org/collection/works/198,https://www.moma.org/media/W1siZiIsIjUyOTkwOCJdLFsicCIsImNvbnZlcnQiLCItcmVzaXplIDEwMjR4MTAyNFx1MDAzZSJdXQ.jpg?sha=62e9caedafda0faf,NULL,NULL,NULL,NULL,64.00,NULL,NULL,38.00,NULL,NULL
"Hadassah University Medical Center, Mount Scopus, Jerusalem, Exterior perspective","Erich Mendelsohn",8219,"(American, born Germany (now Poland). 1887–1953)",(American),(1887),(1953),(male),1935,"Tempera, graphite, and color pencil on print","21 1/2 x 24" (54.6 x 61 cm)","Gift of Milton Scheingarten",103.2000,Architecture,"Architecture & Design",2000-01-19,yes,199,https://www.moma.org/collection/works/199,https://www.moma.org/media/W1siZiIsIjUyOTkxNSJdLFsicCIsImNvbnZlcnQiLCItcmVzaXplIDEwMjR4MTAyNFx1MDAzZSJdXQ.jpg?sha=6aa0ed39a71fd8f0,NULL,NULL,NULL,NULL,54.61,NULL,NULL,60.96,NULL,NULL
"Arcadia Peninsula Housing, project, Revised version: exterior elevation","Peter Cook",6950,"(British, born 1936)",(British),(1936),NULL,(male),1979,"Ink and gouache on paper","11 x 34 1/4" (27.9 x 87 cm)","Gift of Kenneth Walker",106.1992,Architecture,"Architecture & Design",1992-01-15,yes,200,https://www.moma.org/collection/works/200,https://www.moma.org/media/W1siZiIsIjUyNzAzOSJdLFsicCIsImNvbnZlcnQiLCItcmVzaXplIDEwMjR4MTAyNFx1MDAzZSJdXQ.jpg?sha=c004f89bdcda1f32,NULL,NULL,NULL,NULL,27.90,NULL,NULL,87.00,NULL,NULL
"Slow House Project, North Haven, New York, Plan of lower-level and sections","Elizabeth Diller, Ricardo Scofidio, Diller + Scofidio","6951, 6952, 8707","(American, born Poland 1954) (American, born 1935) (est. 1981)","(American) (American) (American)","(1954) (1935) (1981)","(0) (0) (0)","(female) (male) ()",1989,"Computer-generated print on frosted polymer sheet with graphite and colored ink mounted on painted wood with metal","47 5/8 x 36 1/2 x 1 1/2" (121 x 92.7 x 3.8 cm)
","Marshall Cogan Purchase Fund and Jeffrey P. Klein Purchase Fund",107.1992,Architecture,"Architecture & Design",1992-01-15,yes,201,https://www.moma.org/collection/works/201,https://www.moma.org/media/W1siZiIsIjUyNzA0MCJdLFsicCIsImNvbnZlcnQiLCItcmVzaXplIDEwMjR4MTAyNFx1MDAzZSJdXQ.jpg?sha=07493eda94380a96,NULL,NULL,3.80,NULL,121.00,NULL,NULL,92.70,NULL,NULL
"The Peak Project, Hong Kong, China (Exterior perspective)","Zaha Hadid",6953,"(British, born Iraq. 1950–2016)",(British),(1950),(2016),(female),1991,"Synthetic polymer on paper mounted on canvas","51 x 72" (129.5 x 182.9 cm)","David Rockefeller, Jr. Fund",108.1992,Architecture,"Architecture & Design",1992-01-15,yes,202,https://www.moma.org/collection/works/202,https://www.moma.org/media/W1siZiIsIjUyNzA0MSJdLFsicCIsImNvbnZlcnQiLCItcmVzaXplIDEwMjR4MTAyNFx1MDAzZSJdXQ.jpg?sha=471daeaf5342ec22,NULL,NULL,NULL,NULL,129.54,NULL,NULL,182.88,NULL,NULL
"Study for an Office Building, project, Tokyo, Japan, Exterior perspective","Fumihiko Maki",6954,"(Japanese, born 1928)",(Japanese),(1928),NULL,(male),1980,"Ink and graphite on graph paper","8 x 5 3/4" (20.3 x 14.6 cm)","Gift of Kenneth Walker",109.1992,Architecture,"Architecture & Design",1992-01-15,yes,203,https://www.moma.org/collection/works/203,https://www.moma.org/media/W1siZiIsIjUyNzA0MiJdLFsicCIsImNvbnZlcnQiLCItcmVzaXplIDEwMjR4MTAyNFx1MDAzZSJdXQ.jpg?sha=67c853cdf3c4de01,NULL,NULL,NULL,NULL,20.30,NULL,NULL,14.60,NULL,NULL
"Egg of Columbus Circle project, New York, New York (Axonometric)","Rem Koolhaas, Zoe Zenghelis, Elia Zenghelis, Madelon Vriesendorp","6956, 7559, 7558, 6957","(Dutch, born 1944) (British, born Greece 1937) (British, born Greece 1937) (Dutch, born 1945)","(Dutch) (British) (British) (Dutch)","(1944) (1937) (1937) (1945)","(0) (0) (0) (0)","(male) (female) (male) (female)",1975,"Ink and acrylic on paper","44 1/2 x 27" (113 x 68.6 cm)","Gift of Kenneth Walker",110.1992,Architecture,"Architecture & Design",1992-01-15,yes,204,https://www.moma.org/collection/works/204,https://www.moma.org/media/W1siZiIsIjUyNzA0NCJdLFsicCIsImNvbnZlcnQiLCItcmVzaXplIDEwMjR4MTAyNFx1MDAzZSJdXQ.jpg?sha=f311961baf5303ac,NULL,NULL,NULL,NULL,113.00,NULL,NULL,68.60,NULL,NULL
"Arch Oboler Guest House (Eleanor's Retreat), project, Malibu, California, Plan and elevation","Frank Lloyd Wright",6459,"(American, 1867–1959)",(American),(1867),(1959),(male),1941,"Graphite and colored pencil on tracing paper","30 3/4 x 20 1/8" (78.1 x 51.1 cm)","Arthur Drexler Fund",111.1992,Architecture,"Architecture & Design",1992-01-15,yes,205,https://www.moma.org/collection/works/205,https://www.moma.org/media/W1siZiIsIjUyNzA0NSJdLFsicCIsImNvbnZlcnQiLCItcmVzaXplIDEwMjR4MTAyNFx1MDAzZSJdXQ.jpg?sha=d79649fffef03159,NULL,NULL,NULL,NULL,78.11,NULL,NULL,51.12,NULL,NULL
"Arch Oboler Guest House (Eleanor's Retreat), project, Malibu, California, Plan and elevation","Frank Lloyd Wright",6459,"(American, 1867–1959)",(American),(1867),(1959),(male),1941,"Graphite and colored pencil on tracing paper","20 7/8 x 30 7/8" (53 x 78.5 cm)","Arthur Drexler Fund",112.1992,Architecture,"Architecture & Design",1992-01-15,yes,206,https://www.moma.org/collection/works/206,https://www.moma.org/media/W1siZiIsIjUyNzM4MCJdLFsicCIsImNvbnZlcnQiLCItcmVzaXplIDEwMjR4MTAyNFx1MDAzZSJdXQ.jpg?sha=b6cb982f93e289ac,NULL,NULL,NULL,NULL,53.00,NULL,NULL,78.50,NULL,NULL
"Arch Oboler Guest House (Eleanor's Retreat), project, Malibu, California, Perspective","Frank Lloyd Wright",6459,"(American, 1867–1959)",(American),(1867),(1959),(male),1941,"Colored pencil, graphite, and color ink on tracing paper","16 15/16 x 19 1/4" (43.1 x 48.9 cm)","Arthur Drexler Fund",113.1992,Architecture,"Architecture & Design",1992-01-15,yes,207,https://www.moma.org/collection/works/207,https://www.moma.org/media/W1siZiIsIjUyNzM4MSJdLFsicCIsImNvbnZlcnQiLCItcmVzaXplIDEwMjR4MTAyNFx1MDAzZSJdXQ.jpg?sha=d2250eaf2aa8050f,NULL,NULL,NULL,NULL,43.10,NULL,NULL,48.90,NULL,NULL
"Arch Oboler Guest House (Eleanor's Retreat), project, Malibu, California, Perspective","Frank Lloyd Wright",6459,"(American, 1867–1959)",(American),(1867),(1959),(male),1941,"Graphite and color pencil on tracing paper","20 3/4 x 31" (52.7 x 78.8 cm)","Arthur Drexler Fund",114.1992,Architecture,"Architecture & Design",1992-01-15,yes,208,https://www.moma.org/collection/works/208,https://www.moma.org/media/W1siZiIsIjUyNzM4MiJdLFsicCIsImNvbnZlcnQiLCItcmVzaXplIDEwMjR4MTAyNFx1MDAzZSJdXQ.jpg?sha=074740747181756d,NULL,NULL,NULL,NULL,52.71,NULL,NULL,78.80,NULL,NULL
"Exhibition "Mario Bellini: Designer.", The Museum of Modern Art, New York, 1987, Installation plan","Mario Bellini",451,"(Italian, born 1935)",(Italian),(1935),NULL,(male),1987,"Crayon and cut and pasted photocopies on transparent overlay on print","19 1/2 x 30 1/2" (49.5 x 77.5 cm)","Gift of the designer",119.1988,Architecture,"Architecture & Design",1988-04-27,yes,209,https://www.moma.org/collection/works/209,https://www.moma.org/media/W1siZiIsIjUyNzA0NiJdLFsicCIsImNvbnZlcnQiLCItcmVzaXplIDEwMjR4MTAyNFx1MDAzZSJdXQ.jpg?sha=b410564585bf3485,NULL,NULL,NULL,NULL,49.50,NULL,NULL,77.50,NULL,NULL
"City Hall, project, North Canton, Ohio, Perspective sketch","Venturi and Rauch, Robert Venturi, John Rauch","8213, 6132, 8214","(American, est. 1964–1979) (American, 1925–2018) (American, born 1930)","(American) (American) (American)","(1964) (1925) (1930)","(1979) (2018) (0)","() (male) (male)",1965,"Graphite on tracing paper","20 1/2 x 36" (52.1 x 91.4 cm)","Gift of Venturi, Rauch and Scott Brown, Inc.",120.1988,Architecture,"Architecture & Design",1988-04-27,yes,210,https://www.moma.org/collection/works/210,https://www.moma.org/media/W1siZiIsIjUyNzA0NyJdLFsicCIsImNvbnZlcnQiLCItcmVzaXplIDEwMjR4MTAyNFx1MDAzZSJdXQ.jpg?sha=19e7832d10da4021,NULL,NULL,NULL,NULL,52.10,NULL,NULL,91.40,NULL,NULL
"House, Northern Delaware, Preliminary study of west elevation","Robert Venturi, John Rauch, Venturi and Rauch, Denise Scott Brown","6132, 8214, 8213, 8216","(American, 1925–2018) (American, born 1930) (American, est. 1964–1979) (American, born Zambia, 1931)","(American) (American) (American) (American)","(1925) (1930) (1964) (1931)","(2018) (0) (1979) (0)","(male) (male) () (female)",1978,"Felt-tipped pen on tracing paper","12 x 23 1/2" (30.5 x 59.7 cm)","Gift of Venturi, Rauch and Scott Brown, Inc.",121.1988,Architecture,"Architecture & Design",1988-04-27,yes,211,https://www.moma.org/collection/works/211,https://www.moma.org/media/W1siZiIsIjUyNzA0OCJdLFsicCIsImNvbnZlcnQiLCItcmVzaXplIDEwMjR4MTAyNFx1MDAzZSJdXQ.jpg?sha=7fafa2a23d5f60e7,NULL,NULL,NULL,NULL,30.48,NULL,NULL,59.69,NULL,NULL
"Gordon Wu Hall, Princeton University, Princeton, New Jersey, Preliminary study of entrance and windows","Venturi, Rauch and Scott Brown, Robert Venturi, John Rauch, Denise Scott Brown","8215, 6132, 8214, 8216","(American, established 1980) (American, 1925–2018) (American, born 1930) (American, born Zambia, 1931)","(American) (American) (American) (American)","(1980) (1925) (1930) (1931)","(0) (2018) (0) (0)","() (male) (male) (female)",1981,"Felt-tipped pen on tracing paper","12 x 15 1/8" (30.5 x 38.4 cm)","Gift of Venturi, Rauch and Scott Brown, Inc.",122.1988,Architecture,"Architecture & Design",1988-04-27,yes,212,https://www.moma.org/collection/works/212,https://www.moma.org/media/W1siZiIsIjUyNzA0OSJdLFsicCIsImNvbnZlcnQiLCItcmVzaXplIDEwMjR4MTAyNFx1MDAzZSJdXQ.jpg?sha=70c1c008f6e360c9,NULL,NULL,NULL,NULL,30.48,NULL,NULL,38.42,NULL,NULL
"Gordon Wu Hall, Princeton University, Princeton, New Jersey, Preliminary study of entrance and elevation","Venturi, Rauch and Scott Brown, Robert Venturi, John Rauch, Denise Scott Brown","8215, 6132, 8214, 8216","(American, established 1980) (American, 1925–2018) (American, born 1930) (American, born Zambia, 1931)","(American) (American) (American) (American)","(1980) (1925) (1930) (1931)","(0) (2018) (0) (0)","() (male) (male) (female)",1981,"Graphite on tracing paper","12 x 13 1/2" (30.5 x 34.3 cm)","Gift of Venturi, Rauch and Scott Brown, Inc.",123.1988,Architecture,"Architecture & Design",1988-04-27,yes,213,https://www.moma.org/collection/works/213,https://www.moma.org/media/W1siZiIsIjIxMDM0MSJdLFsicCIsImNvbnZlcnQiLCItcmVzaXplIDEwMjR4MTAyNFx1MDAzZSJdXQ.jpg?sha=8172b2b09a6a21dd,NULL,NULL,NULL,NULL,30.48,NULL,NULL,34.29,NULL,NULL
"Lewis Thomas Laboratory for Molecular Biology, Princeton University, Princeton, New Jersey, Preliminary study of entrance and elevation","Venturi, Rauch and Scott Brown, Robert Venturi, John Rauch, Denise Scott Brown","8215, 6132, 8214, 8216","(American, established 1980) (American, 1925–2018) (American, born 1930) (American, born Zambia, 1931)","(American) (American) (American) (American)","(1980) (1925) (1930) (1931)","(0) (2018) (0) (0)","() (male) (male) (female)",1983,"Felt-tipped pen on tracing paper","12 x 28 (30.5 x 71.1 cm)","Gift of Venturi, Rauch and Scott Brown, Inc.",124.1988,Architecture,"Architecture & Design",1988-04-27,yes,215,https://www.moma.org/collection/works/215,https://www.moma.org/media/W1siZiIsIjUyNzA1MCJdLFsicCIsImNvbnZlcnQiLCItcmVzaXplIDEwMjR4MTAyNFx1MDAzZSJdXQ.jpg?sha=a0d5a49a73491253,NULL,NULL,NULL,NULL,30.48,NULL,NULL,71.12,NULL,NULL
"Center for Applied Computer Research, Las Promesas, Mexico, Site plan","Emilio Ambasz",141,"(Argentine, born 1943)",(Argentine),(1943),NULL,(male),1975,"Ink and photostat on acetate","37 1/2 x 37 5/8" (95.3 x 95.6 cm)","Gift of the architect",131.1992,Architecture,"Architecture & Design",1992-01-15,yes,219,https://www.moma.org/collection/works/219,https://www.moma.org/media/W1siZiIsIjUyNzM5NSJdLFsicCIsImNvbnZlcnQiLCItcmVzaXplIDEwMjR4MTAyNFx1MDAzZSJdXQ.jpg?sha=4cd3fcc6fee186b3,NULL,NULL,NULL,NULL,95.30,NULL,NULL,95.60,NULL,NULL
"Hospital: House of Hope, Houses of Birth, Houses of No Return, project, Venice, Italy, Sectional perspective","Raimund Abraham",47,"(American, born Austria. 1933–2010)",(American),(1933),(2010),(male),1979,"Color pencil, graphite, and gouache","27 1/4 x 32 3/4" (69.2 x 83.2 cm)
","Gift of Dorothy and Leroy Lavine",131.1995,Architecture,"Architecture & Design",1995-05-09,yes,220,https://www.moma.org/collection/works/220,https://www.moma.org/media/W1siZiIsIjUyNzM5NiJdLFsicCIsImNvbnZlcnQiLCItcmVzaXplIDEwMjR4MTAyNFx1MDAzZSJdXQ.jpg?sha=98e040b5336cd173,NULL,NULL,NULL,NULL,69.22,NULL,NULL,83.19,NULL,NULL
"Church on the Water, Tomamu, Hokkaido, Japan (Elevation and plan)","Tadao Ando",7055,"(Japanese, born 1941)",(Japanese),(1941),NULL,(male),1985–1988,"Crayon, graphite, color pencil","41 3/8 x 157 5/8" (105.1 x 400.4 cm)","Gift of the architect",137.1993,Architecture,"Architecture & Design",1993-05-04,yes,221,https://www.moma.org/collection/works/221,NULL,NULL,NULL,NULL,NULL,105.09,NULL,NULL,400.37,NULL,NULL
"Church on the Water, Tomamu, Hokkaido, Japan, Plan and sketch","Tadao Ando",7055,"(Japanese, born 1941)",(Japanese),(1941),NULL,(male),1985–1988,"Crayon on mulberry paper","12 1/8 x 17 1/2" (30.8 x 44.5 cm)","Gift of the architect",138.1993,Architecture,"Architecture & Design",1993-05-04,yes,222,https://www.moma.org/collection/works/222,https://www.moma.org/media/W1siZiIsIjUyNzQwMiJdLFsicCIsImNvbnZlcnQiLCItcmVzaXplIDEwMjR4MTAyNFx1MDAzZSJdXQ.jpg?sha=9da567fef92f7e8e,NULL,NULL,NULL,NULL,30.80,NULL,NULL,44.50,NULL,NULL
"Church on the Water, Tomamu, Hokkaido, Japan, Elevation and plan, sketch","Tadao Ando",7055,"(Japanese, born 1941)",(Japanese),(1941),NULL,(male),1985–1988,"Crayon and ink on paper","12 x 12 3/4" (30.5 x 32.4 cm)","Gift of the architect",139.1993,Architecture,"Architecture & Design",1993-05-04,yes,223,https://www.moma.org/collection/works/223,https://www.moma.org/media/W1siZiIsIjUyNzQwMyJdLFsicCIsImNvbnZlcnQiLCItcmVzaXplIDEwMjR4MTAyNFx1MDAzZSJdXQ.jpg?sha=d4be97ca7571a640,NULL,NULL,NULL,NULL,30.48,NULL,NULL,32.39,NULL,NULL
"Chikatsu-Asuka Historical Museum, Minami-Kawachi, Osaka, Japan, Exterior perspective","Tadao Ando",7055,"(Japanese, born 1941)",(Japanese),(1941),NULL,(male),"c. 1989-91","Graphite and crayon with scoring on paper","11 5/8 x 33 1/8" (29.5 x 84.1 cm)","Gift of the architect",140.1993,Architecture,"Architecture & Design",1993-05-04,yes,224,https://www.moma.org/collection/works/224,https://www.moma.org/media/W1siZiIsIjUyNzQwNCJdLFsicCIsImNvbnZlcnQiLCItcmVzaXplIDEwMjR4MTAyNFx1MDAzZSJdXQ.jpg?sha=7be82e4a0feae782,NULL,NULL,NULL,NULL,29.50,NULL,NULL,84.10,NULL,NULL
"Nara Convention Hall, Nara, Japan, Exterior perspective","Arata Isozaki",2837,"(Japanese, born 1931)",(Japanese),(1931),NULL,(male),1992,"Computer-generated print","21 x 23" (53.3 x 58.4 cm)","Gift of the architect",142.1993,Architecture,"Architecture & Design",1993-05-04,yes,225,https://www.moma.org/collection/works/225,https://www.moma.org/media/W1siZiIsIjUyNzQwNyJdLFsicCIsImNvbnZlcnQiLCItcmVzaXplIDEwMjR4MTAyNFx1MDAzZSJdXQ.jpg?sha=41c581efa88d8f9b,NULL,NULL,NULL,NULL,62.20,NULL,NULL,102.20,NULL,NULL
"Nara Convention Hall, Nara, Japan, South elevation","Arata Isozaki",2837,"(Japanese, born 1931)",(Japanese),(1931),NULL,(male),1992,"Computer-generated print","21 5/8 x 37 3/8" (54.9 x 94.9 cm)","Gift of the architect",143.1993,Architecture,"Architecture & Design",1993-05-04,yes,226,https://www.moma.org/collection/works/226,https://www.moma.org/media/W1siZiIsIjUyNzQxMCJdLFsicCIsImNvbnZlcnQiLCItcmVzaXplIDEwMjR4MTAyNFx1MDAzZSJdXQ.jpg?sha=a54358c26dad9149,NULL,NULL,NULL,NULL,54.93,NULL,NULL,94.93,NULL,NULL
"Nara Convention Hall, Nara, Japan, Interior perpsective of lobby","Arata Isozaki",2837,"(Japanese, born 1931)",(Japanese),(1931),NULL,(male),1992,"Computer-generated print","21 1/2 x 32 7/8" (54.6 x 83.5 cm)","Gift of the architect",144.1993,Architecture,"Architecture & Design",1993-05-04,yes,227,https://www.moma.org/collection/works/227,https://www.moma.org/media/W1siZiIsIjUyNzQxMiJdLFsicCIsImNvbnZlcnQiLCItcmVzaXplIDEwMjR4MTAyNFx1MDAzZSJdXQ.jpg?sha=2616f9228094aac9,NULL,NULL,NULL,NULL,62.20,NULL,NULL,102.20,NULL,NULL
"Nara Convention Hall, Nara, Japan, Interior perspective of main hall","Arata Isozaki",2837,"(Japanese, born 1931)",(Japanese),(1931),NULL,(male),1992,"Computer-generated print","21 1/2 x 32 3/4" (54.6 x 83.2 cm)","Gift of the architect",145.1993,Architecture,"Architecture & Design",1993-05-04,yes,228,https://www.moma.org/collection/works/228,https://www.moma.org/media/W1siZiIsIjUyNzQxMyJdLFsicCIsImNvbnZlcnQiLCItcmVzaXplIDEwMjR4MTAyNFx1MDAzZSJdXQ.jpg?sha=033a90838db60889,NULL,NULL,NULL,NULL,65.00,NULL,NULL,105.00,NULL,NULL
"Nara Convention Hall, Nara, Japan, West elevation","Arata Isozaki",2837,"(Japanese, born 1931)",(Japanese),(1931),NULL,(male),1992,"Computer-generated print","21 1/2 x 37 3/8" (54.6 x 94.9 cm)","Gift of the architect",146.1993,Architecture,"Architecture & Design",1993-05-04,yes,229,https://www.moma.org/collection/works/229,https://www.moma.org/media/W1siZiIsIjUyNzQxNiJdLFsicCIsImNvbnZlcnQiLCItcmVzaXplIDEwMjR4MTAyNFx1MDAzZSJdXQ.jpg?sha=6b199f86497548f1,NULL,NULL,NULL,NULL,65.10,NULL,NULL,105.10,NULL,NULL
"Nara Convention Hall, Nara, Japan, Exterior perspective","Arata Isozaki",2837,"(Japanese, born 1931)",(Japanese),(1931),NULL,(male),1992,"Synthetic polymer paint on computer-generated print","21 3/4 x 37 1/4" (55.2 x 94.6 cm) (comp.)","Gift of the architect",147.1993,Architecture,"Architecture & Design",1993-05-04,yes,230,https://www.moma.org/collection/works/230,https://www.moma.org/media/W1siZiIsIjUyNzQxNyJdLFsicCIsImNvbnZlcnQiLCItcmVzaXplIDEwMjR4MTAyNFx1MDAzZSJdXQ.jpg?sha=3018a0e5e04796ea,NULL,NULL,NULL,NULL,NULL,NULL,NULL,NULL,NULL,NULL
"Nara Convention Hall, Nara, Japan, Interior perspective of concert hall","Arata Isozaki",2837,"(Japanese, born 1931)",(Japanese),(1931),NULL,(male),1992,"Computer-generated print. print","21 3/4 x 32 3/4" (55.2 x 83.2 cm)","Gift of the architect",148.1993,Architecture,"Architecture & Design",1993-05-04,yes,231,https://www.moma.org/collection/works/231,https://www.moma.org/media/W1siZiIsIjUyNzQxOSJdLFsicCIsImNvbnZlcnQiLCItcmVzaXplIDEwMjR4MTAyNFx1MDAzZSJdXQ.jpg?sha=9190859f5240cd24,NULL,NULL,NULL,NULL,65.00,NULL,NULL,105.00,NULL,NULL
"Contra-Construction Project (Axonometric)","Theo van Doesburg, Cornelis van Eesteren","6076, 8112","(Dutch, 1883–1931) (Dutch, 1897–1988)","(Dutch) (Dutch)","(1883) (1897)","(1931) (1988)","(male) (male)",1923,"Gouache on lithograph","22 1/2 x 22 1/2" (57.2 x 57.2 cm)","Gift of Edgar Kaufmann, Jr.",149.1947,Architecture,"Architecture & Design",1947-06-17,yes,232,https://www.moma.org/collection/works/232,https://www.moma.org/media/W1siZiIsIjE2MjY1OCJdLFsicCIsImNvbnZlcnQiLCItcmVzaXplIDEwMjR4MTAyNFx1MDAzZSJdXQ.jpg?sha=382c1bdc02f920d1,NULL,NULL,NULL,NULL,57.20,NULL,NULL,57.20,NULL,NULL
"Nara Convention Hall, Nara, Japan, Sketches of main hall","Arata Isozaki",2837,"(Japanese, born 1931)",(Japanese),(1931),NULL,(male),1992,"Ink on tracing paper","12 x 33 1/8" (30.5 x 84.1 cm)","Gift of the architect",149.1993,Architecture,"Architecture & Design",1993-05-04,yes,233,https://www.moma.org/collection/works/233,https://www.moma.org/media/W1siZiIsIjUyNzQyMSJdLFsicCIsImNvbnZlcnQiLCItcmVzaXplIDEwMjR4MTAyNFx1MDAzZSJdXQ.jpg?sha=d8720d82cc1ab0e4,NULL,NULL,NULL,NULL,30.50,NULL,NULL,84.10,NULL,NULL
"Nara Convention Hall, Nara, Japan, Sketches for main hall","Arata Isozaki",2837,"(Japanese, born 1931)",(Japanese),(1931),NULL,(male),1992,"Felt-tipped pen on tracing paper","12 x 33 1/4" (30.5 x 84.5 cm)","Gift of the architect",150.1993,Architecture,"Architecture & Design",1993-05-04,yes,235,https://www.moma.org/collection/works/235,https://www.moma.org/media/W1siZiIsIjUyNzQyNSJdLFsicCIsImNvbnZlcnQiLCItcmVzaXplIDEwMjR4MTAyNFx1MDAzZSJdXQ.jpg?sha=699642f822503a58,NULL,NULL,NULL,NULL,30.50,NULL,NULL,84.50,NULL,NULL
"Nara Convention Hall, Nara, Japan, Site-plan sketch","Arata Isozaki",2837,"(Japanese, born 1931)",(Japanese),(1931),NULL,(male),1992,"Ink on tracing paper","12 x 19 1/2" (30.5 x 49.5 cm)","Gift of the architect",151.1993,Architecture,"Architecture & Design",1993-05-04,yes,237,https://www.moma.org/collection/works/237,https://www.moma.org/media/W1siZiIsIjUyNzQyNyJdLFsicCIsImNvbnZlcnQiLCItcmVzaXplIDEwMjR4MTAyNFx1MDAzZSJdXQ.jpg?sha=f76d1618130bad26,NULL,NULL,NULL,NULL,30.50,NULL,NULL,49.50,NULL,NULL
"Nara Convention Hall, Nara, Japan, Perspective sketches for plaza and entrance lobby","Arata Isozaki",2837,"(Japanese, born 1931)",(Japanese),(1931),NULL,(male),1992,"Color ink on tracing paper","12 x 19 5/8" (30.5 x 49.9 cm) (comp.)","Gift of the architect",152.1993,Architecture,"Architecture & Design",1993-05-04,yes,238,https://www.moma.org/collection/works/238,https://www.moma.org/media/W1siZiIsIjUyNzQyOSJdLFsicCIsImNvbnZlcnQiLCItcmVzaXplIDEwMjR4MTAyNFx1MDAzZSJdXQ.jpg?sha=ee75a46d765534ec,NULL,NULL,NULL,NULL,30.50,NULL,NULL,49.90,NULL,NULL
"Nara Convention Hall, Nara, Japan, Preliminary sketches","Arata Isozaki",2837,"(Japanese, born 1931)",(Japanese),(1931),NULL,(male),1992,"Ink on tracing paper","12 x 33 1/2" (30.5 x 85.1 cm)","Gift of the architect",153.1993,Architecture,"Architecture & Design",1993-05-04,yes,239,https://www.moma.org/collection/works/239,https://www.moma.org/media/W1siZiIsIjUyNzQzMiJdLFsicCIsImNvbnZlcnQiLCItcmVzaXplIDEwMjR4MTAyNFx1MDAzZSJdXQ.jpg?sha=ee2005028bc63bb6,NULL,NULL,NULL,NULL,30.50,NULL,NULL,85.10,NULL,NULL
"Parc de la Villette, Paris, France (Exterior perspectives, sketch)","Bernard Tschumi",7056,"(French and Swiss, born Switzerland 1944)",NULL,(1944),NULL,(male),1983,"Ink on paper","11 5/8 x 16 1/2" (29.5 x 41.9 cm)","Gift of Barbara Pine",154.1993,Architecture,"Architecture & Design",1993-05-04,yes,240,https://www.moma.org/collection/works/240,https://www.moma.org/media/W1siZiIsIjUyNzQzNCJdLFsicCIsImNvbnZlcnQiLCItcmVzaXplIDEwMjR4MTAyNFx1MDAzZSJdXQ.jpg?sha=bd9c57a5972d942d,NULL,NULL,NULL,NULL,29.53,NULL,NULL,41.91,NULL,NULL
"American System-Built Houses for The Richards Company, project, Milwaukee, Wisconsin, Perspectives, plans, and elevations","Frank Lloyd Wright",6459,"(American, 1867–1959)",(American),(1867),(1959),(male),1915-17,Lithograph,NULL,"Gift of David Rockefeller, Jr. Fund, Ira Howard Levy Fund, and Jeffrey P. Klein Purchase Fund",155.1993.1-36,Architecture,"Architecture & Design",1993-05-04,no,241,NULL,NULL,NULL,NULL,NULL,NULL,NULL,NULL,NULL,NULL,NULL,NULL
"American System-Built Houses for The Richards Company project (Exterior perspective of model D101)","Frank Lloyd Wright",6459,"(American, 1867–1959)",(American),(1867),(1959),(male),1915–1917,Lithograph,"11 x 8 1/2" (27.9 x 21.6 cm)","Gift of David Rockefeller, Jr. Fund, Ira Howard Levy Fund, and Jeffrey P. Klein Purchase Fund",155.1993.13,Architecture,"Architecture & Design",1993-05-04,yes,242,https://www.moma.org/collection/works/242,https://www.moma.org/media/W1siZiIsIjUyNzQzNiJdLFsicCIsImNvbnZlcnQiLCItcmVzaXplIDEwMjR4MTAyNFx1MDAzZSJdXQ.jpg?sha=dadfba01036db451,NULL,NULL,NULL,NULL,27.90,NULL,NULL,21.60,NULL,NULL
"American System-Built Houses for The Richards Company project (Exterior perspective of model E3)","Frank Lloyd Wright",6459,"(American, 1867–1959)",(American),(1867),(1959),(male),1915–1917,Lithograph,"11 x 8 5/8" (27.9 x 21.9 cm)","Gift of David Rockefeller, Jr. Fund, Ira Howard Levy Fund, and Jeffrey P. Klein Purchase Fund",155.1993.14,Architecture,"Architecture & Design",1993-05-04,yes,243,https://www.moma.org/collection/works/243,https://www.moma.org/media/W1siZiIsIjUyNzQzNyJdLFsicCIsImNvbnZlcnQiLCItcmVzaXplIDEwMjR4MTAyNFx1MDAzZSJdXQ.jpg?sha=a600a2069ba88071,NULL,NULL,NULL,NULL,27.90,NULL,NULL,21.90,NULL,NULL
"American System-Built Houses for The Richards Company, project, Milwaukee, Wisconsin, Isometric plan of model J400","Frank Lloyd Wright",6459,"(American, 1867–1959)",(American),(1867),(1959),(male),"c. 1915-17",Lithograph,"11 1/8 × 8 1/2" (28.3 × 21.6 cm)","Gift of David Rockefeller, Jr. Fund, Ira Howard Levy Fund, and Jeffrey P. Klein Purchase Fund",155.1993.15,Architecture,"Architecture & Design",1993-05-04,yes,244,https://www.moma.org/collection/works/244,https://www.moma.org/media/W1siZiIsIjUyNzQzOCJdLFsicCIsImNvbnZlcnQiLCItcmVzaXplIDEwMjR4MTAyNFx1MDAzZSJdXQ.jpg?sha=8429eb0ab7b5ed30,NULL,NULL,NULL,NULL,28.26,NULL,NULL,21.59,NULL,NULL
"American System-Built Houses for The Richards Company, project, Milwaukee, Wisconsin, Isometric plan of model J900","Frank Lloyd Wright",6459,"(American, 1867–1959)",(American),(1867),(1959),(male),"c. 1915-17",Lithograph,"11 × 8 5/8" (27.9 × 21.9 cm)","Gift of David Rockefeller, Jr. Fund, Ira Howard Levy Fund, and Jeffrey P. Klein Purchase Fund",155.1993.16,Architecture,"Architecture & Design",1993-05-04,yes,245,https://www.moma.org/collection/works/245,https://www.moma.org/media/W1siZiIsIjUyNzQzOSJdLFsicCIsImNvbnZlcnQiLCItcmVzaXplIDEwMjR4MTAyNFx1MDAzZSJdXQ.jpg?sha=e0dd4cf35aa5a63a,NULL,NULL,NULL,NULL,27.94,NULL,NULL,21.91,NULL,NULL
"American System-Built Houses for The Richards Company, project, Milwaukee, Wisconsin, Perpsective of model J902","Frank Lloyd Wright",6459,"(American, 1867–1959)",(American),(1867),(1959),(male),"c. 1915-17",Lithograph,"11 x 8 1/2" (27.9 x 21.6 cm)","Gift of David Rockefeller, Jr. Fund, Ira Howard Levy Fund, and Jeffrey P. Klein Purchase Fund",155.1993.17,Architecture,"Architecture & Design",1993-05-04,yes,246,https://www.moma.org/collection/works/246,https://www.moma.org/media/W1siZiIsIjUyNzQ0MCJdLFsicCIsImNvbnZlcnQiLCItcmVzaXplIDEwMjR4MTAyNFx1MDAzZSJdXQ.jpg?sha=f569c0f9bc4681f5,NULL,NULL,NULL,NULL,27.90,NULL,NULL,21.60,NULL,NULL
"American System-Built Houses for The Richards Company project, (Plan oblique of unspecified model)","Frank Lloyd Wright",6459,"(American, 1867–1959)",(American),(1867),(1959),(male),1915–1917,Lithograph,"11 x 8 1/2" (27.9 x 21.6 cm)","Gift of David Rockefeller, Jr. Fund, Ira Howard Levy Fund, and Jeffrey P. Klein Purchase Fund",155.1993.18,Architecture,"Architecture & Design",1993-05-04,yes,247,https://www.moma.org/collection/works/247,https://www.moma.org/media/W1siZiIsIjUyNzQ0MSJdLFsicCIsImNvbnZlcnQiLCItcmVzaXplIDEwMjR4MTAyNFx1MDAzZSJdXQ.jpg?sha=ff56a19fdbdc9607,NULL,NULL,NULL,NULL,27.90,NULL,NULL,21.60,NULL,NULL
"American System-Built Houses for The Richards Company project (Perspective of model A221)","Frank Lloyd Wright",6459,"(American, 1867–1959)",(American),(1867),(1959),(male),1915–1917,Lithograph,"11 1/8 x 8 5/8" (28.3 x 21.9 cm)","Gift of David Rockefeller, Jr. Fund, Ira Howard Levy Fund, and Jeffrey P. Klein Purchase Fund",155.1993.2,Architecture,"Architecture & Design",1993-05-04,yes,248,https://www.moma.org/collection/works/248,https://www.moma.org/media/W1siZiIsIjUyNzQ0MiJdLFsicCIsImNvbnZlcnQiLCItcmVzaXplIDEwMjR4MTAyNFx1MDAzZSJdXQ.jpg?sha=52bcdb5858dd077e,NULL,NULL,NULL,NULL,28.30,NULL,NULL,21.90,NULL,NULL
"American System-Built Houses for The Richards Company, project, Milwaukee, Wisconsin, Perspective of model A243","Frank Lloyd Wright",6459,"(American, 1867–1959)",(American),(1867),(1959),(male),"c. 1915-17",Lithograph,"11 x 8 1/2" (27.9 x 21.6 cm)","Gift of David Rockefeller, Jr. Fund, Ira Howard Levy Fund, and Jeffrey P. Klein Purchase Fund",155.1993.4,Architecture,"Architecture & Design",1993-05-04,yes,249,https://www.moma.org/collection/works/249,https://www.moma.org/media/W1siZiIsIjUyNzQ0MyJdLFsicCIsImNvbnZlcnQiLCItcmVzaXplIDEwMjR4MTAyNFx1MDAzZSJdXQ.jpg?sha=f6ba6f09bd64859a,NULL,NULL,NULL,NULL,27.90,NULL,NULL,21.60,NULL,NULL
"American System-Built Houses for The Richards Company project (Exterior perspective of model B23)","Frank Lloyd Wright",6459,"(American, 1867–1959)",(American),(1867),(1959),(male),1915–1917,Lithograph,"11 x 8 1/2" (27.9 x 21.6 cm)","Gift of David Rockefeller, Jr. Fund, Ira Howard Levy Fund, and Jeffrey P. Klein Purchase Fund",155.1993.6,Architecture,"Architecture & Design",1993-05-04,yes,250,https://www.moma.org/collection/works/250,https://www.moma.org/media/W1siZiIsIjUyNzQ0NCJdLFsicCIsImNvbnZlcnQiLCItcmVzaXplIDEwMjR4MTAyNFx1MDAzZSJdXQ.jpg?sha=ca8ec17bbbf58f47,NULL,NULL,NULL,NULL,61.60,NULL,NULL,21.60,NULL,NULL
"Ibirapuera Park project, São Paulo, Brazil (Site plan)","Oscar Niemeyer, Roberto Burle Marx","8103, 6934","(Brazilian, 1907–2012) (Brazilian, 1909–1994)","(Brazilian) (Brazilian)","(1907) (1909)","(2012) (1994)","(male) (male)",1953,"Gouache and graphite on board","39 1/2  x  59 1/2" (100.3 x 151.1 cm)","Gift of Roblee McCarthy, Jr. Fund and Lily Auchincloss Fund",157.1991,Architecture,"Architecture & Design",1991-06-04,yes,252,https://www.moma.org/collection/works/252,https://www.moma.org/media/W1siZiIsIjI4NDc1MiJdLFsicCIsImNvbnZlcnQiLCItcmVzaXplIDEwMjR4MTAyNFx1MDAzZSJdXQ.jpg?sha=76b8af866060f552,NULL,NULL,NULL,NULL,100.30,NULL,NULL,151.10,NULL,NULL
"Ibirapuera Park Project, São Paulo, Brazil (Perspective)","Oscar Niemeyer, Roberto Burle Marx","8103, 6934","(Brazilian, 1907–2012) (Brazilian, 1909–1994)","(Brazilian) (Brazilian)","(1907) (1909)","(2012) (1994)","(male) (male)",1953,"Gouache on board","39 x 59 1/2" (99.1 x 151.1 cm)","Gift of Roblee McCarthy, Jr. Fund and Lily Auchincloss Fund",158.1991,Architecture,"Architecture & Design",1991-06-04,yes,253,https://www.moma.org/collection/works/253,https://www.moma.org/media/W1siZiIsIjI4NDc1NCJdLFsicCIsImNvbnZlcnQiLCItcmVzaXplIDEwMjR4MTAyNFx1MDAzZSJdXQ.jpg?sha=b38b08074c770efc,NULL,NULL,NULL,NULL,99.10,NULL,NULL,151.10,NULL,NULL
"Prototype Architecture School No. 5, project, Los Angeles, California, Elevations","Neil M. Denari",7933,"(American, born 1957)",(American),(1957),NULL,(male),1992,"Ink, airbrush, and cut-and-pasted printed self-adhesive polymer sheet on frosted polymer sheet","24 1/2 x 33 1/16" (62.2 x 84 cm)","Ralph Fehlbaum Purchase Fund",191.1998,Architecture,"Architecture & Design",1998-04-22,yes,255,https://www.moma.org/collection/works/255,https://www.moma.org/media/W1siZiIsIjUyNzk2MyJdLFsicCIsImNvbnZlcnQiLCItcmVzaXplIDEwMjR4MTAyNFx1MDAzZSJdXQ.jpg?sha=50bf4cc442ede240,NULL,NULL,NULL,NULL,62.20,NULL,NULL,84.00,NULL,NULL
"Bismarck Monument, project, Bingen, Germany, Perspective view of courtyard","Ludwig Mies van der Rohe",7166,"(American, born Germany. 1886–1969)",(American),(1886),(1969),(male),1910,"Gouache on linen","55 1/2 x 94 1/2" (141 x 240 cm)","Rob Beyer Purchase Fund, Edward Larrabee Barnes Purchase Fund, Marcel Breuer Purchase Fund, and Philip Johnson Purchase Fund",192.1998,Architecture,"Architecture & Design",1998-04-22,yes,256,https://www.moma.org/collection/works/256,https://www.moma.org/media/W1siZiIsIjUyNzk2NCJdLFsicCIsImNvbnZlcnQiLCItcmVzaXplIDEwMjR4MTAyNFx1MDAzZSJdXQ.jpg?sha=b0225329931c7e3b,NULL,NULL,NULL,NULL,141.00,NULL,NULL,240.00,NULL,NULL
"Simulated Dwelling for a Family of Five Project","David Jacob",2864,"(American, born 1928)",(American),(1928),NULL,(male),1970,"Fiberglass, polyester resin, metal, paper, plastic and synthetic polymer paint","28 x 34 3/8 x 34 3/8" (71.1 x 87.3 x 87.3 cm)","Estée and Joseph Lauder Design Fund",194.1973,Architecture,"Architecture & Design",1973-05-08,yes,257,https://www.moma.org/collection/works/257,https://www.moma.org/media/W1siZiIsIjIyODY1OCJdLFsicCIsImNvbnZlcnQiLCItcmVzaXplIDEwMjR4MTAyNFx1MDAzZSJdXQ.jpg?sha=0f4261daac246e9b,"MoMA, Floor 4, 417",NULL,87.31,NULL,71.12,NULL,NULL,87.31,NULL,NULL
"Gotthard Bank, Lugano, Switzerland, Perspective","Mario Botta",696,"(Swiss, born 1943)",(Swiss),(1943),NULL,(male),1986,"Pen and ink on paper","37 1/4 x 37 1/4" (94.6 x 94.6 cm)","Gift of Banca del Gottardo",206.1987,Architecture,"Architecture & Design",1987-05-27,yes,258,https://www.moma.org/collection/works/258,https://www.moma.org/media/W1siZiIsIjUyNjY5OSJdLFsicCIsImNvbnZlcnQiLCItcmVzaXplIDEwMjR4MTAyNFx1MDAzZSJdXQ.jpg?sha=4e035282d4883088,NULL,NULL,NULL,NULL,94.60,NULL,NULL,94.60,NULL,NULL
"Gotthard Bank, Lugano, Switzerland, Elevation","Mario Botta",696,"(Swiss, born 1943)",(Swiss),(1943),NULL,(male),c.1985,"Colored pencil on print","22 7/8 x 37 1/4" (58.1 x 94.6 cm)","Gift of Banca del Gottardo",207.1987,Architecture,"Architecture & Design",1987-05-27,yes,259,https://www.moma.org/collection/works/259,https://www.moma.org/media/W1siZiIsIjUyNjcwMCJdLFsicCIsImNvbnZlcnQiLCItcmVzaXplIDEwMjR4MTAyNFx1MDAzZSJdXQ.jpg?sha=eba9444e25e284be,NULL,NULL,NULL,NULL,58.10,NULL,NULL,94.60,NULL,NULL
"Gotthard Bank, Lugano, Switzerland, West elevation","Mario Botta",696,"(Swiss, born 1943)",(Swiss),(1943),NULL,(male),1985,"Color pencil on print","11 3/4 x 54 1/2" (29.8 x 138.4 cm)","Gift of Banca del Gottardo",208.1987,Architecture,"Architecture & Design",1987-05-27,yes,260,https://www.moma.org/collection/works/260,https://www.moma.org/media/W1siZiIsIjUyNjcwMSJdLFsicCIsImNvbnZlcnQiLCItcmVzaXplIDEwMjR4MTAyNFx1MDAzZSJdXQ.jpg?sha=d10f2c3dda56ff37,NULL,NULL,NULL,NULL,29.80,NULL,NULL,138.40,NULL,NULL
"Gotthard Bank, Lugano, Switzerland, Preliminary sketch","Mario Botta",696,"(Swiss, born 1943)",(Swiss),(1943),NULL,(male),Unknown,"Graphite on tracing paper","12 x 28" (30.5 x 71.1 cm)","Gift of Banca del Gottardo",209.1987,Architecture,"Architecture & Design",1987-05-27,yes,261,https://www.moma.org/collection/works/261,https://www.moma.org/media/W1siZiIsIjM0MDkiXSxbInAiLCJjb252ZXJ0IiwiLXJlc2l6ZSAxMDI0eDEwMjRcdTAwM2UiXV0.jpg?sha=c8d9fa3decb70d28,NULL,NULL,NULL,NULL,30.50,NULL,NULL,71.10,NULL,NULL
"Gotthard Bank, Lugano, Switzerland (Preliminary sketch)","Mario Botta",696,"(Swiss, born 1943)",(Swiss),(1943),NULL,(male),1982–1986,"Graphite on tracing paper",".1: 12 x 10 3/4" (30.5 x 27.3 cm)
.2: 12 x 8 5/8"  (30.5 x 22 cm)","Gift of Banca del Gottardo",210.1987.1-2,Architecture,"Architecture & Design",1987-05-27,yes,262,https://www.moma.org/collection/works/262,https://www.moma.org/media/W1siZiIsIjM0MDkiXSxbInAiLCJjb252ZXJ0IiwiLXJlc2l6ZSAxMDI0eDEwMjRcdTAwM2UiXV0.jpg?sha=c8d9fa3decb70d28,NULL,NULL,NULL,NULL,30.50,NULL,NULL,27.30,NULL,NULL
"Gotthard Bank, Lugano, Switzerland (Preliminary sketch)","Mario Botta",696,"(Swiss, born 1943)",(Swiss),(1943),NULL,(male),1982-86,"Graphite on tracing paper","12 x 18 1/2" (30.5 x 47 cm)","Gift of Banca del Gottardo",211.1987,Architecture,"Architecture & Design",1987-05-27,yes,263,https://www.moma.org/collection/works/263,https://www.moma.org/media/W1siZiIsIjM0MDkiXSxbInAiLCJjb252ZXJ0IiwiLXJlc2l6ZSAxMDI0eDEwMjRcdTAwM2UiXV0.jpg?sha=c8d9fa3decb70d28,NULL,NULL,NULL,NULL,30.50,NULL,NULL,47.00,NULL,NULL
"Dymaxion Dwelling Machine project, Wichita House (Study for air circulation: floor plan)","R. Buckminster Fuller",2030,"(American, 1895–1983)",(American),(1895),(1983),(male),1945,"Graphite on paper","22 x 34" (55.9 x 86.4 cm)","Gift of The Gilman Foundation, Inc.",212.1978,Architecture,"Architecture & Design",1978-02-27,yes,264,https://www.moma.org/collection/works/264,https://www.moma.org/media/W1siZiIsIjUyMDI5NiJdLFsicCIsImNvbnZlcnQiLCItcmVzaXplIDEwMjR4MTAyNFx1MDAzZSJdXQ.jpg?sha=d2a599eae9114dfb,NULL,NULL,NULL,NULL,55.90,NULL,NULL,86.40,NULL,NULL
"Cultural Center, Chambéry, France, East elevation","Mario Botta",696,"(Swiss, born 1943)",(Swiss),(1943),NULL,(male),Unknown,"Colored pencil on print","18 x 43 1/4" (45.7 x 109.9 cm)","Gift of the architect",212.1987,Architecture,"Architecture & Design",1987-05-27,yes,265,https://www.moma.org/collection/works/265,https://www.moma.org/media/W1siZiIsIjUyNjcwMiJdLFsicCIsImNvbnZlcnQiLCItcmVzaXplIDEwMjR4MTAyNFx1MDAzZSJdXQ.jpg?sha=18cd160b306ef3f9,NULL,NULL,NULL,NULL,45.70,NULL,NULL,109.90,NULL,NULL
"Dymaxion Dwelling Machine project, Wichita House (Study for air circulation: plan and sections)","R. Buckminster Fuller",2030,"(American, 1895–1983)",(American),(1895),(1983),(male),1945,"Graphite on paper","26 1/4 x 35 1/2" (66.7 x 90.2 cm)","Gift of The Gilman Foundation, Inc.",213.1978,Architecture,"Architecture & Design",1978-02-27,yes,266,https://www.moma.org/collection/works/266,https://www.moma.org/media/W1siZiIsIjUyMDI5NyJdLFsicCIsImNvbnZlcnQiLCItcmVzaXplIDEwMjR4MTAyNFx1MDAzZSJdXQ.jpg?sha=d844bb1a0aa77c28,NULL,NULL,NULL,NULL,66.70,NULL,NULL,90.20,NULL,NULL
"Cultural Center, Chambéry, France, North elevation","Mario Botta",696,"(Swiss, born 1943)",(Swiss),(1943),NULL,(male),Unknown,"Colored pencil on print","18 x 43 1/4" (45.7 x 109.9 cm)","Gift of the architect",213.1987,Architecture,"Architecture & Design",1987-05-27,yes,267,https://www.moma.org/collection/works/267,https://www.moma.org/media/W1siZiIsIjUyNjcwMyJdLFsicCIsImNvbnZlcnQiLCItcmVzaXplIDEwMjR4MTAyNFx1MDAzZSJdXQ.jpg?sha=b3c2a58e58284b29,NULL,NULL,NULL,NULL,45.70,NULL,NULL,109.90,NULL,NULL
"Cultural Center, Chambéry, France, West elevation","Mario Botta",696,"(Swiss, born 1943)",(Swiss),(1943),NULL,(male),Unknown,"Colored pencil on print","18 x 43 1/4" (45.7 x 109.9 cm)","Gift of the architect",214.1987,Architecture,"Architecture & Design",1987-05-27,yes,268,https://www.moma.org/collection/works/268,https://www.moma.org/media/W1siZiIsIjUyNjcwNCJdLFsicCIsImNvbnZlcnQiLCItcmVzaXplIDEwMjR4MTAyNFx1MDAzZSJdXQ.jpg?sha=886390b33a98eb31,NULL,NULL,NULL,NULL,45.70,NULL,NULL,109.90,NULL,NULL
"Cultural Center, Chambéry, France, South elevation","Mario Botta",696,"(Swiss, born 1943)",(Swiss),(1943),NULL,(male),1982-86,"Colored pencil and graphite on print","18 x 43 1/4" (45.7 x 109.9 cm)","Gift of the architect",215.1987,Architecture,"Architecture & Design",1987-05-27,yes,269,https://www.moma.org/collection/works/269,https://www.moma.org/media/W1siZiIsIjUyNjcwNSJdLFsicCIsImNvbnZlcnQiLCItcmVzaXplIDEwMjR4MTAyNFx1MDAzZSJdXQ.jpg?sha=71e5eca9611fa856,NULL,NULL,NULL,NULL,45.70,NULL,NULL,109.90,NULL,NULL
"Urban Housing, Turin, Italy, Site plan","Mario Botta",696,"(Swiss, born 1943)",(Swiss),(1943),NULL,(male),1985.,"Colored pencil on print","41 x 47 1/4" (104.1 x 120 cm)","Gift of the architect",216.1987,Architecture,"Architecture & Design",1987-05-27,yes,270,https://www.moma.org/collection/works/270,https://www.moma.org/media/W1siZiIsIjUyNjcwNiJdLFsicCIsImNvbnZlcnQiLCItcmVzaXplIDEwMjR4MTAyNFx1MDAzZSJdXQ.jpg?sha=e141d587321dec14,NULL,NULL,NULL,NULL,104.10,NULL,NULL,120.00,NULL,NULL
"Row Housing, Pregassona, Switzerland, Elevation","Mario Botta",696,"(Swiss, born 1943)",(Swiss),(1943),NULL,(male),1985,"Colored pencil on print","20 3/4 x 53 1/4" (52.7 x 135.3 cm)","Gift of the architect",217.1987.1,Architecture,"Architecture & Design",1987-05-27,yes,271,https://www.moma.org/collection/works/271,https://www.moma.org/media/W1siZiIsIjUyNjcwNyJdLFsicCIsImNvbnZlcnQiLCItcmVzaXplIDEwMjR4MTAyNFx1MDAzZSJdXQ.jpg?sha=f91a03ecdf88de1a,NULL,NULL,NULL,NULL,52.70,NULL,NULL,135.30,NULL,NULL
"Row Housing, project, Pregassona, Switzerland, Elevation","Mario Botta",696,"(Swiss, born 1943)",(Swiss),(1943),NULL,(male),1985,"Color pencil and graphite on diazotype","20 3/4 x 53 1/4" (52.7 x 135.3 cm)","Gift of the architect",218.1987.1,Architecture,"Architecture & Design",1987-05-27,yes,272,https://www.moma.org/collection/works/272,https://www.moma.org/media/W1siZiIsIjUyNjcwOCJdLFsicCIsImNvbnZlcnQiLCItcmVzaXplIDEwMjR4MTAyNFx1MDAzZSJdXQ.jpg?sha=c886d8eeb862c3bb,NULL,NULL,NULL,NULL,52.70,NULL,NULL,135.30,NULL,NULL
"House, Morbio Inferiore, Switzerland, Elevation","Mario Botta",696,"(Swiss, born 1943)",(Swiss),(1943),NULL,(male),1986.,"Colored pencil on print","36 1/2 x 58 1/8" (92.7 x 147.6 cm)","Gift of the architect",219.1987.1,Architecture,"Architecture & Design",1987-05-27,yes,273,https://www.moma.org/collection/works/273,https://www.moma.org/media/W1siZiIsIjUyNjcwOSJdLFsicCIsImNvbnZlcnQiLCItcmVzaXplIDEwMjR4MTAyNFx1MDAzZSJdXQ.jpg?sha=64c339f549e7eef4,NULL,NULL,NULL,NULL,92.70,NULL,NULL,147.60,NULL,NULL
"House, Breganzona, Switzerland, Elevation","Mario Botta",696,"(Swiss, born 1943)",(Swiss),(1943),NULL,(male),1984,"Colored pencil on print","46 3/8 x 58 1/2" (117.8 x 148.6 cm)","Gift of the architect",220.1987,Architecture,"Architecture & Design",1987-05-27,yes,274,https://www.moma.org/collection/works/274,https://www.moma.org/media/W1siZiIsIjIxMDc0MiJdLFsicCIsImNvbnZlcnQiLCItcmVzaXplIDEwMjR4MTAyNFx1MDAzZSJdXQ.jpg?sha=7933ec0d3df56187,NULL,NULL,NULL,NULL,117.80,NULL,NULL,148.60,NULL,NULL
"Gallery, Tokyo, Japan, Elevation","Mario Botta",696,"(Swiss, born 1943)",(Swiss),(1943),NULL,(male),1985.,"Colored pencil on print","24 7/8 x 25" (63.2 x 63.5 cm)","Gift of the architect",221.1987,Architecture,"Architecture & Design",1987-05-27,yes,275,https://www.moma.org/collection/works/275,https://www.moma.org/media/W1siZiIsIjUyNjcxMCJdLFsicCIsImNvbnZlcnQiLCItcmVzaXplIDEwMjR4MTAyNFx1MDAzZSJdXQ.jpg?sha=d008b3f1102dbdb3,NULL,NULL,NULL,NULL,63.20,NULL,NULL,63.50,NULL,NULL
"Thyssen-Bornemisza Gallery, Lugano, Switzerland, Elevation","Mario Botta",696,"(Swiss, born 1943)",(Swiss),(1943),NULL,(male),1986,"Colored pencil on print","23 1/2 x 43 1/4" (59.7 x 109.9 cm)","Gift of the architect",222.1987,Architecture,"Architecture & Design",1987-05-27,yes,276,https://www.moma.org/collection/works/276,https://www.moma.org/media/W1siZiIsIjUyNjcxMSJdLFsicCIsImNvbnZlcnQiLCItcmVzaXplIDEwMjR4MTAyNFx1MDAzZSJdXQ.jpg?sha=2e2c139f995e092d,NULL,NULL,NULL,NULL,59.70,NULL,NULL,109.90,NULL,NULL
"Urban Housing, Turin, Italy, Plan","Mario Botta",696,"(Swiss, born 1943)",(Swiss),(1943),NULL,(male),1985,"Colored pencil on print","16 3/8 x 15 1/4" (41.6 x 38.7 cm)","Gift of the architect",223.1987,Architecture,"Architecture & Design",1987-05-27,yes,277,https://www.moma.org/collection/works/277,https://www.moma.org/media/W1siZiIsIjUyNjcxMiJdLFsicCIsImNvbnZlcnQiLCItcmVzaXplIDEwMjR4MTAyNFx1MDAzZSJdXQ.jpg?sha=47add424381ce9c1,NULL,NULL,NULL,NULL,41.60,NULL,NULL,38.70,NULL,NULL
"Urban Housing, Turin, Italy (Plan)","Mario Botta",696,"(Swiss, born 1943)",(Swiss),(1943),NULL,(male),1985,"Colored pencil on print","16 3/8 x 15 1/4" (41.6 x 38.7 cm)","Gift of Mario Botta",224.1987,Architecture,"Architecture & Design",1987-05-27,yes,278,https://www.moma.org/collection/works/278,NULL,NULL,NULL,NULL,NULL,41.59,NULL,NULL,38.74,NULL,NULL
"Urban Housing, Turin, Italy (Plan)","Mario Botta",696,"(Swiss, born 1943)",(Swiss),(1943),NULL,(male),1985,"Colored pencil on print","16 3/8 x 15 1/4" (41.6 x 38.7 cm)","Gift of Mario Botta",225.1987,Architecture,"Architecture & Design",1987-05-27,yes,279,https://www.moma.org/collection/works/279,NULL,NULL,NULL,NULL,NULL,41.59,NULL,NULL,38.74,NULL,NULL
"Library, Villeurbanne, France, Principal-facade elevation","Mario Botta",696,"(Swiss, born 1943)",(Swiss),(1943),NULL,(male),1984,"Colored pencil on print","30 3/8 x 46 1/2" (77.2 x 118.1 cm)","Gift of the architect",226.1987,Architecture,"Architecture & Design",1987-05-27,yes,280,https://www.moma.org/collection/works/280,https://www.moma.org/media/W1siZiIsIjUyNjcxMyJdLFsicCIsImNvbnZlcnQiLCItcmVzaXplIDEwMjR4MTAyNFx1MDAzZSJdXQ.jpg?sha=74bc63f46e4a3ecc,NULL,NULL,NULL,NULL,77.20,NULL,NULL,118.10,NULL,NULL
"Library, Villeurbanne, France, Interior rear elevation","Mario Botta",696,"(Swiss, born 1943)",(Swiss),(1943),NULL,(male),1984,"Colored pencil on print","30 3/8 x 46 1/2" (77.2 x 118.1 cm)","Gift of the architect",227.1987,Architecture,"Architecture & Design",1987-05-27,yes,281,https://www.moma.org/collection/works/281,https://www.moma.org/media/W1siZiIsIjUyNjcxNCJdLFsicCIsImNvbnZlcnQiLCItcmVzaXplIDEwMjR4MTAyNFx1MDAzZSJdXQ.jpg?sha=0fb7f897b92469c1,NULL,NULL,NULL,NULL,77.20,NULL,NULL,118.10,NULL,NULL
"Millard House (La Miniatura), Pasadena, California (Exterior perspective from the garden)","Frank Lloyd Wright",6459,"(American, 1867–1959)",(American),(1867),(1959),(male),1923–1924,"Colored pencil and graphite on paper","20 3/4 x 19 5/8" (52.7 x 49.8 cm)","Gift of Mr. and Mrs. Walter Hochschild",240.1981,Architecture,"Architecture & Design",1981-04-30,yes,282,https://www.moma.org/collection/works/282,https://www.moma.org/media/W1siZiIsIjUyMDg3MSJdLFsicCIsImNvbnZlcnQiLCItcmVzaXplIDEwMjR4MTAyNFx1MDAzZSJdXQ.jpg?sha=3f004205d934e616,NULL,NULL,NULL,NULL,52.71,NULL,NULL,49.85,NULL,NULL
"Project for a Piece of Furniture","Alessandro Mendini",3925,"(Italian, born 1931)",(Italian),(1931),NULL,(male),1974,"Color pencil on board","20 x 14 1/4" (50.8 x 36.2 cm)","Zaidee Dufallo Fund and Greta Daniel Fund",241.1975.1-3,Architecture,"Architecture & Design",1975-03-31,yes,283,https://www.moma.org/collection/works/283,https://www.moma.org/media/W1siZiIsIjUyMDE2NiJdLFsicCIsImNvbnZlcnQiLCItcmVzaXplIDEwMjR4MTAyNFx1MDAzZSJdXQ.jpg?sha=d484698d23a7116d,NULL,NULL,NULL,NULL,50.80,NULL,NULL,36.20,NULL,NULL
"La Miniatura, Mrs. George Madison Millard House, Pasadena, California, Plan of first floor","Frank Lloyd Wright",6459,"(American, 1867–1959)",(American),(1867),(1959),(male),1923,"Graphite on gampi paper","13 x 11 5/8" (33 x 29.5 cm)","Gift of Mr. and Mrs. Walter Hochschild",241.1981,Architecture,"Architecture & Design",1981-04-30,yes,284,https://www.moma.org/collection/works/284,https://www.moma.org/media/W1siZiIsIjUyMDg3MiJdLFsicCIsImNvbnZlcnQiLCItcmVzaXplIDEwMjR4MTAyNFx1MDAzZSJdXQ.jpg?sha=175e0ef759498c9e,NULL,NULL,NULL,NULL,33.00,NULL,NULL,29.50,NULL,NULL
"La Miniatura, Mrs. George Madison Millard House, Pasadena, California, Plan of main floor","Frank Lloyd Wright",6459,"(American, 1867–1959)",(American),(1867),(1959),(male),1923,"Graphite on gampi paper","13 x 11 5/8" (33 x 29.5 cm)","Gift of Mr. and Mrs. Walter Hochschild",242.1981,Architecture,"Architecture & Design",1981-04-30,yes,285,https://www.moma.org/collection/works/285,https://www.moma.org/media/W1siZiIsIjUyMDg3MyJdLFsicCIsImNvbnZlcnQiLCItcmVzaXplIDEwMjR4MTAyNFx1MDAzZSJdXQ.jpg?sha=e75da84a70edb5e6,NULL,NULL,NULL,NULL,33.00,NULL,NULL,29.50,NULL,NULL
"Ibirapuera Park, Quadricentennial Gardens, project, São Paulo, Brazil (Plan, detail five)","Roberto Burle Marx",6934,"(Brazilian, 1909–1994)",(Brazilian),(1909),(1994),(male),1953,"Gouache on board","43 x 52 1/8" (109.2 x 132.4 cm)","Inter-American Fund",243.1954,Architecture,"Architecture & Design",1954-06-16,yes,286,https://www.moma.org/collection/works/286,https://www.moma.org/media/W1siZiIsIjI4Njk2NyJdLFsicCIsImNvbnZlcnQiLCItcmVzaXplIDEwMjR4MTAyNFx1MDAzZSJdXQ.jpg?sha=cae9b5689967025b,NULL,NULL,NULL,NULL,109.20,NULL,NULL,132.40,NULL,NULL
"Floor plan for the exhibition "Bauhaus 1919-1928," The Museum of Modern Art, New York, December 7, 1938-January 30, 1939","Herbert Bayer",399,"(American, born Austria. 1900–1985)",(American),(1900),(1985),(male),1938,"Ink, gouache, and cut-and-pasted coated papers","20 3/16 x 17 13/16" (51.3 x 45.2 cm)",Purchase,252.1986,Architecture,"Architecture & Design",1986-10-07,yes,287,https://www.moma.org/collection/works/287,https://www.moma.org/media/W1siZiIsIjUyNjcyNyJdLFsicCIsImNvbnZlcnQiLCItcmVzaXplIDEwMjR4MTAyNFx1MDAzZSJdXQ.jpg?sha=76245560497bac0e,NULL,NULL,NULL,NULL,51.30,NULL,NULL,45.20,NULL,NULL
"White Monuments with Red Flag Curtains, project, Perspective","Leon Krier",3250,"(Luxembourger, born 1946)",(Luxembourger),(1946),NULL,(male),1974,"Pen on paper","5 7/16 x 8 1/4" (13.8 x 21 cm)","Architecture and Design Interest Fund",253.1986,Architecture,"Architecture & Design",1986-10-07,yes,288,https://www.moma.org/collection/works/288,https://www.moma.org/media/W1siZiIsIjUyNjcyOCJdLFsicCIsImNvbnZlcnQiLCItcmVzaXplIDEwMjR4MTAyNFx1MDAzZSJdXQ.jpg?sha=defcdea770881cdc,NULL,NULL,NULL,NULL,13.80,NULL,NULL,21.00,NULL,NULL
"Silk Administration Building project, Krefeld, Germany (Perspective)","Ludwig Mies van der Rohe",7166,"(American, born Germany. 1886–1969)",(American),(1886),(1969),(male),1938,"Pencil on illustration board","28 5/8 x 40 1/8" (72.7 x 101.9 cm)",Purchase,254.1986,Architecture,"Architecture & Design",1986-10-07,yes,289,https://www.moma.org/collection/works/289,NULL,NULL,NULL,NULL,NULL,72.71,NULL,NULL,101.92,NULL,NULL
"Silk Administration Building project, Krefeld, Germany (Perspective of front elevation)","Ludwig Mies van der Rohe",7166,"(American, born Germany. 1886–1969)",(American),(1886),(1969),(male),1938,"Pencil on illustration board","28 5/8 x 40 1/8" (72.7 x 101.9 cm)",Purchase,255.1986,Architecture,"Architecture & Design",1986-10-07,yes,290,https://www.moma.org/collection/works/290,NULL,NULL,NULL,NULL,NULL,72.71,NULL,NULL,101.92,NULL,NULL
"Silk Administration Building, project, Krefeld, Germany (Perspective of rear elevation)","Ludwig Mies van der Rohe",7166,"(American, born Germany. 1886–1969)",(American),(1886),(1969),(male),1938,"Pencil on illustration board","28 5/8 x 40 1/8" (72.7 x 101.9 cm)",Purchase,256.1986,Architecture,"Architecture & Design",1986-10-07,yes,291,https://www.moma.org/collection/works/291,NULL,NULL,NULL,NULL,NULL,72.71,NULL,NULL,101.92,NULL,NULL
"Silk Administration Building project, Krefeld, Germany (Interior perspective of entrance hall)","Ludwig Mies van der Rohe",7166,"(American, born Germany. 1886–1969)",(American),(1886),(1969),(male),1938,"Pencil on illustration board","28 5/8 x 40 1/8" (72.7 x 109.9 cm)",Purchase,257.1986,Architecture,"Architecture & Design",1986-10-07,yes,292,https://www.moma.org/collection/works/292,NULL,NULL,NULL,NULL,NULL,72.70,NULL,NULL,109.90,NULL,NULL
"Silk Administration Building project, Krefeld, Germany (Elevation)","Ludwig Mies van der Rohe",7166,"(American, born Germany. 1886–1969)",(American),(1886),(1969),(male),1938,"Pencil on illustration board","28 5/8 x 40 1/8" (72.7 x 109.9 cm)",Purchase,258.1986,Architecture,"Architecture & Design",1986-10-07,yes,293,https://www.moma.org/collection/works/293,NULL,NULL,NULL,NULL,NULL,72.70,NULL,NULL,109.90,NULL,NULL
"Resor House Project, Jackson Hole, Wyoming, 588 sketches","Ludwig Mies van der Rohe",7166,"(American, born Germany. 1886–1969)",(American),(1886),(1969),(male),1938,"Graphite on tracing paper","8 1/2 x 13" (20.3 x 33 cm)","Mies van der Rohe Archive, gift of the architect",265.1979,"Mies van der Rohe Archive","Architecture & Design",1979-05-30,no,294,NULL,NULL,NULL,NULL,NULL,NULL,20.30,NULL,NULL,33.00,NULL,NULL
"Micromegas Project, Time Sections","Daniel Libeskind",7527,"(American, born Poland 1946)",(American),(1946),NULL,(male),1979,"Silkscreen on paper","26 x 36 1/8" (66 x 91.8 cm)","Robert K. and Barbara J. Straus Family Foundation, Inc.",271.1999,Architecture,"Architecture & Design",1999-06-30,yes,295,https://www.moma.org/collection/works/295,https://www.moma.org/media/W1siZiIsIjUyODUyMSJdLFsicCIsImNvbnZlcnQiLCItcmVzaXplIDEwMjR4MTAyNFx1MDAzZSJdXQ.jpg?sha=51f6beec352eab55,NULL,NULL,NULL,NULL,66.04,NULL,NULL,91.76,NULL,NULL
"Sixth Street House project, Santa Monica, California, Sixth Street: Figure 2","Thom Mayne, Andrew Zago","8218, 22884","(American, born 1944) (American, born 1958)","(American) (American)","(1944) (1958)",NULL,"(male) (male)",1987,"Serigraph with metal foil on paper","40 x 30" (101.6 x 76.2 cm)","Given anonymously",272.1999.1,Architecture,"Architecture & Design",1999-06-30,yes,296,https://www.moma.org/collection/works/296,https://www.moma.org/media/W1siZiIsIjUyODUyMiJdLFsicCIsImNvbnZlcnQiLCItcmVzaXplIDEwMjR4MTAyNFx1MDAzZSJdXQ.jpg?sha=0b3803138cf5c06d,NULL,NULL,NULL,NULL,101.60,NULL,NULL,76.20,NULL,NULL
"Sixth Street House project, Santa Monica, California","Thom Mayne, Andrew Zago","8218, 22884","(American, born 1944) (American, born 1958)","(American) (American)","(1944) (1958)",NULL,"(male) (male)",".1-3 1987; .4 1990","Serigraph with metal foil on paper",NULL,"Given anonymously",272.1999.1-4,Architecture,"Architecture & Design",1999-06-30,no,297,NULL,NULL,NULL,NULL,NULL,NULL,NULL,NULL,NULL,NULL,NULL,NULL
"Sixth Street House project, Santa Monica, California, Sixth Street: Figure 6","Thom Mayne, Andrew Zago","8218, 22884","(American, born 1944) (American, born 1958)","(American) (American)","(1944) (1958)",NULL,"(male) (male)",1987,"Serigraph with metal foil on paper","40 x 29 7/8" (101.6 x 75.9 cm)","Given anonymously",272.1999.2,Architecture,"Architecture & Design",1999-06-30,yes,298,https://www.moma.org/collection/works/298,https://www.moma.org/media/W1siZiIsIjUyODUyMyJdLFsicCIsImNvbnZlcnQiLCItcmVzaXplIDEwMjR4MTAyNFx1MDAzZSJdXQ.jpg?sha=aec4d9f363edcd27,NULL,NULL,NULL,NULL,101.60,NULL,NULL,75.90,NULL,NULL
"Sixth Street House project, Santa Monica, CA (Isometrics and plan)","Thom Mayne, Andrew Zago, Morphosis, Santa Monica, CA","8218, 22884, 29711","(American, born 1944) (American, born 1958) (founded 1972)","(American) (American) ()","(1944) (1958) (1972)","(0) (0) (0)","(male) (male) ()",1990,"Screenprint with metal foil on paper","40 x 30" (101.6 x 76.2 cm)","Given anonymously",272.1999.4,Architecture,"Architecture & Design",1999-06-30,yes,299,https://www.moma.org/collection/works/299,https://www.moma.org/media/W1siZiIsIjUyODUzNSJdLFsicCIsImNvbnZlcnQiLCItcmVzaXplIDEwMjR4MTAyNFx1MDAzZSJdXQ.jpg?sha=aacdb7bc224d90b9,NULL,NULL,NULL,NULL,101.60,NULL,NULL,76.20,NULL,NULL
"Boompjes Tower Slab, project, Rotterdam, The Netherlands, Perspective","Rem Koolhaas, Elia Zenghelis, Zoe Zenghelis, Madelon Vriesendorp","6956, 7558, 7559, 6957","(Dutch, born 1944) (British, born Greece 1937) (British, born Greece 1937) (Dutch, born 1945)","(Dutch) (British) (British) (Dutch)","(1944) (1937) (1937) (1945)","(0) (0) (0) (0)","(male) (male) (female) (female)",1981,"Watercolor and ink on paper","25 x 35" (63.5 x 88.9 cm)
","Andrew Cogan Purchase Fund",273.1999,Architecture,"Architecture & Design",1999-06-30,yes,300,https://www.moma.org/collection/works/300,https://www.moma.org/media/W1siZiIsIjUyODUzNiJdLFsicCIsImNvbnZlcnQiLCItcmVzaXplIDEwMjR4MTAyNFx1MDAzZSJdXQ.jpg?sha=145089ee8ea8a047,NULL,NULL,NULL,NULL,63.50,NULL,NULL,88.90,NULL,NULL
"Urban Architecture, project, Perspective","Aldo Rossi",7661,"(Italian, 1931–1997)",(Italian),(1931),(1997),(male),1976,"Oil pastel, ballpoint pen, ink, and felt-tip marker on paper with tape","14 1/8 x 10 1/8" (35.9 x 25.7 cm)","Barbara Jakobson Purchase Fund",274.1999,Architecture,"Architecture & Design",1999-06-30,yes,301,https://www.moma.org/collection/works/301,https://www.moma.org/media/W1siZiIsIjUyODUzNyJdLFsicCIsImNvbnZlcnQiLCItcmVzaXplIDEwMjR4MTAyNFx1MDAzZSJdXQ.jpg?sha=49da2805431cc9ed,NULL,NULL,NULL,NULL,35.90,NULL,NULL,25.70,NULL,NULL
"Kyle Residence, Houston, Texas, Plan and perspective","Joel Sanders",7566,"(American, born 1956)",(American),(1956),NULL,(male),1995,"Cut-and-pasted paper, cut-and-pasted pressure sensitive synthetic polymer sheets, and ink on drafting film over photo-electrostatic print","23 x 24" (58.4 x 61 cm)","Gift of the Peter Norton Family Foundation",275.1999,Architecture,"Architecture & Design",1999-06-30,yes,302,https://www.moma.org/collection/works/302,https://www.moma.org/media/W1siZiIsIjUyODUzOCJdLFsicCIsImNvbnZlcnQiLCItcmVzaXplIDEwMjR4MTAyNFx1MDAzZSJdXQ.jpg?sha=af3a7e6396698f41,NULL,NULL,NULL,NULL,58.40,NULL,NULL,61.00,NULL,NULL
"Kyle Residence, Houston, Texas, Plan","Joel Sanders",7566,"(American, born 1956)",(American),(1956),NULL,(male),1995,"Cut-and-pasted paper, cut-and-pasted pressure sensitive synthetic polymer sheets, and ink on drafting film over photo-electrostatic print","11 x 12" (28 x 30.5 cm)","Gift of the Peter Norton Family Foundation",276.1999,Architecture,"Architecture & Design",1999-06-30,yes,303,https://www.moma.org/collection/works/303,https://www.moma.org/media/W1siZiIsIjUyODUzOSJdLFsicCIsImNvbnZlcnQiLCItcmVzaXplIDEwMjR4MTAyNFx1MDAzZSJdXQ.jpg?sha=d21de4b0be284110,NULL,NULL,NULL,NULL,28.00,NULL,NULL,30.50,NULL,NULL
"American Gas Station Project, Ithaca, New York, Perspective","Massimo Scolari",8125,"(Italian, born 1943)",(Italian),(1943),NULL,(male),1975,Etching,"12 1/2 x 10 1/16" (31.8 x 25.6 cm)","Robert K. and Barbara J. Straus Family Foundation",277.1999,Architecture,"Architecture & Design",1999-06-30,yes,304,https://www.moma.org/collection/works/304,https://www.moma.org/media/W1siZiIsIjUyODU0MCJdLFsicCIsImNvbnZlcnQiLCItcmVzaXplIDEwMjR4MTAyNFx1MDAzZSJdXQ.jpg?sha=9fb80211ff553b33,NULL,NULL,NULL,NULL,31.75,NULL,NULL,25.56,NULL,NULL
"St. Mark's Tower project, New York, NY (Aerial perspective)","Frank Lloyd Wright",6459,"(American, 1867–1959)",(American),(1867),(1959),(male),1927–1931,"Pencil and color pencil on tracing paper","23 3/4 x 15" (60.3 x 38.1 cm)","Jeffrey P. Klein Purchase Fund, Barbara Pine Purchase Fund, and Frederieke Taylor Purchase Fund",278.1999,Architecture,"Architecture & Design",1999-06-30,yes,305,https://www.moma.org/collection/works/305,https://www.moma.org/media/W1siZiIsIjUyODU0MSJdLFsicCIsImNvbnZlcnQiLCItcmVzaXplIDEwMjR4MTAyNFx1MDAzZSJdXQ.jpg?sha=bec7a25fc0ff4290,NULL,NULL,NULL,NULL,60.33,NULL,NULL,38.10,NULL,NULL
"Unity Temple, Oak Park, IL (Exterior perspective and partial plan)","Frank Lloyd Wright",6459,"(American, 1867–1959)",(American),(1867),(1959),(male),"c. 1929-30","Ink and graphite on paper","23 1/4 x 34 7/8" (59.1 x 88.6 cm)","Gift of Patricia Phelps de Cisneros, The Lauder Foundation, Leonard and Evelyn Lauder Fund, and Victoria Newhouse Purchase Fund",279.1999,Architecture,"Architecture & Design",1999-06-30,yes,306,https://www.moma.org/collection/works/306,https://www.moma.org/media/W1siZiIsIjUyODU0MiJdLFsicCIsImNvbnZlcnQiLCItcmVzaXplIDEwMjR4MTAyNFx1MDAzZSJdXQ.jpg?sha=543e262e6143f9de,NULL,NULL,NULL,NULL,59.06,NULL,NULL,88.58,NULL,NULL
"Transplantation I, Perspective and plan","Raimund Abraham",47,"(American, born Austria. 1933–2010)",(American),(1933),(2010),(male),1964,".a: Pen and ink
.b: Collage",".a:  5 5/8 x 7" (14.3 x 17.8 cm)
.b: 4 1/2 x 7" (11.4 x 17.8 cm)","Philip Johnson Fund",281.1965.a-b,Architecture,"Architecture & Design",1965-04-06,yes,307,https://www.moma.org/collection/works/307,https://www.moma.org/media/W1siZiIsIjUxOTI0MiJdLFsicCIsImNvbnZlcnQiLCItcmVzaXplIDEwMjR4MTAyNFx1MDAzZSJdXQ.jpg?sha=76d6ac6a8a609142,NULL,NULL,NULL,NULL,14.30,NULL,NULL,17.80,NULL,NULL
"Linear City Project, Perspective","Raimund Abraham",47,"(American, born Austria. 1933–2010)",(American),(1933),(2010),(male),1964,".1: Ink and graphite on paper
.2: Ink and graphite on paper",".1: 17 1/2 x 24 3/4" (44.5 x 62.9 cm) 
.2: 8 1/4 x 15 1/2" (21 x 39.4 cm)","Philip Johnson Fund",282.1965.1-2,Architecture,"Architecture & Design",1965-04-06,yes,308,https://www.moma.org/collection/works/308,https://www.moma.org/media/W1siZiIsIjUxOTI0MyJdLFsicCIsImNvbnZlcnQiLCItcmVzaXplIDEwMjR4MTAyNFx1MDAzZSJdXQ.jpg?sha=6afc8e0261b93041,NULL,NULL,NULL,NULL,21.00,NULL,NULL,39.40,NULL,NULL
"Floating Compression Column,","Kenneth Snelson",5498,"(American, 1927–2016)",(American),(1927),(2016),(male),1959,"Aluminum and stainless steel","10'6" (320 cm)","Gift of the architect",283.1965,Architecture,"Architecture & Design",1965-04-06,yes,309,https://www.moma.org/collection/works/309,NULL,NULL,NULL,NULL,NULL,320.00,NULL,NULL,NULL,NULL,NULL
"Woodland Chapel, Woodland Cemetery, Stockholm, Sweden, Side elevation","Erik Gunnar Asplund",27,"(Swedish, 1885–1940)",(Swedish),(1885),(1940),(male),"c. 1918-20","Graphite and crayon on tracing paper","8 1/4 x 10 1/2" (21 x 26.7 cm)","Marshall Cogan Purchase Fund",307.1984,Architecture,"Architecture & Design",1984-10-30,yes,318,https://www.moma.org/collection/works/318,NULL,NULL,NULL,NULL,NULL,20.96,NULL,NULL,26.67,NULL,NULL
"Woodland Chapel, Woodland Cemetery, Stockholm, Sweden, Front perspective, sketch","Erik Gunnar Asplund, Sigurd Lewerentz","27, 24452","(Swedish, 1885–1940) (Swedish)","(Swedish) (Swedish)","(1885) (0)","(1940) (0)","(male) (male)",c.1918-1920,"Graphite, crayon, and color crayon on tracing paper","8 1/4 x 10 1/2" (21 x 26.7 cm)","Marshall Cogan Purchase Fund",308.1984,Architecture,"Architecture & Design",1984-10-30,yes,319,https://www.moma.org/collection/works/319,NULL,NULL,NULL,NULL,NULL,21.00,NULL,NULL,26.70,NULL,NULL
"Palace of Italian Civilization, Rome, Italy, Exterior perspective, preliminary version, Il Palazzo della Civiltà Italiana, Cité EUR, Rome, Italy, Preliminary version: perspective","Ernesto Bruno La Padula, Giovanni Guerrini, Mario Romano","3381, 8157, 8158","(Italian, 1902–1968) (Italian, 1887–1972) (Italian)","(Italian) (Italian) (Italian)","(1902) (1887) (0)","(1968) (1972) (0)","(male) (male) (male)",1939,"Tempera on wood","35 7/16 x 35 3/8" (90 x 89.9 cm)",Purchase,309.1984,Architecture,"Architecture & Design",1984-10-30,yes,320,https://www.moma.org/collection/works/320,NULL,NULL,NULL,NULL,NULL,90.00,NULL,NULL,89.90,NULL,NULL
"Roma Interrota, project, Campidoglio, Rome, Italy, Perspective","Leon Krier",3250,"(Luxembourger, born 1946)",(Luxembourger),(1946),NULL,(male),1977,"Pen, ink, and cut-and-pasted printed paper on paper","16 7/8 x 24 1/2" (42.8 x 62.2 cm)","Marshall Cogan Purchase Fund",310.1984,Architecture,"Architecture & Design",1984-10-30,yes,321,https://www.moma.org/collection/works/321,NULL,NULL,NULL,NULL,NULL,42.80,NULL,NULL,62.20,NULL,NULL
"Hypostyle House project (Axonometric)","Leon Krier",3250,"(Luxembourger, born 1946)",(Luxembourger),(1946),NULL,(male),1977,"Ink on paper","8 7/8 x 11" (22.5 x 28 cm)","Marshall Cogan Purchase Fund",311.1984,Architecture,"Architecture & Design",1984-10-30,yes,322,https://www.moma.org/collection/works/322,NULL,NULL,NULL,NULL,NULL,22.50,NULL,NULL,28.00,NULL,NULL
"Belvedere, Berlin-Tegel, Germany","Leon Krier",3250,"(Luxembourger, born 1946)",(Luxembourger),(1946),NULL,(male),1980,"Ink on paper","14 1/2 x 9 1/4" (36.8 x 23.5 cm)","Marshall Cogan Purchase Fund",312.1984,Architecture,"Architecture & Design",1984-10-30,yes,323,https://www.moma.org/collection/works/323,NULL,NULL,NULL,NULL,NULL,36.80,NULL,NULL,23.50,NULL,NULL
"The Atheneum, New Harmony, Indiana, Axonometric","Richard Meier",3910,"(American, born 1934)",(American),(1934),NULL,(male),c.1976,"Graphite on tracing paper","21 1/4 x 21" (54 x 53.3 cm)","Gift of the architect",313.1984,Architecture,"Architecture & Design",1984-10-30,yes,324,https://www.moma.org/collection/works/324,NULL,NULL,NULL,NULL,NULL,53.98,NULL,NULL,53.34,NULL,NULL
"The Atheneum, New Harmony, Indiana, Elevation","Richard Meier",3910,"(American, born 1934)",(American),(1934),NULL,(male),1976,"Graphite on tracing paper","11 1/8 x 25 3/4" (28.3 x 65.4 cm)","Gift of the architect",314.1984,Architecture,"Architecture & Design",1984-10-30,yes,325,https://www.moma.org/collection/works/325,NULL,NULL,NULL,NULL,NULL,28.26,NULL,NULL,65.41,NULL,NULL
"The Atheneum, New Harmony, Indiana, Perspective","Richard Meier",3910,"(American, born 1934)",(American),(1934),NULL,(male),c.1976,"Graphite on paper","15 x 15" (38.1 x 38.1 cm)","Gift of the architect",315.1984,Architecture,"Architecture & Design",1984-10-30,yes,326,https://www.moma.org/collection/works/326,NULL,NULL,NULL,NULL,NULL,38.10,NULL,NULL,38.10,NULL,NULL
"The Atheneum, New Harmony, Indiana, Plan, preliminary study","Richard Meier",3910,"(American, born 1934)",(American),(1934),NULL,(male),1975,"Graphite on tracing paper","16 5/8 x 12 3/16" (42.2 x 31 cm)","Gift of the architect",316.1984,Architecture,"Architecture & Design",1984-10-30,yes,327,https://www.moma.org/collection/works/327,NULL,NULL,NULL,NULL,NULL,42.23,NULL,NULL,30.96,NULL,NULL
"The Atheneum, New Harmony, Indiana, Site plan, study","Richard Meier",3910,"(American, born 1934)",(American),(1934),NULL,(male),c.1976,"Graphite on tracing paper","24 x 21 1/8" (61 x 53.7 cm)","Gift of the architect",317.1984,Architecture,"Architecture & Design",1984-10-30,yes,328,https://www.moma.org/collection/works/328,NULL,NULL,NULL,NULL,NULL,60.96,NULL,NULL,53.66,NULL,NULL
"The Atheneum, New Harmony, Indiana, Site plan, study","Richard Meier",3910,"(American, born 1934)",(American),(1934),NULL,(male),1979,"Graphite on tracing paper","21 3/4 x 18" (55.2 x 45.7 cm)","Gift of the architect",318.1984,Architecture,"Architecture & Design",1984-10-30,yes,329,https://www.moma.org/collection/works/329,NULL,NULL,NULL,NULL,NULL,55.25,NULL,NULL,45.72,NULL,NULL
"The Atheneum, New Harmony, Indiana, Site plan, study","Richard Meier",3910,"(American, born 1934)",(American),(1934),NULL,(male),1975-79,"Graphite on tracing paper","27 5/8 x 17 7/8" (70.2 x 45.4 cm)","Gift of the architect",319.1984,Architecture,"Architecture & Design",1984-10-30,yes,330,https://www.moma.org/collection/works/330,NULL,NULL,NULL,NULL,NULL,70.17,NULL,NULL,45.40,NULL,NULL
"The Atheneum, New Harmony, IN (Plan, preliminary sketch)","Richard Meier",3910,"(American, born 1934)",(American),(1934),NULL,(male),1979,"Graphite on tracing paper","12 1/4 x 18 1/2" (31.1 x 47 cm)","Gift of the architect",320.1984,Architecture,"Architecture & Design",1984-10-30,yes,331,https://www.moma.org/collection/works/331,NULL,NULL,NULL,NULL,NULL,31.12,NULL,NULL,46.99,NULL,NULL
"Il Palazzo della Civiltà Italiana, Cité EUR, Rome, Italy","Ernesto Bruno La Padula, Giovanni Guerrini, Mario Romano","3381, 8157, 8158","(Italian, 1902–1968) (Italian, 1887–1972) (Italian)","(Italian) (Italian) (Italian)","(1902) (1887) (0)","(1968) (1972) (0)","(male) (male) (male)",1938,"Graphite on tracing paper","12 1/4 x 10 1/4" (31.1 x 26 cm)",Purchase,321.1984,Architecture,"Architecture & Design",1984-10-30,yes,332,https://www.moma.org/collection/works/332,NULL,NULL,NULL,NULL,NULL,31.10,NULL,NULL,26.00,NULL,NULL
"Il Palazzo della Civiltà Italiana, Cité EUR, Rome, Italy,","Ernesto Bruno La Padula, Giovanni Guerrini, Mario Romano","3381, 8157, 8158","(Italian, 1902–1968) (Italian, 1887–1972) (Italian)","(Italian) (Italian) (Italian)","(1902) (1887) (0)","(1968) (1972) (0)","(male) (male) (male)",1938,"Graphite on tracing paper","8 5/8 x 10 5/8" (21.9 x 27 cm)",Purchase,322.1984,Architecture,"Architecture & Design",1984-10-30,yes,333,https://www.moma.org/collection/works/333,NULL,NULL,NULL,NULL,NULL,21.91,NULL,NULL,26.99,NULL,NULL
"Il Palazzo della Civiltà Italiana, Cité EUR, Rome, Italy","Ernesto Bruno La Padula, Giovanni Guerrini, Mario Romano, Giovanni Guerrini, Mario Romano","3381, 8157, 8158","(Italian, 1902–1968) (Italian, 1887–1972) (Italian) (Italian, 1887–1972) (Italian)","(Italian) (Italian) (Italian)","(1902) (1887) (0)","(1968) (1972) (0)","(male) (male) (male)",1938,"Graphite on tracing paper","9 7/8 x 7 3/8" (25.1 x 18.7 cm)",Purchase,324.1984,Architecture,"Architecture & Design",1984-10-30,yes,334,https://www.moma.org/collection/works/334,NULL,NULL,NULL,NULL,NULL,25.10,NULL,NULL,18.70,NULL,NULL
"Jewish Museum Project, Judenplatz, Vienna, Austria  Project, Exterior perspective","Raimund Abraham",47,"(American, born Austria. 1933–2010)",(American),(1933),(2010),(male),1992,"Photocopy-transfer and acrylic","24 x 31 1/2" (61 x 80 cm) (sight)","Gift of the architect in honor of Philip Johnson",343.1996,Architecture,"Architecture & Design",1996-09-25,yes,335,https://www.moma.org/collection/works/335,https://www.moma.org/media/W1siZiIsIjUyNzU1NyJdLFsicCIsImNvbnZlcnQiLCItcmVzaXplIDEwMjR4MTAyNFx1MDAzZSJdXQ.jpg?sha=b53b2f3aa1133446,NULL,NULL,NULL,NULL,61.00,NULL,NULL,80.00,NULL,NULL
"Worldbridge Trade and Investment Center project, Baltimore, Maryland (Section, site plan)","Emilio Ambasz",141,"(Argentine, born 1943)",(Argentine),(1943),NULL,(male),1992,"Airbrush, watercolor and color pencil","24 x 31" (61 x 78.7 cm)","Gift of the architect in honor of Philip Johnson",344.1996,Architecture,"Architecture & Design",1996-09-25,yes,336,https://www.moma.org/collection/works/336,NULL,NULL,NULL,NULL,NULL,61.00,NULL,NULL,78.70,NULL,NULL
"Worldbridge Trade and Investment Center, project, Baltimore, Maryland, Site plan","Emilio Ambasz",141,"(Argentine, born 1943)",(Argentine),(1943),NULL,(male),1992,"Airbrush, watercolor, and color pencil on paper","24 x 31" (61 x 78.7 cm)
","Gift of the architect in honor of Philip Johnson",345.1996,Architecture,"Architecture & Design",1996-09-25,yes,337,https://www.moma.org/collection/works/337,https://www.moma.org/media/W1siZiIsIjUyNzU1OSJdLFsicCIsImNvbnZlcnQiLCItcmVzaXplIDEwMjR4MTAyNFx1MDAzZSJdXQ.jpg?sha=903628f09ab65fdc,NULL,NULL,NULL,NULL,72.70,NULL,NULL,91.10,NULL,NULL
"Church of the Light, Ibaraki, Osaka, Japan (Interior perspective)","Tadao Ando",7055,"(Japanese, born 1941)",(Japanese),(1941),NULL,(male),1989,"Color pencil on paper","10 1/8 x 7 1/8" (25.7 x 18.1 cm)","Gift of the architect in honor of Philip Johnson",346.1996,Architecture,"Architecture & Design",1996-09-25,yes,338,https://www.moma.org/collection/works/338,NULL,NULL,NULL,NULL,NULL,25.72,NULL,NULL,18.10,NULL,NULL
"Church of the Light, Ibaraki, Osaka, Japan, Interior perspective","Tadao Ando",7055,"(Japanese, born 1941)",(Japanese),(1941),NULL,(male),1989,"Color pencil (blue and black) on note paper","10 1/8 x 7 1/8" (25.7 x 18.1 cm)","Gift of the architect in honor of Philip Johnson",347.1996,Architecture,"Architecture & Design",1996-09-25,yes,339,https://www.moma.org/collection/works/339,https://www.moma.org/media/W1siZiIsIjIxMTEyOCJdLFsicCIsImNvbnZlcnQiLCItcmVzaXplIDEwMjR4MTAyNFx1MDAzZSJdXQ.jpg?sha=7874c45ee9bcbc52,NULL,NULL,NULL,NULL,25.72,NULL,NULL,18.10,NULL,NULL
"Church of the Light, Ibaraki, Osaka, Japan, Plan","Tadao Ando",7055,"(Japanese, born 1941)",(Japanese),(1941),NULL,(male),1989,"Graphite on Japanese paper","16 3/8 x 24" (41.6 x 61 cm) (approx.)","Gift of the architect in honor of Philip Johnson",348.1996,Architecture,"Architecture & Design",1996-09-25,yes,340,https://www.moma.org/collection/works/340,https://www.moma.org/media/W1siZiIsIjUyNzU2MSJdLFsicCIsImNvbnZlcnQiLCItcmVzaXplIDEwMjR4MTAyNFx1MDAzZSJdXQ.jpg?sha=0a2d1ddaf4cb3c48,NULL,NULL,NULL,NULL,57.50,NULL,NULL,76.70,NULL,NULL
"Church of the Light, Ibaraki, Osaka, Japan, Plan","Tadao Ando",7055,"(Japanese, born 1941)",(Japanese),(1941),NULL,(male),1989,"Lithograph with color pencil","40 1/2 x 28 5/8" (102.9 x 72.7 cm)
","Gift of the architect in honor of Philip Johnson",349.1996,Architecture,"Architecture & Design",1996-09-25,yes,341,https://www.moma.org/collection/works/341,https://www.moma.org/media/W1siZiIsIjUyNzU2MiJdLFsicCIsImNvbnZlcnQiLCItcmVzaXplIDEwMjR4MTAyNFx1MDAzZSJdXQ.jpg?sha=1d7d142e0dc1f718,NULL,NULL,NULL,NULL,102.90,NULL,NULL,72.70,NULL,NULL
"Austrian Cultural Institute, New York, New York, Exterior perspective,","Raimund Abraham",47,"(American, born Austria. 1933–2010)",(American),(1933),(2010),(male),1993,"Photocopy, photocopy on vellum, laser photocopy, graphite, and color pencil on paper","36 x 36" (91.4 x 91.4 cm)","Gift of the architect",350.1993,Architecture,"Architecture & Design",1993-01-14,yes,342,https://www.moma.org/collection/works/342,https://www.moma.org/media/W1siZiIsIjUyNzU2MyJdLFsicCIsImNvbnZlcnQiLCItcmVzaXplIDEwMjR4MTAyNFx1MDAzZSJdXQ.jpg?sha=d85747e664dfa516,NULL,NULL,NULL,NULL,91.44,NULL,NULL,91.44,NULL,NULL
"Church of the Light, Ibaraki, Osaka, Japan (Plan)","Tadao Ando",7055,"(Japanese, born 1941)",(Japanese),(1941),NULL,(male),1989,"Graphite on rice paper","12 3/8 x 10 7/8" (31.4 x 27.6 cm)","Gift of the architect in honor of Philip Johnson",350.1996,Architecture,"Architecture & Design",1996-09-25,yes,343,https://www.moma.org/collection/works/343,NULL,NULL,NULL,NULL,NULL,57.50,NULL,NULL,76.70,NULL,NULL
"Tokyo International Forum, Tokyo, Japan (Sketch, transverse section)","Rafael Viñoly",7229,"(American, born Uruguay 1944)",(American),(1944),NULL,(male),1991,"Pencil on tracing paper","18 x 42 1/2" (45.7 x 108 cm)","Gift of the architect",351.1993,Architecture,"Architecture & Design",1993-01-14,yes,344,https://www.moma.org/collection/works/344,NULL,NULL,NULL,NULL,NULL,45.72,NULL,NULL,107.95,NULL,NULL
"Motorway Service Station Project, Exterior perspective","Mario Bellini",451,"(Italian, born 1935)",(Italian),(1935),NULL,(male),1989.,"Computer-generated laser print","8 1/2 x 15 1/4" (21.6 x 38.7 cm)
","Gift of the architect in honor of Philip Johnson",351.1996,Architecture,"Architecture & Design",1996-09-25,yes,345,https://www.moma.org/collection/works/345,https://www.moma.org/media/W1siZiIsIjUyNzU2NCJdLFsicCIsImNvbnZlcnQiLCItcmVzaXplIDEwMjR4MTAyNFx1MDAzZSJdXQ.jpg?sha=685fe653528696ce,NULL,NULL,NULL,NULL,21.60,NULL,NULL,38.70,NULL,NULL
"Tokyo International Forum, Tokyo, Japan (Exterior perspective)","Rafael Viñoly",7229,"(American, born Uruguay 1944)",(American),(1944),NULL,(male),1991,"Crayon on paper","11 x 8" (27.9 x 20.3 cm)","Gift of the architect",352.1993.1,Architecture,"Architecture & Design",1993-11-04,yes,346,https://www.moma.org/collection/works/346,NULL,NULL,NULL,NULL,NULL,NULL,NULL,NULL,NULL,NULL,NULL
"Tokyo International Forum, Tokyo, Japan, Exterior perspectives","Rafael Viñoly",7229,"(American, born Uruguay 1944)",(American),(1944),NULL,(male),1991,"Crayon on paper","Each: 11 x 8" (27.9 x 20.3 cm)","Gift of the architect",352.1993.1-6,Architecture,"Architecture & Design",1993-11-04,yes,347,https://www.moma.org/collection/works/347,https://www.moma.org/media/W1siZiIsIjUyNzU2NiJdLFsicCIsImNvbnZlcnQiLCItcmVzaXplIDEwMjR4MTAyNFx1MDAzZSJdXQ.jpg?sha=7af7fff4a6c3a4c7,NULL,NULL,NULL,NULL,27.94,NULL,NULL,20.30,NULL,NULL
"Tokyo International Forum, Tokyo, Japan (Exterior perspective)","Rafael Viñoly",7229,"(American, born Uruguay 1944)",(American),(1944),NULL,(male),1991,"Crayon on paper","11 x 8" (27.9 x 20.3 cm)","Gift of the architect",352.1993.2,Architecture,"Architecture & Design",1993-11-04,yes,348,https://www.moma.org/collection/works/348,NULL,NULL,NULL,NULL,NULL,NULL,NULL,NULL,NULL,NULL,NULL
"Tokyo International Forum, Tokyo, Japan (Exterior perspective)","Rafael Viñoly",7229,"(American, born Uruguay 1944)",(American),(1944),NULL,(male),1991,"Crayon on paper","11 x 8" (27.9 x 20.3 cm)","Gift of the architect",352.1993.3,Architecture,"Architecture & Design",1993-11-04,yes,349,https://www.moma.org/collection/works/349,NULL,NULL,NULL,NULL,NULL,NULL,NULL,NULL,NULL,NULL,NULL
"Tokyo International Forum, Tokyo, Japan (Exterior perspective)","Rafael Viñoly",7229,"(American, born Uruguay 1944)",(American),(1944),NULL,(male),1991,"Crayon on paper","11 x 8" (27.9 x 20.3 cm)","Gift of the architect",352.1993.4,Architecture,"Architecture & Design",1993-11-04,yes,350,https://www.moma.org/collection/works/350,NULL,NULL,NULL,NULL,NULL,NULL,NULL,NULL,NULL,NULL,NULL
"Tokyo International Forum, Tokyo, Japan (Exterior perspective)","Rafael Viñoly",7229,"(American, born Uruguay 1944)",(American),(1944),NULL,(male),1991,"Crayon on paper","11 x 8" (27.9 x 20.3 cm)","Gift of the architect",352.1993.5,Architecture,"Architecture & Design",1993-11-04,yes,351,https://www.moma.org/collection/works/351,NULL,NULL,NULL,NULL,NULL,NULL,NULL,NULL,NULL,NULL,NULL
"Tokyo International Forum, Tokyo, Japan (Exterior perspective)","Rafael Viñoly",7229,"(American, born Uruguay 1944)",(American),(1944),NULL,(male),1991,"Crayon on paper","11 x 8" (27.9 x 20.3 cm)","Gift of the architect",352.1993.6,Architecture,"Architecture & Design",1993-11-04,yes,352,https://www.moma.org/collection/works/352,NULL,NULL,NULL,NULL,NULL,NULL,NULL,NULL,NULL,NULL,NULL
"Motorway Service Station project (Preliminary plan)","Mario Bellini",451,"(Italian, born 1935)",(Italian),(1935),NULL,(male),1991,"Graphite on paper","14 × 33 1/4" (35.6 × 84.5 cm)","Gift of the architect in honor of Philip Johnson",352.1996,Architecture,"Architecture & Design",1996-09-25,yes,353,https://www.moma.org/collection/works/353,NULL,NULL,NULL,NULL,NULL,35.60,NULL,NULL,84.46,NULL,NULL
"Tokyo International Forum, 1989-1996, Tokyo, Japan, East elevation of theater structures, sketch","Rafael Viñoly",7229,"(American, born Uruguay 1944)",(American),(1944),NULL,(male),1989,"Crayon and graphite on tracing paper","12 x 31 3/4" (30.5 x 80.6 cm)","Gift of the architect",353.1993,Architecture,"Architecture & Design",1993-11-04,yes,354,https://www.moma.org/collection/works/354,https://www.moma.org/media/W1siZiIsIjUyNzU2NyJdLFsicCIsImNvbnZlcnQiLCItcmVzaXplIDEwMjR4MTAyNFx1MDAzZSJdXQ.jpg?sha=5a729fe65fedbce9,NULL,NULL,NULL,NULL,30.48,NULL,NULL,80.65,NULL,NULL
"San Francisco Museum of Modern Art, San Francisco, CA (Exterior perspective)","Mario Botta",696,"(Swiss, born 1943)",(Swiss),(1943),NULL,(male),1996,"China marker on paper","16 1/2 x 23 1/2" (41.9 x 59.7 cm)","Gift of the architect to Philip Johnson",353.1996,Architecture,"Architecture & Design",1996-09-25,yes,355,https://www.moma.org/collection/works/355,NULL,NULL,NULL,NULL,NULL,41.91,NULL,NULL,59.69,NULL,NULL
"Alamillo Bridge and Cartuga Viaduct, Seville, Spain, Elevations","Santiago Calatrava",6968,"(Spanish, born 1951)",(Spanish),(1951),NULL,(male),1988,"Conté crayon on tracing paper","17 x 53 1/2" (43.2 x 135.9 cm)","Gift of the architect",354.1996,Architecture,"Architecture & Design",1996-09-25,yes,357,https://www.moma.org/collection/works/357,https://www.moma.org/media/W1siZiIsIjUyNzU2OCJdLFsicCIsImNvbnZlcnQiLCItcmVzaXplIDEwMjR4MTAyNFx1MDAzZSJdXQ.jpg?sha=6feeccbebb0dcb4c,NULL,NULL,NULL,NULL,43.20,NULL,NULL,135.90,NULL,NULL
"Lyons Airport Railroad Station, Lyons-Satolas, France, Plan and elevation","Santiago Calatrava",6968,"(Spanish, born 1951)",(Spanish),(1951),NULL,(male),1992,"Color and graphite on tracing paper","28 1/2 x 36" (72.4 x 91.4 cm)
","Gift of the architect",355.1996,Architecture,"Architecture & Design",1996-09-25,yes,359,https://www.moma.org/collection/works/359,https://www.moma.org/media/W1siZiIsIjUyNzU2OSJdLFsicCIsImNvbnZlcnQiLCItcmVzaXplIDEwMjR4MTAyNFx1MDAzZSJdXQ.jpg?sha=8ca7e16cf50d6d3f,NULL,NULL,NULL,NULL,72.40,NULL,NULL,91.40,NULL,NULL
"Hong Kong and Shanghai Bank, Hong Kong, China, Axonometric and elevation","Norman Foster",7569,"(British, born 1935)",(British),(1935),NULL,(male),1985,"Ink and color ink on tracing paper","16 1/2 x 11 11/16" (41.9 x 29.7 cm)","Gift of the architect in honor of Philip Johnson",356.1996.1,Architecture,"Architecture & Design",1996-09-25,no,360,NULL,NULL,NULL,NULL,NULL,NULL,41.91,NULL,NULL,29.69,NULL,NULL
"Hong Kong and Shanghai Bank, Hong Kong, China, .1 Axonometric and elevation, .2 Elevation and exterior perspective,","Norman Foster",7569,"(British, born 1935)",(British),(1935),NULL,(male),1985,"Ink and color ink on tracing paper",".1: 16 1/2 x 11 5/8" (41.9 x 29.5 cm)
.2: 16 1/2 x 11 5/8" (41.9 x 29.5 cm)","Gift of the architect in honor of Philip Johnson",356.1996.1-2,Architecture,"Architecture & Design",1996-09-25,yes,361,https://www.moma.org/collection/works/361,https://www.moma.org/media/W1siZiIsIjUyNzU3MCJdLFsicCIsImNvbnZlcnQiLCItcmVzaXplIDEwMjR4MTAyNFx1MDAzZSJdXQ.jpg?sha=41270130766a6924,NULL,NULL,NULL,NULL,41.91,NULL,NULL,29.53,NULL,NULL
"Hong Kong and Shanghai Bank, Hong Kong, China, Elevation and exterior perspective","Norman Foster",7569,"(British, born 1935)",(British),(1935),NULL,(male),1985,"Ink and color ink on tracing paper","16 1/2 x 11 11/16" (41.9 x 29.7 cm)","Gift of the architect in honor of Philip Johnson",356.1996.2,Architecture,"Architecture & Design",1996-09-25,no,362,NULL,NULL,NULL,NULL,NULL,NULL,41.91,NULL,NULL,29.69,NULL,NULL
"Parc de la Villette Project, Paris, France (Plot breakdown)","Zaha Hadid",6953,"(British, born Iraq. 1950–2016)",(British),(1950),(2016),(female),1982-83,"Colored pencil on tracing paper","11 3/4 x 16 1/2" (29.8 x 41.9 cm)","Gift of the architect in honor of Philip Johnson",357.1996.1,Architecture,"Architecture & Design",1996-09-25,yes,363,https://www.moma.org/collection/works/363,https://www.moma.org/media/W1siZiIsIjUyNzU3MSJdLFsicCIsImNvbnZlcnQiLCItcmVzaXplIDEwMjR4MTAyNFx1MDAzZSJdXQ.jpg?sha=869e87779cf4e9df,NULL,NULL,NULL,NULL,29.85,NULL,NULL,41.91,NULL,NULL
"Parc de la Villette project, Paris, France","Zaha Hadid",6953,"(British, born Iraq. 1950–2016)",(British),(1950),(2016),(female),1982–1983,"See individual records.","Each: 16 1/2 x 11 3/4","Gift of the architect in honor of Philip Johnson",357.1996.1-20,Architecture,"Architecture & Design",1996-09-25,no,364,NULL,NULL,NULL,NULL,NULL,NULL,41.91,NULL,NULL,29.85,NULL,NULL
"Parc de la Villette Project, Paris, France (Scientific)","Zaha Hadid",6953,"(British, born Iraq. 1950–2016)",(British),(1950),(2016),(female),1982-83,"Graphite on tracing paper","11 3/4 x 16 1/2" (29.8 x 41.9 cm)","Gift of the architect in honor of Philip Johnson",357.1996.10,Architecture,"Architecture & Design",1996-09-25,yes,365,https://www.moma.org/collection/works/365,https://www.moma.org/media/W1siZiIsIjUyNzU3MiJdLFsicCIsImNvbnZlcnQiLCItcmVzaXplIDEwMjR4MTAyNFx1MDAzZSJdXQ.jpg?sha=4a7f15313821b03b,NULL,NULL,NULL,NULL,29.85,NULL,NULL,41.91,NULL,NULL
"Parc de la Villette Project, Paris, France (Cultural)","Zaha Hadid",6953,"(British, born Iraq. 1950–2016)",(British),(1950),(2016),(female),1982-83,"Colored pencil on tracing paper","11 3/4 x 16 1/2" (29.8 x 41.9 cm)","Gift of the architect in honor of Philip Johnson",357.1996.11,Architecture,"Architecture & Design",1996-09-25,yes,366,https://www.moma.org/collection/works/366,https://www.moma.org/media/W1siZiIsIjUyNzU3MyJdLFsicCIsImNvbnZlcnQiLCItcmVzaXplIDEwMjR4MTAyNFx1MDAzZSJdXQ.jpg?sha=069775beb1d1a2b0,NULL,NULL,NULL,NULL,29.85,NULL,NULL,41.91,NULL,NULL
"Parc de la Villette Project, Paris, France (Plan)","Zaha Hadid",6953,"(British, born Iraq. 1950–2016)",(British),(1950),(2016),(female),1982-83,"Ten photoelectrostatic prints on polymer sheets between synthetic polymer sheets with metal screws and supports","(Each): 11 3/4 x 16 3/4" (29.8 x 42.5 cm)","Gift of the architect in honor of Philip Johnson",357.1996.12.a-j,Architecture,"Architecture & Design",1996-09-25,yes,367,https://www.moma.org/collection/works/367,https://www.moma.org/media/W1siZiIsIjIxMTE1NiJdLFsicCIsImNvbnZlcnQiLCItcmVzaXplIDEwMjR4MTAyNFx1MDAzZSJdXQ.jpg?sha=0028781c14c63785,NULL,NULL,2.90,NULL,42.90,NULL,NULL,30.50,NULL,NULL
"Parc de la Villette Project, Paris, France (Composite [divisions of plot])","Zaha Hadid",6953,"(British, born Iraq. 1950–2016)",(British),(1950),(2016),(female),1982-83,"Ink on tracing paper","16 1/2 x 11 3/4" (41.9 x 29.8 cm)","Gift of the architect in honor of Philip Johnson",357.1996.13,Architecture,"Architecture & Design",1996-09-25,yes,368,https://www.moma.org/collection/works/368,https://www.moma.org/media/W1siZiIsIjUyNzU3NCJdLFsicCIsImNvbnZlcnQiLCItcmVzaXplIDEwMjR4MTAyNFx1MDAzZSJdXQ.jpg?sha=dc332f3d78b5ff39,NULL,NULL,3.50,NULL,42.90,NULL,NULL,30.50,NULL,NULL
"Parc de la Villette Project, Paris, France (Jogging Track and Green Strip)","Zaha Hadid",6953,"(British, born Iraq. 1950–2016)",(British),(1950),(2016),(female),1982-83,"Ink on tracing paper","16 1/2 x 11 3/4" (41.9 x 29.8 cm)","Gift of the architect in honor of Philip Johnson",357.1996.14,Architecture,"Architecture & Design",1996-09-25,yes,369,https://www.moma.org/collection/works/369,https://www.moma.org/media/W1siZiIsIjUyNzU3NSJdLFsicCIsImNvbnZlcnQiLCItcmVzaXplIDEwMjR4MTAyNFx1MDAzZSJdXQ.jpg?sha=b68a6e0acae9cfe2,NULL,NULL,2.90,NULL,42.90,NULL,NULL,30.50,NULL,NULL
