Title,Artist,ConstituentID,ArtistBio,Nationality,BeginDate,EndDate,Gender,Date,Medium,Dimensions,CreditLine,AccessionNumber,Classification,Department,DateAcquired,Cataloged,ObjectID,URL,ImageURL,OnView,"Circumference (cm)","Depth (cm)","Diameter (cm)","Height (cm)","Length (cm)","Weight (kg)","Width (cm)","Seat Height (cm)","Duration (sec.)"
"Ferdinandsbrücke Project, Vienna, Austria (Elevation, preliminary version)","Otto Wagner",6210,"(Austrian, 1841–1918)",(Austrian),(1841),(1918),(male),1896,"Ink and cut-and-pasted painted pages on paper","19 1/8 x 66 1/2" (48.6 x 168.9 cm)","Fractional and promised gift of Jo Carole and Ronald S. Lauder",885.1996,Architecture,"Architecture & Design",1996-04-09,yes,2,https://www.moma.org/collection/works/2,https://www.moma.org/media/W1siZiIsIjUyNzc3MCJdLFsicCIsImNvbnZlcnQiLCItcmVzaXplIDEwMjR4MTAyNFx1MDAzZSJdXQ.jpg?sha=712ac0fd74ea5bd5,NULL,NULL,NULL,NULL,48.60,NULL,NULL,168.90,NULL,NULL
"City of Music, National Superior Conservatory of Music and Dance, Paris, France, View from interior courtyard","Christian de Portzamparc",7470,"(French, born 1944)",(French),(1944),NULL,(male),1987,"Paint and colored pencil on print","16 x 11 3/4" (40.6 x 29.8 cm)","Gift of the architect in honor of Lily Auchincloss",1.1995,Architecture,"Architecture & Design",1995-01-17,yes,3,https://www.moma.org/collection/works/3,https://www.moma.org/media/W1siZiIsIjUyNzM3NCJdLFsicCIsImNvbnZlcnQiLCItcmVzaXplIDEwMjR4MTAyNFx1MDAzZSJdXQ.jpg?sha=a2898fe0f088f196,NULL,NULL,NULL,NULL,40.64,NULL,NULL,29.85,NULL,NULL
"Villa project, outside Vienna, Austria (Elevation)","Emil Hoppe",7605,"(Austrian, 1876–1957)",(Austrian),(1876),(1957),(male),1903,"Graphite, pen, color pencil, ink, and gouache on tracing paper","13 1/2 x 12 1/2" (34.3 x 31.8 cm)","Gift of Jo Carole and Ronald S. Lauder",1.1997,Architecture,"Architecture & Design",1997-01-15,yes,4,https://www.moma.org/collection/works/4,https://www.moma.org/media/W1siZiIsIjUyNzM3NSJdLFsicCIsImNvbnZlcnQiLCItcmVzaXplIDEwMjR4MTAyNFx1MDAzZSJdXQ.jpg?sha=baf3b82af676ad45,NULL,NULL,NULL,NULL,34.30,NULL,NULL,31.80,NULL,NULL
"The Manhattan Transcripts Project, New York, New York, Introductory panel to Episode 1: The Park","Bernard Tschumi",7056,"(French and Swiss, born Switzerland 1944)",NULL,(1944),NULL,(male),1980,"Photographic reproduction with colored synthetic laminate","20 x 20" (50.8 x 50.8 cm)","Purchase and partial gift of the architect in honor of Lily Auchincloss",2.1995,Architecture,"Architecture & Design",1995-01-17,yes,5,https://www.moma.org/collection/works/5,https://www.moma.org/media/W1siZiIsIjUyNzQ3NCJdLFsicCIsImNvbnZlcnQiLCItcmVzaXplIDEwMjR4MTAyNFx1MDAzZSJdXQ.jpg?sha=6295e6698e3871fd,NULL,NULL,NULL,NULL,50.80,NULL,NULL,50.80,NULL,NULL
"Villa project, outside Vienna, Austria (Exterior perspective)","Emil Hoppe",7605,"(Austrian, 1876–1957)",(Austrian),(1876),(1957),(male),1903,"Graphite, color pencil, ink, and gouache on tracing paper","15 1/8 x 7 1/2" (38.4 x 19.1 cm)","Gift of Jo Carole and Ronald S. Lauder",2.1997,Architecture,"Architecture & Design",1997-01-15,yes,6,https://www.moma.org/collection/works/6,https://www.moma.org/media/W1siZiIsIjUyNzQ3NSJdLFsicCIsImNvbnZlcnQiLCItcmVzaXplIDEwMjR4MTAyNFx1MDAzZSJdXQ.jpg?sha=96e3ccab203afa0d,NULL,NULL,NULL,NULL,38.40,NULL,NULL,19.10,NULL,NULL
"The Manhattan Transcripts Project, New York, New York, Episode 1: The Park","Bernard Tschumi",7056,"(French and Swiss, born Switzerland 1944)",NULL,(1944),NULL,(male),1976-77,"Gelatin silver photograph","14 x 18" (35.6 x 45.7 cm)","Purchase and partial gift of the architect in honor of Lily Auchincloss",3.1995.1,Architecture,"Architecture & Design",1995-01-17,yes,7,https://www.moma.org/collection/works/7,https://www.moma.org/media/W1siZiIsIjUyNzUyMCJdLFsicCIsImNvbnZlcnQiLCItcmVzaXplIDEwMjR4MTAyNFx1MDAzZSJdXQ.jpg?sha=d172aa966e03ed80,NULL,NULL,NULL,NULL,35.60,NULL,NULL,45.70,NULL,NULL
"The Manhattan Transcripts Project, New York, New York, Episode 1: The Park","Bernard Tschumi",7056,"(French and Swiss, born Switzerland 1944)",NULL,(1944),NULL,(male),1976-77,"Gelatin silver photographs","Each: 14 x 18" (35.6 x 45.7 cm)","Purchase and partial gift of the architect in honor of Lily Auchincloss",3.1995.1-24,Architecture,"Architecture & Design",1995-01-17,yes,8,https://www.moma.org/collection/works/8,https://www.moma.org/media/W1siZiIsIjUyNzUyMyJdLFsicCIsImNvbnZlcnQiLCItcmVzaXplIDEwMjR4MTAyNFx1MDAzZSJdXQ.jpg?sha=bb83636021a3bb91,NULL,NULL,NULL,NULL,35.60,NULL,NULL,45.70,NULL,NULL
"The Manhattan Transcripts Project, New York, New York, Episode 1: The Park","Bernard Tschumi",7056,"(French and Swiss, born Switzerland 1944)",NULL,(1944),NULL,(male),1976-77,"Gelatin silver photograph","14 x 18" (35.6 x 45.7 cm)","Purchase and partial gift of the architect in honor of Lily Auchincloss",3.1995.10,Architecture,"Architecture & Design",1995-01-17,yes,9,https://www.moma.org/collection/works/9,NULL,NULL,NULL,NULL,NULL,35.60,NULL,NULL,45.70,NULL,NULL
"The Manhattan Transcripts Project, New York, New York, Episode 1: The Park","Bernard Tschumi",7056,"(French and Swiss, born Switzerland 1944)",NULL,(1944),NULL,(male),1976-77,"Gelatin silver photograph","14 x 18" (35.6 x 45.7 cm)","Purchase and partial gift of the architect in honor of Lily Auchincloss",3.1995.11,Architecture,"Architecture & Design",1995-01-17,yes,10,https://www.moma.org/collection/works/10,https://www.moma.org/media/W1siZiIsIjUyNzUyMSJdLFsicCIsImNvbnZlcnQiLCItcmVzaXplIDEwMjR4MTAyNFx1MDAzZSJdXQ.jpg?sha=fd6cca6e5eaa12d8,NULL,NULL,NULL,NULL,35.60,NULL,NULL,45.70,NULL,NULL
"The Manhattan Transcripts Project, New York, New York, Episode 1: The Park","Bernard Tschumi",7056,"(French and Swiss, born Switzerland 1944)",NULL,(1944),NULL,(male),1976-77,"Gelatin silver photograph","14 x 18" (35.6 x 45.7 cm)","Purchase and partial gift of the architect in honor of Lily Auchincloss",3.1995.12,Architecture,"Architecture & Design",1995-01-17,yes,11,https://www.moma.org/collection/works/11,https://www.moma.org/media/W1siZiIsIjUyNzUyMiJdLFsicCIsImNvbnZlcnQiLCItcmVzaXplIDEwMjR4MTAyNFx1MDAzZSJdXQ.jpg?sha=02884d507ae8037a,NULL,NULL,NULL,NULL,35.60,NULL,NULL,45.70,NULL,NULL
"The Manhattan Transcripts Project, New York, New York, Episode 1: The Park","Bernard Tschumi",7056,"(French and Swiss, born Switzerland 1944)",NULL,(1944),NULL,(male),1976-77,"Gelatin silver photograph","14 x 18" (35.6 x 45.7 cm)","Purchase and partial gift of the architect in honor of Lily Auchincloss",3.1995.13,Architecture,"Architecture & Design",1995-01-17,yes,12,https://www.moma.org/collection/works/12,https://www.moma.org/media/W1siZiIsIjUyNzUyNCJdLFsicCIsImNvbnZlcnQiLCItcmVzaXplIDEwMjR4MTAyNFx1MDAzZSJdXQ.jpg?sha=87a368adbfb01ea1,NULL,NULL,NULL,NULL,35.60,NULL,NULL,45.70,NULL,NULL
"The Manhattan Transcripts Project, New York, New York, Episode 1: The Park","Bernard Tschumi",7056,"(French and Swiss, born Switzerland 1944)",NULL,(1944),NULL,(male),1976-77,"Gelatin silver photograph","14 x 18" (35.6 x 45.7 cm)","Purchase and partial gift of the architect in honor of Lily Auchincloss",3.1995.14,Architecture,"Architecture & Design",1995-01-17,yes,13,https://www.moma.org/collection/works/13,https://www.moma.org/media/W1siZiIsIjUyNzUyNSJdLFsicCIsImNvbnZlcnQiLCItcmVzaXplIDEwMjR4MTAyNFx1MDAzZSJdXQ.jpg?sha=4abebadbac064a09,NULL,NULL,NULL,NULL,35.60,NULL,NULL,45.70,NULL,NULL
"The Manhattan Transcripts Project, New York, New York, Episode 1: The Park","Bernard Tschumi",7056,"(French and Swiss, born Switzerland 1944)",NULL,(1944),NULL,(male),1976-77,"Gelatin silver photograph","14 x 18" (35.6 x 45.7 cm)","Purchase and partial gift of the architect in honor of Lily Auchincloss",3.1995.15,Architecture,"Architecture & Design",1995-01-17,yes,14,https://www.moma.org/collection/works/14,https://www.moma.org/media/W1siZiIsIjUyNzUyNiJdLFsicCIsImNvbnZlcnQiLCItcmVzaXplIDEwMjR4MTAyNFx1MDAzZSJdXQ.jpg?sha=0c521cdffde7d830,NULL,NULL,NULL,NULL,35.60,NULL,NULL,45.70,NULL,NULL
"The Manhattan Transcripts Project, New York, New York, Episode 1: The Park","Bernard Tschumi",7056,"(French and Swiss, born Switzerland 1944)",NULL,(1944),NULL,(male),1976-77,"Gelatin silver photograph","14 x 18" (35.6 x 45.7 cm)","Purchase and partial gift of the architect in honor of Lily Auchincloss",3.1995.17,Architecture,"Architecture & Design",1995-01-17,yes,16,https://www.moma.org/collection/works/16,https://www.moma.org/media/W1siZiIsIjUyNzUyOCJdLFsicCIsImNvbnZlcnQiLCItcmVzaXplIDEwMjR4MTAyNFx1MDAzZSJdXQ.jpg?sha=0fad721785cf4354,NULL,NULL,NULL,NULL,35.60,NULL,NULL,45.70,NULL,NULL
"The Manhattan Transcripts Project, New York, New York, Episode 1: The Park","Bernard Tschumi",7056,"(French and Swiss, born Switzerland 1944)",NULL,(1944),NULL,(male),1976-77,"Gelatin silver photograph","14 x 18" (35.6 x 45.7 cm)","Purchase and partial gift of the architect in honor of Lily Auchincloss",3.1995.18,Architecture,"Architecture & Design",1995-01-17,yes,17,https://www.moma.org/collection/works/17,https://www.moma.org/media/W1siZiIsIjUyNzUyOSJdLFsicCIsImNvbnZlcnQiLCItcmVzaXplIDEwMjR4MTAyNFx1MDAzZSJdXQ.jpg?sha=0260c6f2c6bafb0f,NULL,NULL,NULL,NULL,35.60,NULL,NULL,45.70,NULL,NULL
"The Manhattan Transcripts Project, New York, New York, Episode 1: The Park","Bernard Tschumi",7056,"(French and Swiss, born Switzerland 1944)",NULL,(1944),NULL,(male),1976-77,"Gelatin silver photograph","14 x 18" (35.6 x 45.7 cm)","Purchase and partial gift of the architect in honor of Lily Auchincloss",3.1995.2,Architecture,"Architecture & Design",1995-01-17,yes,19,https://www.moma.org/collection/works/19,https://www.moma.org/media/W1siZiIsIjUyNzUzMSJdLFsicCIsImNvbnZlcnQiLCItcmVzaXplIDEwMjR4MTAyNFx1MDAzZSJdXQ.jpg?sha=0b3e1b840debe461,NULL,NULL,NULL,NULL,35.60,NULL,NULL,45.70,NULL,NULL
"The Manhattan Transcripts Project, New York, New York, Episode 1: The Park","Bernard Tschumi",7056,"(French and Swiss, born Switzerland 1944)",NULL,(1944),NULL,(male),1976-77,"Gelatin silver photograph","14 x 18" (35.6 x 45.7 cm)","Purchase and partial gift of the architect in honor of Lily Auchincloss",3.1995.20,Architecture,"Architecture & Design",1995-01-17,yes,20,https://www.moma.org/collection/works/20,https://www.moma.org/media/W1siZiIsIjUyNzUzMiJdLFsicCIsImNvbnZlcnQiLCItcmVzaXplIDEwMjR4MTAyNFx1MDAzZSJdXQ.jpg?sha=75933e7021d39d8b,NULL,NULL,NULL,NULL,35.60,NULL,NULL,45.70,NULL,NULL
"The Manhattan Transcripts Project, New York, New York , Episode 1: The Park","Bernard Tschumi",7056,"(French and Swiss, born Switzerland 1944)",NULL,(1944),NULL,(male),1976-77,"Gelatin silver photograph","14 x 18" (35.6 x 45.7 cm)","Purchase and partial gift of the architect in honor of Lily Auchincloss",3.1995.21,Architecture,"Architecture & Design",1995-01-17,yes,21,https://www.moma.org/collection/works/21,https://www.moma.org/media/W1siZiIsIjUyNzUzMyJdLFsicCIsImNvbnZlcnQiLCItcmVzaXplIDEwMjR4MTAyNFx1MDAzZSJdXQ.jpg?sha=e9752349b0fb457b,NULL,NULL,NULL,NULL,35.60,NULL,NULL,45.70,NULL,NULL
"The Manhattan Transcripts Project, New York, New York, Episode 1: The Park","Bernard Tschumi",7056,"(French and Swiss, born Switzerland 1944)",NULL,(1944),NULL,(male),1976-77,"Gelatin silver photograph","14 x 18" (35.6 x 45.7 cm)","Purchase and partial gift of the architect in honor of Lily Auchincloss",3.1995.22,Architecture,"Architecture & Design",1995-01-17,yes,22,https://www.moma.org/collection/works/22,https://www.moma.org/media/W1siZiIsIjUyNzUzNCJdLFsicCIsImNvbnZlcnQiLCItcmVzaXplIDEwMjR4MTAyNFx1MDAzZSJdXQ.jpg?sha=ecde94004dfe514b,NULL,NULL,NULL,NULL,35.60,NULL,NULL,45.70,NULL,NULL
"The Manhattan Transcripts Project, New York, New York, Episode 1: The Park","Bernard Tschumi",7056,"(French and Swiss, born Switzerland 1944)",NULL,(1944),NULL,(male),1976-77,"Gelatin silver photograph","14 x 18" (35.6 x 45.7 cm)","Purchase and partial gift of the architect in honor of Lily Auchincloss",3.1995.23,Architecture,"Architecture & Design",1995-01-17,yes,23,https://www.moma.org/collection/works/23,https://www.moma.org/media/W1siZiIsIjUyNzUzNSJdLFsicCIsImNvbnZlcnQiLCItcmVzaXplIDEwMjR4MTAyNFx1MDAzZSJdXQ.jpg?sha=9de9474b5442dd74,NULL,NULL,NULL,NULL,35.60,NULL,NULL,45.70,NULL,NULL
"The Manhattan Transcripts Project, New York, New York, Episode 1: The Park","Bernard Tschumi",7056,"(French and Swiss, born Switzerland 1944)",NULL,(1944),NULL,(male),1976-77,"Gelatin silver photograph","14 x 18" (35.6 x 45.7 cm)","Purchase and partial gift of the architect in honor of Lily Auchincloss",3.1995.24,Architecture,"Architecture & Design",1995-01-17,yes,24,https://www.moma.org/collection/works/24,https://www.moma.org/media/W1siZiIsIjUyNzUzNiJdLFsicCIsImNvbnZlcnQiLCItcmVzaXplIDEwMjR4MTAyNFx1MDAzZSJdXQ.jpg?sha=282545adb64329df,NULL,NULL,NULL,NULL,35.60,NULL,NULL,45.70,NULL,NULL
"The Manhattan Transcripts Project, New York, New York, Episode 1: The Park","Bernard Tschumi",7056,"(French and Swiss, born Switzerland 1944)",NULL,(1944),NULL,(male),1976-77,"Gelatin silver photograph","14 x 18" (35.6 x 45.7 cm)","Purchase and partial gift of the architect in honor of Lily Auchincloss",3.1995.3,Architecture,"Architecture & Design",1995-01-17,yes,25,https://www.moma.org/collection/works/25,https://www.moma.org/media/W1siZiIsIjUyNzUzNyJdLFsicCIsImNvbnZlcnQiLCItcmVzaXplIDEwMjR4MTAyNFx1MDAzZSJdXQ.jpg?sha=8c154153e68d9663,NULL,NULL,NULL,NULL,35.60,NULL,NULL,45.70,NULL,NULL
"The Manhattan Transcripts Project, New York, New York, Episode 1: The Park","Bernard Tschumi",7056,"(French and Swiss, born Switzerland 1944)",NULL,(1944),NULL,(male),1976-77,"Gelatin silver photograph","14 x 18" (35.6 x 45.7 cm)","Purchase and partial gift of the architect in honor of Lily Auchincloss",3.1995.4,Architecture,"Architecture & Design",1995-01-17,yes,26,https://www.moma.org/collection/works/26,https://www.moma.org/media/W1siZiIsIjUyNzUzOCJdLFsicCIsImNvbnZlcnQiLCItcmVzaXplIDEwMjR4MTAyNFx1MDAzZSJdXQ.jpg?sha=594e5c3af08ba67c,NULL,NULL,NULL,NULL,35.60,NULL,NULL,45.70,NULL,NULL
"The Manhattan Transcripts Project, New York, New York, Episode 1: The Park","Bernard Tschumi",7056,"(French and Swiss, born Switzerland 1944)",NULL,(1944),NULL,(male),1976-77,"Gelatin silver photograph","14 x 18" (35.6 x 45.7 cm)","Purchase and partial gift of the architect in honor of Lily Auchincloss",3.1995.5,Architecture,"Architecture & Design",1995-01-17,yes,27,https://www.moma.org/collection/works/27,https://www.moma.org/media/W1siZiIsIjUyNzUzOSJdLFsicCIsImNvbnZlcnQiLCItcmVzaXplIDEwMjR4MTAyNFx1MDAzZSJdXQ.jpg?sha=68c4eb49459cf9d4,NULL,NULL,NULL,NULL,35.60,NULL,NULL,45.70,NULL,NULL
"The Manhattan Transcripts Project, New York, New York, Episode 1: The Park","Bernard Tschumi",7056,"(French and Swiss, born Switzerland 1944)",NULL,(1944),NULL,(male),1976-77,"Gelatin silver photograph","14 x 18" (35.6 x 45.7 cm)","Purchase and partial gift of the architect in honor of Lily Auchincloss",3.1995.6,Architecture,"Architecture & Design",1995-01-17,yes,28,https://www.moma.org/collection/works/28,https://www.moma.org/media/W1siZiIsIjUyNzU0MCJdLFsicCIsImNvbnZlcnQiLCItcmVzaXplIDEwMjR4MTAyNFx1MDAzZSJdXQ.jpg?sha=bd0024459b6137cc,NULL,NULL,NULL,NULL,35.60,NULL,NULL,45.70,NULL,NULL
"The Manhattan Transcripts Project, New York, New York, Episode 1: The Park","Bernard Tschumi",7056,"(French and Swiss, born Switzerland 1944)",NULL,(1944),NULL,(male),1976-77,"Gelatin silver photograph","14 x 18" (35.6 x 45.7 cm)","Purchase and partial gift of the architect in honor of Lily Auchincloss",3.1995.7,Architecture,"Architecture & Design",1995-01-17,yes,29,https://www.moma.org/collection/works/29,https://www.moma.org/media/W1siZiIsIjUyNzU0MSJdLFsicCIsImNvbnZlcnQiLCItcmVzaXplIDEwMjR4MTAyNFx1MDAzZSJdXQ.jpg?sha=7dcac19ddeb0b9ca,NULL,NULL,NULL,NULL,35.60,NULL,NULL,45.70,NULL,NULL
"The Manhattan Transcripts Project, New York, New York, Episode 1: The Park","Bernard Tschumi",7056,"(French and Swiss, born Switzerland 1944)",NULL,(1944),NULL,(male),1976-77,"Gelatin silver photograph","14 x 18" (35.6 x 45.7 cm)","Purchase and partial gift of the architect in honor of Lily Auchincloss",3.1995.8,Architecture,"Architecture & Design",1995-01-17,yes,30,https://www.moma.org/collection/works/30,https://www.moma.org/media/W1siZiIsIjUyNzU0MiJdLFsicCIsImNvbnZlcnQiLCItcmVzaXplIDEwMjR4MTAyNFx1MDAzZSJdXQ.jpg?sha=4d671cca5198113c,NULL,NULL,NULL,NULL,35.60,NULL,NULL,45.70,NULL,NULL
"The Manhattan Transcripts Project, New York, New York, Episode 1: The Park","Bernard Tschumi",7056,"(French and Swiss, born Switzerland 1944)",NULL,(1944),NULL,(male),1976-77,"Gelatin silver photograph","14 x 18" (35.6 x 45.7 cm)","Purchase and partial gift of the architect in honor of Lily Auchincloss",3.1995.9,Architecture,"Architecture & Design",1995-01-17,yes,31,https://www.moma.org/collection/works/31,https://www.moma.org/media/W1siZiIsIjUyNzU0MyJdLFsicCIsImNvbnZlcnQiLCItcmVzaXplIDEwMjR4MTAyNFx1MDAzZSJdXQ.jpg?sha=ded5689521f07c84,NULL,NULL,NULL,NULL,35.60,NULL,NULL,45.70,NULL,NULL
"Memorial to the Six Million Jewish Martyrs, project, New York City, New York, Perspective of central pier","Louis I. Kahn",2964,"(American, born Estonia. 1901–1974)",(American),(1901),(1974),(male),1968,"Charcoal and graphite on tracing paper","44 1/2 x 66" (113 x 167.6 cm)",Purchase,3.1997,Architecture,"Architecture & Design",1997-01-15,yes,32,https://www.moma.org/collection/works/32,https://www.moma.org/media/W1siZiIsIjUyNzU0NCJdLFsicCIsImNvbnZlcnQiLCItcmVzaXplIDEwMjR4MTAyNFx1MDAzZSJdXQ.jpg?sha=80d55726c6ca40af,NULL,NULL,NULL,NULL,113.00,NULL,NULL,167.60,NULL,NULL
"The Manhattan Transcripts Project, New York, New York, Introductory panel to Episode 2: The Street (Border Crossing)","Bernard Tschumi",7056,"(French and Swiss, born Switzerland 1944)",NULL,(1944),NULL,(male),1980,"Photographic reproduction with colored synthetic laminate","20 x 20" (50.8 X 50.8 cm)","Purchase and partial gift of the architect in honor of Lily Auchincloss",4.1995,Architecture,"Architecture & Design",1995-01-17,yes,33,https://www.moma.org/collection/works/33,https://www.moma.org/media/W1siZiIsIjUyNzY0NCJdLFsicCIsImNvbnZlcnQiLCItcmVzaXplIDEwMjR4MTAyNFx1MDAzZSJdXQ.jpg?sha=c526747c1409c8f1,NULL,NULL,NULL,NULL,50.80,NULL,NULL,50.80,NULL,NULL
"Royal Hunting Tent, project, Exterior perspective","Marcel Kammerer",7607,"(Austrian, 1878–1969)",(Austrian),(1878),(1969),(male),1900,"Ink, graphite, watercolor, gouache, and airbrush on paper","18 7/8 x 12 3/8" (47.9 x 31.4 cm)","Gift of Jo Carole and Ronald S. Lauder",4.1997,Architecture,"Architecture & Design",1997-01-15,yes,34,https://www.moma.org/collection/works/34,https://www.moma.org/media/W1siZiIsIjUyNzY0NSJdLFsicCIsImNvbnZlcnQiLCItcmVzaXplIDEwMjR4MTAyNFx1MDAzZSJdXQ.jpg?sha=a7823fef5cca6ffe,NULL,NULL,NULL,NULL,47.90,NULL,NULL,31.40,NULL,NULL
"The Manhattan Transcripts Project, New York, New York, Episode 2: The Street (Border Crossing)","Bernard Tschumi",7056,"(French and Swiss, born Switzerland 1944)",NULL,(1944),NULL,(male),1978,"Ink, charcoal, graphite, cut-and-pasted photographic reproductions, Letraset type, and color pencil on tracing paper","24 x 322" (61 x 817.9 cm)","Purchase and partial gift of the architect in honor of Lily Auchincloss",5.1995,Architecture,"Architecture & Design",1995-01-17,yes,35,https://www.moma.org/collection/works/35,NULL,NULL,NULL,NULL,NULL,60.96,NULL,NULL,817.88,NULL,NULL
"House in Krems, project, Krems, Austria, Elevation","Otto Schönthal",7608,"(Austrian, 1878–1961)",(Austrian),(1878),(1961),(male),1905,"Graphite, ink, watercolor, and metallic paint on paper","12 x 8 1/2" (30.5 x 21.6 cm)","Gift of Jo Carole and Ronald S. Lauder",5.1997,Architecture,"Architecture & Design",1997-01-15,yes,36,https://www.moma.org/collection/works/36,https://www.moma.org/media/W1siZiIsIjUyNzcwNSJdLFsicCIsImNvbnZlcnQiLCItcmVzaXplIDEwMjR4MTAyNFx1MDAzZSJdXQ.jpg?sha=ef833e4d6b38446b,NULL,NULL,NULL,NULL,30.50,NULL,NULL,21.60,NULL,NULL
"The Manhattan Transcripts Project, New York, New York, Introductory panel to Episode 3: The Tower (The Fall)","Bernard Tschumi",7056,"(French and Swiss, born Switzerland 1944)",NULL,(1944),NULL,(male),1980,"Photographic reproduction with colored synthetic laminate","20 x 20"(50.8 x 50.8 cm)","Purchase and partial gift of the architect in honor of Lily Auchincloss",6.1995,Architecture,"Architecture & Design",1995-01-17,yes,38,https://www.moma.org/collection/works/38,https://www.moma.org/media/W1siZiIsIjUyNzcxOCJdLFsicCIsImNvbnZlcnQiLCItcmVzaXplIDEwMjR4MTAyNFx1MDAzZSJdXQ.jpg?sha=ab3cb4352bfb394f,NULL,NULL,NULL,NULL,50.80,NULL,NULL,50.80,NULL,NULL
"Imperial Post Office, Teschen, Austria (Elevation)","Otto Schönthal",7608,"(Austrian, 1878–1961)",(Austrian),(1878),(1961),(male),1906,"Pencil, ink, colored pencil, and gouache on paper","11 5/8 x 14 1/8" (29.6 x 35.8 cm)","Gift of Jo Carole and Ronald S. Lauder",6.1997,Architecture,"Architecture & Design",1997-01-15,yes,39,https://www.moma.org/collection/works/39,NULL,NULL,NULL,NULL,NULL,29.60,NULL,NULL,35.80,NULL,NULL
"The Manhattan Transcripts Project, New York, New York, Episode 3: The Tower (The Fall)","Bernard Tschumi",7056,"(French and Swiss, born Switzerland 1944)",NULL,(1944),NULL,(male),1979,"Ink on tracing paper","48 x 24" (121.9 x 61 cm)","Purchase and partial gift of the architect in honor of Lily Auchincloss",7.1995.1,Architecture,"Architecture & Design",1995-01-17,yes,41,https://www.moma.org/collection/works/41,https://www.moma.org/media/W1siZiIsIjUyNzc0MSJdLFsicCIsImNvbnZlcnQiLCItcmVzaXplIDEwMjR4MTAyNFx1MDAzZSJdXQ.jpg?sha=42c2744af4689bf3,NULL,NULL,NULL,NULL,121.90,NULL,NULL,61.00,NULL,NULL
"The Manhattan Transcripts Project, New York, New York, Episode 3: The Tower (The Fall)","Bernard Tschumi",7056,"(French and Swiss, born Switzerland 1944)",NULL,(1944),NULL,(male),1979,"Ink and transfer on tracing paper","Each: 48 x 24" (121.9 x 61 cm)","Purchase and partial gift of the architect in honor of Lily Auchincloss",7.1995.1-9,Architecture,"Architecture & Design",1995-01-17,yes,42,https://www.moma.org/collection/works/42,https://www.moma.org/media/W1siZiIsIjUyNzc0MiJdLFsicCIsImNvbnZlcnQiLCItcmVzaXplIDEwMjR4MTAyNFx1MDAzZSJdXQ.jpg?sha=41e49bdddfb523b2,NULL,NULL,NULL,NULL,121.92,NULL,NULL,60.96,NULL,NULL
"The Manhattan Transcripts Project, New York, New York, Episode 3: The Tower (The Fall)","Bernard Tschumi",7056,"(French and Swiss, born Switzerland 1944)",NULL,(1944),NULL,(male),1979,"Ink on tracing paper","48 x 24" (121.9 x 61 cm)","Purchase and partial gift of the architect in honor of Lily Auchincloss",7.1995.2,Architecture,"Architecture & Design",1995-01-17,yes,43,https://www.moma.org/collection/works/43,https://www.moma.org/media/W1siZiIsIjUyNzc0MyJdLFsicCIsImNvbnZlcnQiLCItcmVzaXplIDEwMjR4MTAyNFx1MDAzZSJdXQ.jpg?sha=d65e9ed89c3c9316,NULL,NULL,NULL,NULL,121.90,NULL,NULL,61.00,NULL,NULL
"The Manhattan Transcripts Project, New York, New York, Episode 3: The Tower (The Fall)","Bernard Tschumi",7056,"(French and Swiss, born Switzerland 1944)",NULL,(1944),NULL,(male),1980,"Ink on tracing paper","48 x 24" (121.9 x 61 cm)","Purchase and partial gift of the architect in honor of Lily Auchincloss",7.1995.3,Architecture,"Architecture & Design",1995-01-17,yes,44,https://www.moma.org/collection/works/44,https://www.moma.org/media/W1siZiIsIjUyNzc0NCJdLFsicCIsImNvbnZlcnQiLCItcmVzaXplIDEwMjR4MTAyNFx1MDAzZSJdXQ.jpg?sha=736e886ced660c1b,NULL,NULL,NULL,NULL,121.90,NULL,NULL,61.00,NULL,NULL
"The Manhattan Transcripts Project, New York, New York, Episode 3: The Tower (The Fall)","Bernard Tschumi",7056,"(French and Swiss, born Switzerland 1944)",NULL,(1944),NULL,(male),1979,"Ink on tracing paper","48 x 24" (121.9 x 61 cm)","Purchase and partial gift of the architect in honor of Lily Auchincloss",7.1995.4,Architecture,"Architecture & Design",1995-01-17,yes,45,https://www.moma.org/collection/works/45,https://www.moma.org/media/W1siZiIsIjUyNzc0NSJdLFsicCIsImNvbnZlcnQiLCItcmVzaXplIDEwMjR4MTAyNFx1MDAzZSJdXQ.jpg?sha=874a15e8c11a1aad,NULL,NULL,NULL,NULL,121.90,NULL,NULL,61.00,NULL,NULL
"The Manhattan Transcripts Project, New York, New York, Episode 3: The Tower (The Fall)","Bernard Tschumi",7056,"(French and Swiss, born Switzerland 1944)",NULL,(1944),NULL,(male),1979,"Ink on tracing paper","48 x 24" (121.9 x 61 cm)","Purchase and partial gift of the architect in honor of Lily Auchincloss",7.1995.5,Architecture,"Architecture & Design",1995-01-17,yes,46,https://www.moma.org/collection/works/46,https://www.moma.org/media/W1siZiIsIjUyNzc0NiJdLFsicCIsImNvbnZlcnQiLCItcmVzaXplIDEwMjR4MTAyNFx1MDAzZSJdXQ.jpg?sha=7d7a1071dabdc9f9,NULL,NULL,NULL,NULL,121.90,NULL,NULL,61.00,NULL,NULL
"The Manhattan Transcripts Project, New York, New York, Episode 3: The Tower (The Fall)","Bernard Tschumi",7056,"(French and Swiss, born Switzerland 1944)",NULL,(1944),NULL,(male),1979,"Ink on tracing paper","48 x 24" (121.9 x 61 cm)","Purchase and partial gift of the architect in honor of Lily Auchincloss",7.1995.6,Architecture,"Architecture & Design",1995-01-17,yes,47,https://www.moma.org/collection/works/47,https://www.moma.org/media/W1siZiIsIjUyNzc0NyJdLFsicCIsImNvbnZlcnQiLCItcmVzaXplIDEwMjR4MTAyNFx1MDAzZSJdXQ.jpg?sha=e42ebc04d70502d9,NULL,NULL,NULL,NULL,121.90,NULL,NULL,61.00,NULL,NULL
"The Manhattan Transcripts Project, New York, New York, Episode 3: The Tower (The Fall)","Bernard Tschumi",7056,"(French and Swiss, born Switzerland 1944)",NULL,(1944),NULL,(male),1979,"Ink on tracing paper","48 x 24" (121.9 x 61 cm)","Purchase and partial gift of the architect in honor of Lily Auchincloss",7.1995.7,Architecture,"Architecture & Design",1995-01-17,yes,48,https://www.moma.org/collection/works/48,https://www.moma.org/media/W1siZiIsIjUyNzc0OCJdLFsicCIsImNvbnZlcnQiLCItcmVzaXplIDEwMjR4MTAyNFx1MDAzZSJdXQ.jpg?sha=4e42fd82433fb335,NULL,NULL,NULL,NULL,121.90,NULL,NULL,61.00,NULL,NULL
"The Manhattan Transcripts Project, New York, New York, Episode 3: The Tower (The Fall),","Bernard Tschumi",7056,"(French and Swiss, born Switzerland 1944)",NULL,(1944),NULL,(male),1979,"Ink on tracing paper","48 x 24" (121.9 x 61 cm)","Purchase and partial gift of the architect in honor of Lily Auchincloss",7.1995.8,Architecture,"Architecture & Design",1995-01-17,yes,49,https://www.moma.org/collection/works/49,https://www.moma.org/media/W1siZiIsIjUyNzc0OSJdLFsicCIsImNvbnZlcnQiLCItcmVzaXplIDEwMjR4MTAyNFx1MDAzZSJdXQ.jpg?sha=e3c1377fff92103e,NULL,NULL,NULL,NULL,121.90,NULL,NULL,61.00,NULL,NULL
"The Manhattan Transcripts Project, New York, New York, Episode 3: The Tower (The Fall)","Bernard Tschumi",7056,"(French and Swiss, born Switzerland 1944)",NULL,(1944),NULL,(male),1979,"Ink and photographic reproductions on tracing paper","48 x 24" (121.9 x 61 cm)","Purchase and partial gift of the architect in honor of Lily Auchincloss",7.1995.9,Architecture,"Architecture & Design",1995-01-17,yes,50,https://www.moma.org/collection/works/50,NULL,NULL,NULL,NULL,NULL,121.90,NULL,NULL,61.00,NULL,NULL
"The Manhattan Transcripts Project, New York, New York, Introductory panel to Episode 4: The Block","Bernard Tschumi",7056,"(French and Swiss, born Switzerland 1944)",NULL,(1944),NULL,(male),1980,"Photographic reproduction with colored synthetic laminate","Each: 20 x 20" (50.8 x 50.8 cm)","Purchase and partial gift of the architect in honor of Lily Auchincloss",8.1995,Architecture,"Architecture & Design",1995-01-17,yes,52,https://www.moma.org/collection/works/52,https://www.moma.org/media/W1siZiIsIjUyNzc1NyJdLFsicCIsImNvbnZlcnQiLCItcmVzaXplIDEwMjR4MTAyNFx1MDAzZSJdXQ.jpg?sha=63393623adefcbd0,NULL,NULL,NULL,NULL,50.80,NULL,NULL,50.80,NULL,NULL
"The Manhattan Transcripts Project, New York, New York, Episode 4: The Block","Bernard Tschumi",7056,"(French and Swiss, born Switzerland 1944)",NULL,(1944),NULL,(male),1980-81,"Ink and cut-and-pasted gelatin silver photographs on tracing paper","19 x 31" (48.3 x 78.7 cm)","Purchase and partial gift of the architect in honor of Lily Auchincloss",9.1995.1,Architecture,"Architecture & Design",1995-01-17,yes,54,https://www.moma.org/collection/works/54,NULL,NULL,NULL,NULL,NULL,48.30,NULL,NULL,78.70,NULL,NULL
"The Manhattan Transcripts Project, New York, New York, Episode 4: The Block","Bernard Tschumi",7056,"(French and Swiss, born Switzerland 1944)",NULL,(1944),NULL,(male),1980-81,"Ink and photographs on tracing paper","Each: 19 x 31" (48.2 x 78.7 cm)","Purchase and partial gift of the architect in honor of Lily Auchincloss",9.1995.1-14,Architecture,"Architecture & Design",1995-01-17,yes,55,https://www.moma.org/collection/works/55,https://www.moma.org/media/W1siZiIsIjUyNzc3OCJdLFsicCIsImNvbnZlcnQiLCItcmVzaXplIDEwMjR4MTAyNFx1MDAzZSJdXQ.jpg?sha=ab336ad9a7d2d99e,NULL,NULL,NULL,NULL,48.20,NULL,NULL,78.70,NULL,NULL
"The Manhattan Transcripts Project, New York, New York, Episode 4: The Block","Bernard Tschumi",7056,"(French and Swiss, born Switzerland 1944)",NULL,(1944),NULL,(male),1980-81,"Ink and cut-and-pasted gelatin silver photographs on tracing paper","19 x 31" (48.3 x 78.7 cm)","Purchase and partial gift of the architect in honor of Lily Auchincloss",9.1995.10,Architecture,"Architecture & Design",1995-01-17,yes,56,https://www.moma.org/collection/works/56,https://www.moma.org/media/W1siZiIsIjUyNzc3NiJdLFsicCIsImNvbnZlcnQiLCItcmVzaXplIDEwMjR4MTAyNFx1MDAzZSJdXQ.jpg?sha=20c7834ef320b274,NULL,NULL,NULL,NULL,48.30,NULL,NULL,78.70,NULL,NULL
"The Manhattan Transcripts Project, New York, New York, Episode 4: The Block","Bernard Tschumi",7056,"(French and Swiss, born Switzerland 1944)",NULL,(1944),NULL,(male),1980-81,"Ink and cut-and-pasted gelatin silver photographs on tracing paper","19 x 31" (48.3 x 78.7 cm)","Purchase and partial gift of the architect in honor of Lily Auchincloss",9.1995.11,Architecture,"Architecture & Design",1995-01-17,yes,57,https://www.moma.org/collection/works/57,https://www.moma.org/media/W1siZiIsIjUyNzc3NyJdLFsicCIsImNvbnZlcnQiLCItcmVzaXplIDEwMjR4MTAyNFx1MDAzZSJdXQ.jpg?sha=f4b4d87eec5878dd,NULL,NULL,NULL,NULL,48.30,NULL,NULL,78.70,NULL,NULL
"The Manhattan Transcripts Project, New York, New York, Episode 4: The Block","Bernard Tschumi",7056,"(French and Swiss, born Switzerland 1944)",NULL,(1944),NULL,(male),1980-81,"Ink and cut-and-pasted gelatin silver photographs on tracing paper","19 x 31" (48.3 x 78.7 cm)","Purchase and partial gift of the architect in honor of Lily Auchincloss",9.1995.12,Architecture,"Architecture & Design",1995-01-17,yes,58,https://www.moma.org/collection/works/58,https://www.moma.org/media/W1siZiIsIjUyNzc3OSJdLFsicCIsImNvbnZlcnQiLCItcmVzaXplIDEwMjR4MTAyNFx1MDAzZSJdXQ.jpg?sha=81ab4d8df5d92804,NULL,NULL,NULL,NULL,48.30,NULL,NULL,78.70,NULL,NULL
"The Manhattan Transcripts Project, New York, New York, Episode 4: The Block","Bernard Tschumi",7056,"(French and Swiss, born Switzerland 1944)",NULL,(1944),NULL,(male),1980-81,"Ink and cut-and-pasted gelatin silver photographs on tracing paper","19 x 31" (48.3 x 78.7 cm)","Purchase and partial gift of the architect in honor of Lily Auchincloss",9.1995.13,Architecture,"Architecture & Design",1995-01-17,yes,59,https://www.moma.org/collection/works/59,https://www.moma.org/media/W1siZiIsIjUyNzc4MCJdLFsicCIsImNvbnZlcnQiLCItcmVzaXplIDEwMjR4MTAyNFx1MDAzZSJdXQ.jpg?sha=772a98fc2246d8de,NULL,NULL,NULL,NULL,48.30,NULL,NULL,78.70,NULL,NULL
"The Manhattan Transcripts Project, New York, New York, Episode 4: The Block","Bernard Tschumi",7056,"(French and Swiss, born Switzerland 1944)",NULL,(1944),NULL,(male),1980-81,"Ink and cut-and-pasted gelatin silver photographs on tracing paper","19 x 31" (48.3 x 78.7 cm)","Purchase and partial gift of the architect in honor of Lily Auchincloss",9.1995.14,Architecture,"Architecture & Design",1995-01-17,yes,60,https://www.moma.org/collection/works/60,https://www.moma.org/media/W1siZiIsIjUyNzc4MSJdLFsicCIsImNvbnZlcnQiLCItcmVzaXplIDEwMjR4MTAyNFx1MDAzZSJdXQ.jpg?sha=3cc8338ad2209105,NULL,NULL,NULL,NULL,48.30,NULL,NULL,78.70,NULL,NULL
"The Manhattan Transcripts Project, New York, New York, Episode 4: The Block","Bernard Tschumi",7056,"(French and Swiss, born Switzerland 1944)",NULL,(1944),NULL,(male),1980-81,"Ink on tracing paper","19 x 31" (48.3 x 78.7 cm)","Purchase and partial gift of the architect in honor of Lily Auchincloss",9.1995.2,Architecture,"Architecture & Design",1995-01-17,yes,61,https://www.moma.org/collection/works/61,https://www.moma.org/media/W1siZiIsIjUyNzc4MiJdLFsicCIsImNvbnZlcnQiLCItcmVzaXplIDEwMjR4MTAyNFx1MDAzZSJdXQ.jpg?sha=7e41b4a2372d8ca5,NULL,NULL,NULL,NULL,48.30,NULL,NULL,78.70,NULL,NULL
"The Manhattan Transcripts Project, New York, New York, Episode 4: The Block,","Bernard Tschumi",7056,"(French and Swiss, born Switzerland 1944)",NULL,(1944),NULL,(male),1980-81,"Ink and cut-and-pasted gelatin silver photographs on tracing paper","19 x 31" (48.3 x 78.7 cm)","Purchase and partial gift of the architect in honor of Lily Auchincloss",9.1995.3,Architecture,"Architecture & Design",1995-01-17,yes,62,https://www.moma.org/collection/works/62,https://www.moma.org/media/W1siZiIsIjUyNzc4MyJdLFsicCIsImNvbnZlcnQiLCItcmVzaXplIDEwMjR4MTAyNFx1MDAzZSJdXQ.jpg?sha=781f25777c6f48f5,NULL,NULL,NULL,NULL,48.30,NULL,NULL,78.70,NULL,NULL
"The Manhattan Transcripts Project, New York, New York, Episode 4: The Block","Bernard Tschumi",7056,"(French and Swiss, born Switzerland 1944)",NULL,(1944),NULL,(male),1980-81,"Ink and cut-and-pasted gelatin silver photographs on tracing paper","19 x 31" (48.3 x 78.7 cm)","Purchase and partial gift of the architect in honor of Lily Auchincloss",9.1995.4,Architecture,"Architecture & Design",1995-01-17,yes,63,https://www.moma.org/collection/works/63,https://www.moma.org/media/W1siZiIsIjUyNzc4NCJdLFsicCIsImNvbnZlcnQiLCItcmVzaXplIDEwMjR4MTAyNFx1MDAzZSJdXQ.jpg?sha=3934f564c43478ea,NULL,NULL,NULL,NULL,48.30,NULL,NULL,78.70,NULL,NULL
"The Manhattan Transcripts Project, New York, New York , Episode 4: The Block","Bernard Tschumi",7056,"(French and Swiss, born Switzerland 1944)",NULL,(1944),NULL,(male),1980-81,"Ink and cut-and-pasted gelatin silver photographs on tracing paper","19 x 31" (48.3 x 78.7 cm)","Purchase and partial gift of the architect in honor of Lily Auchincloss",9.1995.5,Architecture,"Architecture & Design",1995-01-17,yes,64,https://www.moma.org/collection/works/64,https://www.moma.org/media/W1siZiIsIjUyNzc4NSJdLFsicCIsImNvbnZlcnQiLCItcmVzaXplIDEwMjR4MTAyNFx1MDAzZSJdXQ.jpg?sha=1315fd2a5e0e1cf9,NULL,NULL,NULL,NULL,48.30,NULL,NULL,78.70,NULL,NULL
"The Manhattan Transcripts Project, New York, New York, Episode 4: The Block","Bernard Tschumi",7056,"(French and Swiss, born Switzerland 1944)",NULL,(1944),NULL,(male),1980-81,"Ink and cut-and-pasted gelatin silver photographs on tracing paper","19 x 31" (48.3 x 78.7 cm)","Purchase and partial gift of the architect in honor of Lily Auchincloss",9.1995.6,Architecture,"Architecture & Design",1995-01-17,yes,65,https://www.moma.org/collection/works/65,https://www.moma.org/media/W1siZiIsIjUyNzc4NiJdLFsicCIsImNvbnZlcnQiLCItcmVzaXplIDEwMjR4MTAyNFx1MDAzZSJdXQ.jpg?sha=9306c7f67f4869bb,NULL,NULL,NULL,NULL,48.30,NULL,NULL,78.70,NULL,NULL
"The Manhattan Transcripts Project, New York, New York, Episode 4: The Block","Bernard Tschumi",7056,"(French and Swiss, born Switzerland 1944)",NULL,(1944),NULL,(male),1980-81,"Ink and cut-and-pasted gelatin silver photographs on tracing paper","19 x 31" (48.3 x 78.7 cm)","Purchase and partial gift of the architect in honor of Lily Auchincloss",9.1995.7,Architecture,"Architecture & Design",1995-01-17,yes,66,https://www.moma.org/collection/works/66,https://www.moma.org/media/W1siZiIsIjUyNzc4NyJdLFsicCIsImNvbnZlcnQiLCItcmVzaXplIDEwMjR4MTAyNFx1MDAzZSJdXQ.jpg?sha=1be5ad50cd1b8133,NULL,NULL,NULL,NULL,48.30,NULL,NULL,78.70,NULL,NULL
"The Manhattan Transcripts Project, New York, New York, Episode 4: The Block","Bernard Tschumi",7056,"(French and Swiss, born Switzerland 1944)",NULL,(1944),NULL,(male),1980-81,"Ink and cut-and-pasted gelatin silver photographs on tracing paper","19 x 31" (48.3 x 78.7 cm)","Purchase and partial gift of the architect in honor of Lily Auchincloss",9.1995.8,Architecture,"Architecture & Design",1995-01-17,yes,67,https://www.moma.org/collection/works/67,https://www.moma.org/media/W1siZiIsIjUyNzc4OCJdLFsicCIsImNvbnZlcnQiLCItcmVzaXplIDEwMjR4MTAyNFx1MDAzZSJdXQ.jpg?sha=6c377d9c27b26671,NULL,NULL,NULL,NULL,48.30,NULL,NULL,78.70,NULL,NULL
"The Manhattan Transcripts Project, New York, New York, Episode 4: The Block","Bernard Tschumi",7056,"(French and Swiss, born Switzerland 1944)",NULL,(1944),NULL,(male),1980-81,"Ink and cut-and-pasted gelatin silver photographs on tracing paper","19 x 31" (48.3 x 78.7 cm)","Purchase and partial gift of the architect in honor of Lily Auchincloss",9.1995.9,Architecture,"Architecture & Design",1995-01-17,yes,68,https://www.moma.org/collection/works/68,https://www.moma.org/media/W1siZiIsIjUyNzc4OSJdLFsicCIsImNvbnZlcnQiLCItcmVzaXplIDEwMjR4MTAyNFx1MDAzZSJdXQ.jpg?sha=ee2de5ec9a69578c,NULL,NULL,NULL,NULL,48.30,NULL,NULL,78.70,NULL,NULL
"Concert Hall Project, Dresden, Germany (Interior perspective of preliminary scheme)","Hans Poelzig",8100,"(German, 1869–1936)",(German),(1869),(1936),(male),1918,"Colored pencil and graphite on tracing paper","14 5/8 x 16 1/8" (37.1 x 41 cm)","Gift of Henry G. Proskauer",1087.2009,Architecture,"Architecture & Design",1966-01-11,yes,76,https://www.moma.org/collection/works/76,https://www.moma.org/media/W1siZiIsIjE2NjgxMCJdLFsicCIsImNvbnZlcnQiLCItcmVzaXplIDEwMjR4MTAyNFx1MDAzZSJdXQ.jpg?sha=502183071bf324f1,NULL,NULL,NULL,NULL,37.10,NULL,NULL,41.00,NULL,NULL
"Earth-Cloud House, project","Raimund Abraham",47,"(American, born Austria. 1933–2010)",(American),(1933),(2010),(male),1970,Graphite,"34 3/8 x 53 1/2" (87.3 x 135.9 cm)","Gift of Philip Johnson",19.1980,Architecture,"Architecture & Design",1980-01-08,yes,79,https://www.moma.org/collection/works/79,https://www.moma.org/media/W1siZiIsIjUyMDg2NyJdLFsicCIsImNvbnZlcnQiLCItcmVzaXplIDEwMjR4MTAyNFx1MDAzZSJdXQ.jpg?sha=99e4dd238fa29222,NULL,NULL,NULL,NULL,87.31,NULL,NULL,135.89,NULL,NULL
"House IV Project, Falls Village, Connecticut (Multiple axonometrics)","Peter Eisenman, Robert Cole","6969, 8134","(American, born 1932)","(American) ()","(1932) (0)",NULL,"(male) (male)",1975,"Ink and color ink on frosted polymer sheet","13 3/4 x 44 5/8" (34.9 x 113.3 cm)","Gift of Philip Johnson",20.1980,Architecture,"Architecture & Design",1980-01-08,yes,81,https://www.moma.org/collection/works/81,https://www.moma.org/media/W1siZiIsIjIxMDA0MSJdLFsicCIsImNvbnZlcnQiLCItcmVzaXplIDEwMjR4MTAyNFx1MDAzZSJdXQ.jpg?sha=013146b1f3121730,NULL,NULL,NULL,NULL,34.93,NULL,NULL,113.35,NULL,NULL
"Villa dall'Ava, Paris (Saint-Cloud), France, Exterior perspective","Rem Koolhaas, Madelon Vriesendorp","6956, 6957","(Dutch, born 1944) (Dutch, born 1945)","(Dutch) (Dutch)","(1944) (1945)",NULL,"(male) (female)",1987,"Synthetic polymer paint and ink on paper","25 x 39" (63.5 x 99.1 cm)","Gift of Max Underwood",21.2000,Architecture,"Architecture & Design",2000-01-19,yes,82,https://www.moma.org/collection/works/82,https://www.moma.org/media/W1siZiIsIjUzMDUxNyJdLFsicCIsImNvbnZlcnQiLCItcmVzaXplIDEwMjR4MTAyNFx1MDAzZSJdXQ.jpg?sha=c4d03db9aaa2de17,NULL,NULL,NULL,NULL,63.50,NULL,NULL,99.06,NULL,NULL
"Pedestrian City project, Hypostyle Courtyard (Structural details)","Roger C. Ferri",1863,"(American, 1949–1991)",(American),(1949),(1991),(male),1979,"Ink and pastel on paper","55 3/4" x 43 5/8" (141.6 x 110.8 cm)","National Endowment for the Arts Project Funds",21.1980,Architecture,"Architecture & Design",1980-01-08,yes,84,https://www.moma.org/collection/works/84,https://www.moma.org/media/W1siZiIsIjIxMDA0NCJdLFsicCIsImNvbnZlcnQiLCItcmVzaXplIDEwMjR4MTAyNFx1MDAzZSJdXQ.jpg?sha=f16f70a93b62994a,NULL,NULL,NULL,NULL,141.60,NULL,NULL,110.80,NULL,NULL
"Parc de la Villette, Le Case Vide, Paris, France (Axonometric of folly)","Bernard Tschumi",7056,"(French and Swiss, born Switzerland 1944)",NULL,(1944),NULL,(male),1984,"Pen, ink, gouache, and airbrush on paper","37 3/16 x 37 5/16" (94.5 x 94.8 cm)","Gift of the Peter Norton Family Foundation",22.2000,Architecture,"Architecture & Design",2000-01-19,yes,85,https://www.moma.org/collection/works/85,NULL,NULL,NULL,NULL,NULL,94.46,NULL,NULL,94.77,NULL,NULL
"Pedestrian City project, Hypostyle Courtyard (Developed plan and section elevations)","Roger C. Ferri",1863,"(American, 1949–1991)",(American),(1949),(1991),(male),1979,"Ink and pastel on paper","55 3/4 x 43 5/8" (141.6 x 110.8 cm)","National Endowment for the Arts Project Funds",22.1980,Architecture,"Architecture & Design",1980-01-08,yes,87,https://www.moma.org/collection/works/87,https://www.moma.org/media/W1siZiIsIjUyMDg2OCJdLFsicCIsImNvbnZlcnQiLCItcmVzaXplIDEwMjR4MTAyNFx1MDAzZSJdXQ.jpg?sha=02cdcaea15760fb7,NULL,NULL,NULL,NULL,141.61,NULL,NULL,110.81,NULL,NULL
"Parc de la Villette, Paris, France, Aerial perspective of follies","Bernard Tschumi",7056,"(French and Swiss, born Switzerland 1944)",NULL,(1944),NULL,(male),1986,"Pen, ink, and gouache on paper","27 1/4 x 39 1/4" (69.2 x 99.7 cm)","Takeo Ohbayashi Purchase Fund",23.2000,Architecture,"Architecture & Design",2000-01-19,yes,88,https://www.moma.org/collection/works/88,https://www.moma.org/media/W1siZiIsIjUzMDUzMyJdLFsicCIsImNvbnZlcnQiLCItcmVzaXplIDEwMjR4MTAyNFx1MDAzZSJdXQ.jpg?sha=517802b6e1323ff5,NULL,NULL,NULL,NULL,69.22,NULL,NULL,99.70,NULL,NULL
"Pedestrian City project, Hypostyle Courtyard (Perspective)","Roger C. Ferri",1863,"(American, 1949–1991)",(American),(1949),(1991),(male),1979,"Pastel on paper","44 3/8 x 44 5/8" (112.7 x 113.3 cm)","National Endowment for the Arts Project Funds",23.1980,Architecture,"Architecture & Design",1980-01-08,yes,90,https://www.moma.org/collection/works/90,https://www.moma.org/media/W1siZiIsIjUyMDg2OSJdLFsicCIsImNvbnZlcnQiLCItcmVzaXplIDEwMjR4MTAyNFx1MDAzZSJdXQ.jpg?sha=6780c0c03e88fa4d,NULL,NULL,NULL,NULL,112.71,NULL,NULL,113.35,NULL,NULL
"Fargo-Moorhead Cultural Center Bridge, project, Fargo, North Dakota and Moorhead, Minnesota, South elevation","Michael Graves",2308,"(American, 1934–2015)",(American),(1934),(2015),(male),1978,"Graphite and crayon on yellow tracing paper","11 7/8 x 11 7/8" (30.2 x 30.2 cm)","Lily Auchincloss Fund",24.1980,Architecture,"Architecture & Design",1980-01-08,yes,92,https://www.moma.org/collection/works/92,https://www.moma.org/media/W1siZiIsIjUyMDg3MCJdLFsicCIsImNvbnZlcnQiLCItcmVzaXplIDEwMjR4MTAyNFx1MDAzZSJdXQ.jpg?sha=6429f22e6e28a1fe,NULL,NULL,NULL,NULL,30.20,NULL,NULL,30.20,NULL,NULL
"Vacation House Project, Aspen, Colorado, Elevations, interior and exterior perspectives and plan","Michael Graves",2308,"(American, 1934–2015)",(American),(1934),(2015),(male),1978,"Ink and graphite on paper","23 1/2 x 23 5/8" (59.7 x 60 cm)","Gift of Philip Johnson",25.1980,Architecture,"Architecture & Design",1980-01-08,yes,94,https://www.moma.org/collection/works/94,https://www.moma.org/media/W1siZiIsIjUyMDg3NiJdLFsicCIsImNvbnZlcnQiLCItcmVzaXplIDEwMjR4MTAyNFx1MDAzZSJdXQ.jpg?sha=856377de23ecf6b4,NULL,NULL,NULL,NULL,59.70,NULL,NULL,60.00,NULL,NULL
"French & Company, project, New York (Manhattan), New York, Facade study","Michael Graves",2308,"(American, 1934–2015)",(American),(1934),(2015),(male),1978,"Graphite, ink and crayon on paper","10 7/8 x 10 3/4" (27.6 x 27.3 cm)
","Gift of Philip Johnson",26.1980,Architecture,"Architecture & Design",1980-01-08,yes,96,https://www.moma.org/collection/works/96,https://www.moma.org/media/W1siZiIsIjUyMDg4NCJdLFsicCIsImNvbnZlcnQiLCItcmVzaXplIDEwMjR4MTAyNFx1MDAzZSJdXQ.jpg?sha=1b4d92434f9bd739,NULL,NULL,NULL,NULL,27.60,NULL,NULL,27.30,NULL,NULL
"Vacation House, project, Aspen, Colorado, Fireplace","Michael Graves",2308,"(American, 1934–2015)",(American),(1934),(2015),(male),1978,"Graphite and Prismacolor crayon on tracing paper","8 x 8" (20.3 x 20.3 cm)
","Gift of Philip Johnson",27.1980,Architecture,"Architecture & Design",1980-01-08,yes,98,https://www.moma.org/collection/works/98,https://www.moma.org/media/W1siZiIsIjUyMDg5MyJdLFsicCIsImNvbnZlcnQiLCItcmVzaXplIDEwMjR4MTAyNFx1MDAzZSJdXQ.jpg?sha=4f59799f221af090,NULL,NULL,NULL,NULL,20.30,NULL,NULL,20.30,NULL,NULL
"Regional Administrative Center, project "Trieste e una Donna." , Trieste, Italy, Competition design: Elevation and section","Aldo Rossi, Gianni Braghieri, M. Bosshard","7661, 8131, 8180","(Italian, 1931–1997) (Italian, born 1945) (Italian)","(Italian) (Italian) (Italian)","(1931) (1945) (0)","(1997) (0) (0)","(male) (male) (male)",1974,"Rubbed ink and pastel on whiteprint","28 1/2 x 36" (72.4 x 91.4 cm)","Philip Johnson Fund",28.1980,Architecture,"Architecture & Design",1980-01-08,yes,100,https://www.moma.org/collection/works/100,https://www.moma.org/media/W1siZiIsIjUyMDkwMCJdLFsicCIsImNvbnZlcnQiLCItcmVzaXplIDEwMjR4MTAyNFx1MDAzZSJdXQ.jpg?sha=798c6ede03994320,NULL,NULL,NULL,NULL,72.40,NULL,NULL,91.40,NULL,NULL
"Misc. objects","Ludwig Mies van der Rohe",7166,"(American, born Germany. 1886–1969)",(American),(1886),(1969),(male),n.d.,NULL,NULL,"Mies van der Rohe Archive, gift of Ludwig Glaeser",29.1980.1-248,"Mies van der Rohe Archive","Architecture & Design",1980-01-08,no,102,NULL,NULL,NULL,NULL,NULL,NULL,NULL,NULL,NULL,NULL,NULL,NULL
"Villa Snellman, Djursholm, Sweden, Elevation of garden facade, sketch","Erik Gunnar Asplund",27,"(Swedish, 1885–1940)",(Swedish),(1885),(1940),(male),"c. 1917","Graphite and crayon on tracing paper mounted on board","9 1/8 x 13 3/4" (23.2 x 34.9 cm)","Gift of Mr. and Mrs. Edward Larrabee Barnes, Roblee McCarthy, Jr., Jeffrey P. Klein Purchase Fund, and purchase",33.1990,Architecture,"Architecture & Design",1990-01-17,yes,107,https://www.moma.org/collection/works/107,https://www.moma.org/media/W1siZiIsIjUyNzA5NCJdLFsicCIsImNvbnZlcnQiLCItcmVzaXplIDEwMjR4MTAyNFx1MDAzZSJdXQ.jpg?sha=06da84ebc49aeaf6,NULL,NULL,NULL,NULL,23.20,NULL,NULL,34.90,NULL,NULL
"Villa Snellman, Djursholm, Sweden, Exterior elevation","Erik Gunnar Asplund",27,"(Swedish, 1885–1940)",(Swedish),(1885),(1940),(male),1917,"Ink on ozalid","12 1/4 x 24 3/8" (31.1 x 61.9 cm)","Gift of Mr. and Mrs. Edward Larrabee Barnes, Roblee McCarthy, Jr., Jeffrey P. Klein Purchase Fund, and purchase",34.1990,Architecture,"Architecture & Design",1990-01-17,yes,109,https://www.moma.org/collection/works/109,https://www.moma.org/media/W1siZiIsIjUyNzA5NiJdLFsicCIsImNvbnZlcnQiLCItcmVzaXplIDEwMjR4MTAyNFx1MDAzZSJdXQ.jpg?sha=7977c78f205fae22,NULL,NULL,NULL,NULL,31.10,NULL,NULL,61.90,NULL,NULL
"Villa Snellman, Djursholm, Sweden, Exterior elevation","Erik Gunnar Asplund",27,"(Swedish, 1885–1940)",(Swedish),(1885),(1940),(male),1917,"Ink on ozalid","12 1/2 x 24 1/4" (31.8 x 61.6 cm)","Gift of Mr. and Mrs. Edward Larrabee Barnes, Roblee McCarthy, Jr., Jeffrey P. Klein Purchase Fund, and purchase",35.1990,Architecture,"Architecture & Design",1990-01-17,yes,111,https://www.moma.org/collection/works/111,https://www.moma.org/media/W1siZiIsIjUyNzA5NyJdLFsicCIsImNvbnZlcnQiLCItcmVzaXplIDEwMjR4MTAyNFx1MDAzZSJdXQ.jpg?sha=df653b6a5395d624,NULL,NULL,NULL,NULL,31.80,NULL,NULL,61.60,NULL,NULL
"Villa Snellman, Djursholm, Sweden, Site plan","Erik Gunnar Asplund",27,"(Swedish, 1885–1940)",(Swedish),(1885),(1940),(male),1917,"Graphite and crayon on tracing paper mounted on board","15 1/2 x 13 3/8" (39.4 x 34 cm)","Gift of Mr. and Mrs. Edward Larrabee Barnes, Roblee McCarthy, Jr., Jeffrey P. Klein Purchase Fund, and purchase",36.1990,Architecture,"Architecture & Design",1990-01-17,yes,113,https://www.moma.org/collection/works/113,https://www.moma.org/media/W1siZiIsIjUyNzA5OCJdLFsicCIsImNvbnZlcnQiLCItcmVzaXplIDEwMjR4MTAyNFx1MDAzZSJdXQ.jpg?sha=5e60a6e2f81f0a41,NULL,NULL,NULL,NULL,39.40,NULL,NULL,34.00,NULL,NULL
"Villa Snellman, Djursholm, Sweden, Ground-floor plan","Erik Gunnar Asplund",27,"(Swedish, 1885–1940)",(Swedish),(1885),(1940),(male),1917,"Ink on ozalid","22 1/2 x 24 5/8" (57.2 x 62.5 cm)","Gift of Mr. and Mrs. Edward Larrabee Barnes, Roblee McCarthy, Jr., Jeffrey P. Klein Purchase Fund, and purchase",37.1990,Architecture,"Architecture & Design",1990-01-17,yes,115,https://www.moma.org/collection/works/115,https://www.moma.org/media/W1siZiIsIjUyNzExNiJdLFsicCIsImNvbnZlcnQiLCItcmVzaXplIDEwMjR4MTAyNFx1MDAzZSJdXQ.jpg?sha=c6d59210022cc197,NULL,NULL,NULL,NULL,57.20,NULL,NULL,62.50,NULL,NULL
"Villa Snellman, Djursholm, Sweden, Second-floor plan","Erik Gunnar Asplund",27,"(Swedish, 1885–1940)",(Swedish),(1885),(1940),(male),1917,"Ink on ozalid","22 1/4 x 24 1/2" (56.5 x 62.2 cm)","Gift of Mr. and Mrs. Edward Larrabee Barnes, Roblee McCarthy, Jr., Jeffrey P. Klein Purchase Fund, and purchase",38.1990,Architecture,"Architecture & Design",1990-01-17,yes,117,https://www.moma.org/collection/works/117,https://www.moma.org/media/W1siZiIsIjUyNzExOSJdLFsicCIsImNvbnZlcnQiLCItcmVzaXplIDEwMjR4MTAyNFx1MDAzZSJdXQ.jpg?sha=6e82cdd45cb18a10,NULL,NULL,NULL,NULL,56.50,NULL,NULL,62.20,NULL,NULL
"Skandia Cinema, Stockholm, Sweden, Elevation of front of auditorium","Erik Gunnar Asplund",27,"(Swedish, 1885–1940)",(Swedish),(1885),(1940),(male),1923,"Ink on paper mounted on board","22 3/8" x 31 1/4" (56.8 x 79.4 cm)","Gift of Ira Levy, Mrs. Donald B. Marron, and purchase",39.1990,Architecture,"Architecture & Design",1990-01-17,yes,119,https://www.moma.org/collection/works/119,https://www.moma.org/media/W1siZiIsIjUyNzEyMiJdLFsicCIsImNvbnZlcnQiLCItcmVzaXplIDEwMjR4MTAyNFx1MDAzZSJdXQ.jpg?sha=e8913ad6e5c725ca,NULL,NULL,NULL,NULL,56.80,NULL,NULL,79.40,NULL,NULL
"Skandia Cinema, Stockholm, Sweden, Elevation of rear of auditorium","Erik Gunnar Asplund",27,"(Swedish, 1885–1940)",(Swedish),(1885),(1940),(male),1923,"Ink on paper mounted on board","22 1/2 x 31 1/8" (57.2 x 79.1 cm)","Gift of Ira Levy, Mrs. Donald B. Marron, and purchase",40.1990,Architecture,"Architecture & Design",1990-01-17,yes,121,https://www.moma.org/collection/works/121,https://www.moma.org/media/W1siZiIsIjUyNzEyNiJdLFsicCIsImNvbnZlcnQiLCItcmVzaXplIDEwMjR4MTAyNFx1MDAzZSJdXQ.jpg?sha=cdfe2c3295a43d3a,NULL,NULL,NULL,NULL,57.20,NULL,NULL,79.10,NULL,NULL
"Skandia Cinema, Stockholm, Sweden, Plan of ground floor","Erik Gunnar Asplund",27,"(Swedish, 1885–1940)",(Swedish),(1885),(1940),(male),1923,"Ink on paper mounted on board","18 7/8 x 21 3/4" (47.9 x 55.2 cm)
","Gift of Ira Levy, Mrs. Donald B. Marron, and purchase",41.1990,Architecture,"Architecture & Design",1990-01-17,yes,123,https://www.moma.org/collection/works/123,https://www.moma.org/media/W1siZiIsIjUyNzE0MSJdLFsicCIsImNvbnZlcnQiLCItcmVzaXplIDEwMjR4MTAyNFx1MDAzZSJdXQ.jpg?sha=561b84ed5469548b,NULL,NULL,NULL,NULL,47.90,NULL,NULL,55.20,NULL,NULL
"Skandia Cinema, Stockholm, Sweden, Floor plan of mezzanine","Erik Gunnar Asplund",27,"(Swedish, 1885–1940)",(Swedish),(1885),(1940),(male),1923,"Ink on paper mounted on board","18 7/8 x 21 7/8" (47.9 x 55.5 cm)","Gift of Ira Levy, Mrs. Donald B. Marron, and purchase",42.1990,Architecture,"Architecture & Design",1990-01-17,yes,125,https://www.moma.org/collection/works/125,https://www.moma.org/media/W1siZiIsIjUyNzE0OSJdLFsicCIsImNvbnZlcnQiLCItcmVzaXplIDEwMjR4MTAyNFx1MDAzZSJdXQ.jpg?sha=441a9f87c4afe115,NULL,NULL,NULL,NULL,47.90,NULL,NULL,55.50,NULL,NULL
"Skandia Cinema, Stockholm, Sweden, Perspective of staircase","Erik Gunnar Asplund",27,"(Swedish, 1885–1940)",(Swedish),(1885),(1940),(male),Unknown,"Ink and graphite on tracing paper mounted on board","13 x 11 3/4" (33 x 29.8 cm)","Gift of Ira Levy, Mrs. Donald B. Marron, and purchase",43.1990,Architecture,"Architecture & Design",1990-01-17,yes,126,https://www.moma.org/collection/works/126,https://www.moma.org/media/W1siZiIsIjUyNzE1MCJdLFsicCIsImNvbnZlcnQiLCItcmVzaXplIDEwMjR4MTAyNFx1MDAzZSJdXQ.jpg?sha=ee5b21ccd1fbc3f5,NULL,NULL,NULL,NULL,33.00,NULL,NULL,29.80,NULL,NULL
"Skandia Cinema, Stockholm, Sweden, Perspective of promenade","Erik Gunnar Asplund",27,"(Swedish, 1885–1940)",(Swedish),(1885),(1940),(male),Unknown,"Graphite on tracing paper mounted on board","8 1/4 x 10 1/2" (21 x 26.7 cm)","Gift of Ira Levy, Mrs. Donald B. Marron, and purchase",44.1990,Architecture,"Architecture & Design",1990-01-17,yes,128,https://www.moma.org/collection/works/128,https://www.moma.org/media/W1siZiIsIjUyNzE1MiJdLFsicCIsImNvbnZlcnQiLCItcmVzaXplIDEwMjR4MTAyNFx1MDAzZSJdXQ.jpg?sha=75f51a2357d7a5dc,NULL,NULL,NULL,NULL,21.00,NULL,NULL,26.70,NULL,NULL
"Public Library, Stockholm, Sweden, Elevation of front facade","Erik Gunnar Asplund",27,"(Swedish, 1885–1940)",(Swedish),(1885),(1940),(male),Unknown,"Ink on paper","36 x 36 3/4" (91.4 x 93.3 cm)","Gift of Marshall Cogan and purchase",45.1990,Architecture,"Architecture & Design",1990-01-17,yes,130,https://www.moma.org/collection/works/130,https://www.moma.org/media/W1siZiIsIjIxMDEwNyJdLFsicCIsImNvbnZlcnQiLCItcmVzaXplIDEwMjR4MTAyNFx1MDAzZSJdXQ.jpg?sha=0af2a9f34c3bbdc2,NULL,NULL,NULL,NULL,91.40,NULL,NULL,93.30,NULL,NULL
"Public Library, Stockholm, Sweden, Elevation of west facade","Erik Gunnar Asplund",27,"(Swedish, 1885–1940)",(Swedish),(1885),(1940),(male),Unknown,"Ink on paper with paper backing","35 3/4 x 36 5/8" (90.8 x 93 cm)","Gift of Marshall Cogan and purchase",46.1990,Architecture,"Architecture & Design",1990-01-17,yes,131,https://www.moma.org/collection/works/131,https://www.moma.org/media/W1siZiIsIjUyNzE1NSJdLFsicCIsImNvbnZlcnQiLCItcmVzaXplIDEwMjR4MTAyNFx1MDAzZSJdXQ.jpg?sha=e01f3d38992627ec,NULL,NULL,NULL,NULL,90.80,NULL,NULL,93.00,NULL,NULL
"Public Library, Stockholm, Sweden, Section","Erik Gunnar Asplund",27,"(Swedish, 1885–1940)",(Swedish),(1885),(1940),(male),Unknown,"Ink on paper with paper backing","35 1/2 x 36 7/8" (90.2 x 93.7 cm)","Gift of Marshall Cogan and purchase",47.1990,Architecture,"Architecture & Design",1990-01-17,yes,132,https://www.moma.org/collection/works/132,https://www.moma.org/media/W1siZiIsIjUyNzE1NyJdLFsicCIsImNvbnZlcnQiLCItcmVzaXplIDEwMjR4MTAyNFx1MDAzZSJdXQ.jpg?sha=d9a535f5ba6a60fa,NULL,NULL,NULL,NULL,90.20,NULL,NULL,93.70,NULL,NULL
"Public Library, Stockholm, Sweden, Plan of first and second galleries","Erik Gunnar Asplund",27,"(Swedish, 1885–1940)",(Swedish),(1885),(1940),(male),Unknown,"Ink on paper","35 3/4 x 35 3/4" (90.8 x 90.8 cm)","Gift of Marshall Cogan and purchase",48.1990,Architecture,"Architecture & Design",1990-01-17,yes,133,https://www.moma.org/collection/works/133,https://www.moma.org/media/W1siZiIsIjUyNzE2NCJdLFsicCIsImNvbnZlcnQiLCItcmVzaXplIDEwMjR4MTAyNFx1MDAzZSJdXQ.jpg?sha=d6347109afdc7d92,NULL,NULL,NULL,NULL,90.80,NULL,NULL,90.80,NULL,NULL
"Stockholm Exhibition, Stockholm, Sweden (Elevation of advertising tower)","Erik Gunnar Asplund",27,"(Swedish, 1885–1940)",(Swedish),(1885),(1940),(male),1930,"Gouache on board","20 3/4 x 13" (52.7 x 33 cm)","Gift of Frederieke Taylor and purchase",49.1990,Architecture,"Architecture & Design",1990-01-17,yes,134,https://www.moma.org/collection/works/134,https://www.moma.org/media/W1siZiIsIjUyNzE3NCJdLFsicCIsImNvbnZlcnQiLCItcmVzaXplIDEwMjR4MTAyNFx1MDAzZSJdXQ.jpg?sha=b6614f6d0f28e869,NULL,NULL,NULL,NULL,52.70,NULL,NULL,33.00,NULL,NULL
"Law Courts Annex, Gothenburg, Sweden, Exterior elevation","Erik Gunnar Asplund",27,"(Swedish, 1885–1940)",(Swedish),(1885),(1940),(male),1936,"Graphite on tracing paper","12 x 27 3/4" (30.5 x 70.5 cm)","Gift of Richard S. Zeisler, Richard Kahan, and purchase",50.1990,Architecture,"Architecture & Design",1990-01-17,yes,135,https://www.moma.org/collection/works/135,https://www.moma.org/media/W1siZiIsIjUyNzE4MiJdLFsicCIsImNvbnZlcnQiLCItcmVzaXplIDEwMjR4MTAyNFx1MDAzZSJdXQ.jpg?sha=d76e8038af1f8c58,NULL,NULL,NULL,NULL,30.50,NULL,NULL,70.50,NULL,NULL
"Law Courts Annex, Gothenburg, Sweden, Plan of courtroom and section of desk","Erik Gunnar Asplund",27,"(Swedish, 1885–1940)",(Swedish),(1885),(1940),(male),Unknown,"Ink on paper","15 1/2 x 20 1/8" (39.4 x 51.1 cm)","Gift of Richard S. Zeisler, Richard Kahan, and purchase",51.1990,Architecture,"Architecture & Design",1990-01-17,yes,136,https://www.moma.org/collection/works/136,https://www.moma.org/media/W1siZiIsIjUyNzE4OCJdLFsicCIsImNvbnZlcnQiLCItcmVzaXplIDEwMjR4MTAyNFx1MDAzZSJdXQ.jpg?sha=b08c53d39cd43422,NULL,NULL,NULL,NULL,39.40,NULL,NULL,51.10,NULL,NULL
"Woodland Crematorium, Stockholm, Sweden, Second version: section and two exterior elevations","Erik Gunnar Asplund",27,"(Swedish, 1885–1940)",(Swedish),(1885),(1940),(male),1935,"Graphite on tracing paper mounted on board","12 x 32 7/8" (30.5 x 83.5 cm)","Gift of Blanchette Hooker Rockefeller, Mrs. Gifford Phillips, Celeste and Armand P. Bartos, Mrs. S. I. Newhouse, Jr., and purchase",52.1990,Architecture,"Architecture & Design",1990-01-17,yes,137,https://www.moma.org/collection/works/137,https://www.moma.org/media/W1siZiIsIjUyNzE5NCJdLFsicCIsImNvbnZlcnQiLCItcmVzaXplIDEwMjR4MTAyNFx1MDAzZSJdXQ.jpg?sha=3065088d2239b125,NULL,NULL,NULL,NULL,30.50,NULL,NULL,83.50,NULL,NULL
"Woodland Crematorium, Woodland Cemetery, Stockholm, Sweden, Second version: exterior elevation","Erik Gunnar Asplund",27,"(Swedish, 1885–1940)",(Swedish),(1885),(1940),(male),1935,"Graphite on tracing paper mounted on board","12 1/8 x 33" (30.8 x 83.8 cm)","Gift of Blanchette Hooker Rockefeller, Mrs. Gifford Phillips, Celeste and Armand P. Bartos, Mrs. S. I. Newhouse, Jr., and purchase",53.1990,Architecture,"Architecture & Design",1990-01-17,yes,138,https://www.moma.org/collection/works/138,https://www.moma.org/media/W1siZiIsIjUyNzE5NSJdLFsicCIsImNvbnZlcnQiLCItcmVzaXplIDEwMjR4MTAyNFx1MDAzZSJdXQ.jpg?sha=3a04e9ba44b54520,NULL,NULL,NULL,NULL,30.80,NULL,NULL,83.80,NULL,NULL
"Woodland Crematorium, Stockholm, Sweden, Second version: exterior elevation","Erik Gunnar Asplund",27,"(Swedish, 1885–1940)",(Swedish),(1885),(1940),(male),1935,"Graphite on tracing paper mounted on board","12 1/8 x 32 7/8" (30.8 x 83.5 cm)","Gift of Blanchette Hooker Rockefeller, Mrs. Gifford Phillips, Celeste and Armand P. Bartos, Mrs. S. I. Newhouse, Jr., and purchase",54.1990,Architecture,"Architecture & Design",1990-01-17,yes,139,https://www.moma.org/collection/works/139,https://www.moma.org/media/W1siZiIsIjUyNzIwMiJdLFsicCIsImNvbnZlcnQiLCItcmVzaXplIDEwMjR4MTAyNFx1MDAzZSJdXQ.jpg?sha=f20be250e2d42ab3,NULL,NULL,NULL,NULL,30.80,NULL,NULL,83.50,NULL,NULL
"Woodland Crematorium, Woodland Cemetery, Stockholm, Sweden, Second version: exterior elevation","Erik Gunnar Asplund",27,"(Swedish, 1885–1940)",(Swedish),(1885),(1940),(male),1935,"Graphite on tracing paper on board","12 1/8 x 33" (30.8 x 83.8 cm)","Gift of Blanchette Hooker Rockefeller, Mrs. Gifford Phillips, Celeste and Armand P. Bartos, Mrs. S. I. Newhouse, Jr., and purchase",55.1990,Architecture,"Architecture & Design",1990-01-17,yes,141,https://www.moma.org/collection/works/141,https://www.moma.org/media/W1siZiIsIjUyNzIwNCJdLFsicCIsImNvbnZlcnQiLCItcmVzaXplIDEwMjR4MTAyNFx1MDAzZSJdXQ.jpg?sha=cc5b538e8e61e52e,NULL,NULL,NULL,NULL,30.80,NULL,NULL,83.30,NULL,NULL
"Woodland Crematorium, Stockholm, Sweden, Second version: exterior elevation and section","Erik Gunnar Asplund",27,"(Swedish, 1885–1940)",(Swedish),(1885),(1940),(male),1935,"Graphite on tracing paper mounted on board","12 1/8 x 33" (30.8 x 83.8 cm)","Gift of Blanchette Hooker Rockefeller, Mrs. Gifford Phillips, Celeste and Armand P. Bartos, Mrs. S. I. Newhouse, Jr., and purchase",56.1990,Architecture,"Architecture & Design",1990-01-17,yes,142,https://www.moma.org/collection/works/142,https://www.moma.org/media/W1siZiIsIjUyNzIwNSJdLFsicCIsImNvbnZlcnQiLCItcmVzaXplIDEwMjR4MTAyNFx1MDAzZSJdXQ.jpg?sha=c8514c3acf3598bb,NULL,NULL,NULL,NULL,30.80,NULL,NULL,83.80,NULL,NULL
"Woodland Crematorium, Stockholm, Sweden, Second version: Two sections","Erik Gunnar Asplund",27,"(Swedish, 1885–1940)",(Swedish),(1885),(1940),(male),1935,"Graphite on tracing paper mounted on board","12 x 32 7/8" (30.5 x 83.5 cm)","Gift of Blanchette Hooker Rockefeller, Mrs. Gifford Phillips, Celeste and Armand P. Bartos, Mrs. S. I. Newhouse, Jr., and purchase",57.1990,Architecture,"Architecture & Design",1990-01-17,yes,143,https://www.moma.org/collection/works/143,https://www.moma.org/media/W1siZiIsIjUyNzIwNyJdLFsicCIsImNvbnZlcnQiLCItcmVzaXplIDEwMjR4MTAyNFx1MDAzZSJdXQ.jpg?sha=4a092fb70a3e252a,NULL,NULL,NULL,NULL,30.50,NULL,NULL,83.50,NULL,NULL
"Woodland Crematorium, Woodland Cemetery, Stockholm, Sweden, Second version: exterior perspective","Erik Gunnar Asplund",27,"(Swedish, 1885–1940)",(Swedish),(1885),(1940),(male),Unknown,"Graphite on tracing paper","10 1/4 x 24 3/4" (26 x 62.9 cm)","Gift of Blanchette Hooker Rockefeller, Mrs. Gifford Phillips, Celeste and Armand P. Bartos, Mrs. S. I. Newhouse, Jr., and purchase",58.1990,Architecture,"Architecture & Design",1990-01-17,yes,144,https://www.moma.org/collection/works/144,https://www.moma.org/media/W1siZiIsIjUyNzIwOCJdLFsicCIsImNvbnZlcnQiLCItcmVzaXplIDEwMjR4MTAyNFx1MDAzZSJdXQ.jpg?sha=5ea5701ecbeba2dc,NULL,NULL,NULL,NULL,26.00,NULL,NULL,62.90,NULL,NULL
"Woodland Crematorium, Woodland Cemetery, Stockholm, Sweden, First version: exterior perspective","Erik Gunnar Asplund",27,"(Swedish, 1885–1940)",(Swedish),(1885),(1940),(male),Unknown,"Graphite on tracing paper","7 3/4 x 18 3/8" (19.7 x 46.7 cm)","Gift of Blanchette Hooker Rockefeller, Mrs. Gifford Phillips, Celeste and Armand P. Bartos, Mrs. S. I. Newhouse, Jr., and purchase",59.1990,Architecture,"Architecture & Design",1990-01-17,yes,145,https://www.moma.org/collection/works/145,https://www.moma.org/media/W1siZiIsIjUyNzIwOSJdLFsicCIsImNvbnZlcnQiLCItcmVzaXplIDEwMjR4MTAyNFx1MDAzZSJdXQ.jpg?sha=a21b7b838c605a94,NULL,NULL,NULL,NULL,19.70,NULL,NULL,46.70,NULL,NULL
"Woodland Crematorium, Stockholm, Sweden, First version: ground floor plan","Erik Gunnar Asplund",27,"(Swedish, 1885–1940)",(Swedish),(1885),(1940),(male),Unknown,"Graphite on tracing paper","16 1/2 x 16 1/2" (41.9 x 41.9 cm)","Gift of Blanchette Hooker Rockefeller, Mrs. Gifford Phillips, Celeste and Armand P. Bartos, Mrs. S. I. Newhouse, Jr., and purchase",60.1990,Architecture,"Architecture & Design",1990-01-17,yes,146,https://www.moma.org/collection/works/146,https://www.moma.org/media/W1siZiIsIjUyNzIxNyJdLFsicCIsImNvbnZlcnQiLCItcmVzaXplIDEwMjR4MTAyNFx1MDAzZSJdXQ.jpg?sha=2372f92d45a0829f,NULL,NULL,NULL,NULL,41.90,NULL,NULL,41.90,NULL,NULL
"Woodland Crematorium, Stockholm, Sweden, Exterior-perspective study","Erik Gunnar Asplund",27,"(Swedish, 1885–1940)",(Swedish),(1885),(1940),(male),Unknown,"Graphite on tracing paper","25 3/4 x 40" (65.4 x 101.6 cm)","Gift of Blanchette Hooker Rockefeller, Mrs. Gifford Phillips, Celeste and Armand P. Bartos, Mrs. S. I. Newhouse, Jr., and purchase",61.1990,Architecture,"Architecture & Design",1990-01-17,yes,147,https://www.moma.org/collection/works/147,https://www.moma.org/media/W1siZiIsIjUyNzIyMCJdLFsicCIsImNvbnZlcnQiLCItcmVzaXplIDEwMjR4MTAyNFx1MDAzZSJdXQ.jpg?sha=e57017042263ef17,NULL,NULL,NULL,NULL,65.40,NULL,NULL,101.60,NULL,NULL
"Woodland Crematorium, Woodland Cemetery, Stockholm, Sweden, Site plan and section, final version","Erik Gunnar Asplund, Sigurd Lewerentz","27, 24452","(Swedish, 1885–1940) (Swedish)","(Swedish) (Swedish)","(1885) (0)","(1940) (0)","(male) (male)",1937,"Graphite on tracing paper","16 1/4 x 37 7/8" (41.3 x 96.2 cm)","Gift of Blanchette Hooker Rockefeller, Mrs. Gifford Phillips, Celeste and Armand P. Bartos, Mrs. S. I. Newhouse, Jr., and purchase",62.1990,Architecture,"Architecture & Design",1990-01-17,yes,148,https://www.moma.org/collection/works/148,https://www.moma.org/media/W1siZiIsIjUyNzIyMiJdLFsicCIsImNvbnZlcnQiLCItcmVzaXplIDEwMjR4MTAyNFx1MDAzZSJdXQ.jpg?sha=12c35cd24dbe6f75,NULL,NULL,NULL,NULL,41.30,NULL,NULL,96.20,NULL,NULL
"Woodland Crematorium, Stockholm, Sweden, Exterior elevation of loggia","Erik Gunnar Asplund",27,"(Swedish, 1885–1940)",(Swedish),(1885),(1940),(male),1937,"Graphite on tracing paper","11 5/8 x 33" (29.5 x 83.8 cm)","Gift of Mrs. John D. Rockefeller, 3rd, Mrs. Gifford Phillips, Celeste and Armand P. Bartos, Mrs. S. I. Newhouse, Jr., and purchase",63.1990,Architecture,"Architecture & Design",1990-01-17,yes,149,https://www.moma.org/collection/works/149,https://www.moma.org/media/W1siZiIsIjUyNzIyNiJdLFsicCIsImNvbnZlcnQiLCItcmVzaXplIDEwMjR4MTAyNFx1MDAzZSJdXQ.jpg?sha=e39459b35aff8be8,NULL,NULL,NULL,NULL,29.50,NULL,NULL,83.80,NULL,NULL
"Woodland Crematorium, Woodland Cemetery, Stockholm, Sweden, Exterior elevation, final version","Erik Gunnar Asplund",27,"(Swedish, 1885–1940)",(Swedish),(1885),(1940),(male),1937,"Ink and graphite on drafting cloth","19 3/8 x 62 1/2" (49.2 x 158.8 cm)","Gift of Blanchette Hooker Rockefeller, Mrs. Gifford Phillips, Celeste and Armand P. Bartos, Mrs. S. I. Newhouse, Jr., and purchase",64.1990,Architecture,"Architecture & Design",1990-01-17,yes,150,https://www.moma.org/collection/works/150,https://www.moma.org/media/W1siZiIsIjUyNzIyNyJdLFsicCIsImNvbnZlcnQiLCItcmVzaXplIDEwMjR4MTAyNFx1MDAzZSJdXQ.jpg?sha=aa187408f7b8f38f,NULL,NULL,NULL,NULL,49.20,NULL,NULL,158.80,NULL,NULL
"Palais de la Découverte Project, Paris, France (Elevation)","Paul Nelson, Oscar Nitzchke, Frantz Jourdain","8102, 4312, 6703","(American, 1895–1979) (American, born Germany. 1900–1991) (French, 1847–1935)","(American) (American) (French)","(1895) (1900) (1847)","(1979) (1991) (1935)","(male) (male) (male)",1938,"Ink and color pencil on paper mounted on board","14 3/4 x 37 1/2 x 1/2" (37.5 x 95.3 x 1.3 cm)","Gift of the architects",98.2013,Architecture,"Architecture & Design",1966-01-01,yes,151,https://www.moma.org/collection/works/151,NULL,NULL,NULL,1.30,NULL,37.50,NULL,NULL,95.30,NULL,NULL
"Palais de la Découverte Project, Paris, France (Longitudinal section)","Paul Nelson, Frantz Jourdain, Oscar Nitzchke","8102, 6703, 4312","(American, 1895–1979) (French, 1847–1935) (American, born Germany. 1900–1991)","(American) (French) (American)","(1895) (1847) (1900)","(1979) (1935) (1991)","(male) (male) (male)",1938,"Ink, graphite, and color pencil on paper, mounted on board","14 3/4 x 37 3/4 x 1/2" (37.5 x 95.9 x 1.3 cm)","Gift of the architects",96.2013,Architecture,"Architecture & Design",1966-01-01,yes,152,https://www.moma.org/collection/works/152,NULL,NULL,NULL,1.30,NULL,37.50,NULL,NULL,95.90,NULL,NULL
"Palais de la Découverte Project, Paris, France (Aerial perspective)","Paul Nelson, Frantz Jourdain, Oscar Nitzchke","8102, 6703, 4312","(American, 1895–1979) (French, 1847–1935) (American, born Germany. 1900–1991)","(American) (French) (American)","(1895) (1847) (1900)","(1979) (1935) (1991)","(male) (male) (male)",1938,"Ink, color ink, graphite, and color pencil on paper mounted on board","28 x 28 x 1/2" (71.1 x 71.1 x 1.3 cm)","Gift of the architects",95.2013,Architecture,"Architecture & Design",1966-01-01,yes,153,https://www.moma.org/collection/works/153,https://www.moma.org/media/W1siZiIsIjUzMTE3NCJdLFsicCIsImNvbnZlcnQiLCItcmVzaXplIDEwMjR4MTAyNFx1MDAzZSJdXQ.jpg?sha=f208c47aa6a9162d,NULL,NULL,1.30,NULL,71.10,NULL,NULL,71.10,NULL,NULL
"Palais de la Découverte Project, Paris, France (Plan of upper level and exhibits)","Paul Nelson, Frantz Jourdain, Oscar Nitzchke","8102, 6703, 4312","(American, 1895–1979) (French, 1847–1935) (American, born Germany. 1900–1991)","(American) (French) (American)","(1895) (1847) (1900)","(1979) (1935) (1991)","(male) (male) (male)",1938,"Ink and graphite on board mounted on board","28 1/4 x 50 1/4" (71. x 127.6 cm)","Gift of the architects",100.2013,Architecture,"Architecture & Design",1966-01-01,yes,154,https://www.moma.org/collection/works/154,NULL,NULL,NULL,NULL,NULL,71.00,NULL,NULL,127.60,NULL,NULL
"Gymnasium-Bridge, project, New York City, New York, Perspective","Steven Holl",2702,"(American, born 1947)",(American),(1947),NULL,(male),1977,"Graphite on paper","13 1/8 x 11 7/8" (33.3 x 30.2 cm)","Roblee McCarthy Fund",83.1989,Architecture,"Architecture & Design",1989-05-16,yes,163,https://www.moma.org/collection/works/163,https://www.moma.org/media/W1siZiIsIjUyNzIzOCJdLFsicCIsImNvbnZlcnQiLCItcmVzaXplIDEwMjR4MTAyNFx1MDAzZSJdXQ.jpg?sha=e3685844459cdb71,NULL,NULL,NULL,NULL,33.30,NULL,NULL,30.20,NULL,NULL
"Gymnasium-Bridge Project, New York, New York, Perspective","Steven Holl",2702,"(American, born 1947)",(American),(1947),NULL,(male),1977,"Ink and graphite on paper","13 1/2 x 22" (34.3 x 55.9 cm)","Roblee McCarthy Fund",84.1989,Architecture,"Architecture & Design",1989-05-16,yes,164,https://www.moma.org/collection/works/164,https://www.moma.org/media/W1siZiIsIjUyNzI0MSJdLFsicCIsImNvbnZlcnQiLCItcmVzaXplIDEwMjR4MTAyNFx1MDAzZSJdXQ.jpg?sha=319f322139bffba0,NULL,NULL,NULL,NULL,34.30,NULL,NULL,55.90,NULL,NULL
"Library and Office Building of Salman Schocken, Jerusalem, Israel, Interior perspectives","Erich Mendelsohn",8219,"(American, born Germany (now Poland). 1887–1953)",(American),(1887),(1953),(male),1935,"Graphite and color pencil on tracing paper","14 x 11 1/2" (35.6 x 29.2 cm)","Gift of Milton Sheingarten",85.2000,Architecture,"Architecture & Design",2000-01-19,yes,165,https://www.moma.org/collection/works/165,https://www.moma.org/media/W1siZiIsIjUzMTA3MSJdLFsicCIsImNvbnZlcnQiLCItcmVzaXplIDEwMjR4MTAyNFx1MDAzZSJdXQ.jpg?sha=c2a71528671496cb,NULL,NULL,NULL,NULL,35.60,NULL,NULL,29.20,NULL,NULL
"Gymnasium Bridge, project, New York City, New York, Plan, site plan, and exterior perspective","Steven Holl",2702,"(American, born 1947)",(American),(1947),NULL,(male),1977,"Graphite on paper","22 x 29 3/4" (55.9 x 75.6 cm)","Roblee McCarthy Fund",85.1989,Architecture,"Architecture & Design",1989-05-16,yes,166,https://www.moma.org/collection/works/166,https://www.moma.org/media/W1siZiIsIjUyNzI0MiJdLFsicCIsImNvbnZlcnQiLCItcmVzaXplIDEwMjR4MTAyNFx1MDAzZSJdXQ.jpg?sha=b0348ddc59ba405a,NULL,NULL,NULL,NULL,55.90,NULL,NULL,75.60,NULL,NULL
"Library and Office Building of Salman Schocken, Jerusalem, Israel, Perspective and plan","Erich Mendelsohn",8219,"(American, born Germany (now Poland). 1887–1953)",(American),(1887),(1953),(male),Unknown,"Graphite and color pencil on tracing paper","8 1/2 x 14 1/8" (21.6 x 35.9 cm)","Gift of Milton Sheingarten",86.2000,Architecture,"Architecture & Design",2000-01-19,yes,167,https://www.moma.org/collection/works/167,https://www.moma.org/media/W1siZiIsIjUzMTA4MyJdLFsicCIsImNvbnZlcnQiLCItcmVzaXplIDEwMjR4MTAyNFx1MDAzZSJdXQ.jpg?sha=7625356de73ce1f9,NULL,NULL,NULL,NULL,21.60,NULL,NULL,35.90,NULL,NULL
"Helium Bridge Project","Paolo Soleri",8101,"(American, born Italy. 1919–2013)",(American),(1919),(2013),(male),1958,Silkscreen,"21 3/4 x 59 1/8" (55.2 x 150.2 cm)","Gift of the architect",114.2013,Architecture,"Architecture & Design",1966-01-01,yes,168,https://www.moma.org/collection/works/168,https://www.moma.org/media/W1siZiIsIjU3NjgwMSJdLFsicCIsImNvbnZlcnQiLCItcmVzaXplIDEwMjR4MTAyNFx1MDAzZSJdXQ.jpg?sha=14682ac5c222a3b8,NULL,NULL,NULL,NULL,55.20,NULL,NULL,150.20,NULL,NULL
"Autonomous Artisans' House, project, Staten Island, New York, Perspective","Steven Holl",2702,"(American, born 1947)",(American),(1947),NULL,(male),1980,"Graphite and watercolor on paper","3 1/4 x 13" (8.3 x 33 cm)","Edward Larrabee Barnes Purchase Fund",86.1989,Architecture,"Architecture & Design",1989-05-16,yes,169,https://www.moma.org/collection/works/169,https://www.moma.org/media/W1siZiIsIjUyNzI0MyJdLFsicCIsImNvbnZlcnQiLCItcmVzaXplIDEwMjR4MTAyNFx1MDAzZSJdXQ.jpg?sha=7b155c8d6ca8c342,NULL,NULL,NULL,NULL,8.30,NULL,NULL,33.00,NULL,NULL
"Library and Office Building of Salman Schocken, Jerusalem, Israel, Elevations","Erich Mendelsohn",8219,"(American, born Germany (now Poland). 1887–1953)",(American),(1887),(1953),(male),Unknown,"Graphite and color pencil on tracing paper","8 x 14 1/8" (20.3 x 35.9 cm)","Gift of Milton Sheingarten",87.2000,Architecture,"Architecture & Design",2000-01-19,yes,170,https://www.moma.org/collection/works/170,https://www.moma.org/media/W1siZiIsIjUzMTA5NCJdLFsicCIsImNvbnZlcnQiLCItcmVzaXplIDEwMjR4MTAyNFx1MDAzZSJdXQ.jpg?sha=6c2d17745e254054,NULL,NULL,NULL,NULL,20.30,NULL,NULL,35.90,NULL,NULL
"Autonomous Artisans' House, project, New York (Staten Island), New York, Perspective","Steven Holl",2702,"(American, born 1947)",(American),(1947),NULL,(male),1984,"Graphite on vellum","20 1/2 x 40 3/4" (52.1 x 103.5 cm)","Edward Larrabee Barnes Purchase Fund",87.1989,Architecture,"Architecture & Design",1989-05-16,yes,171,https://www.moma.org/collection/works/171,https://www.moma.org/media/W1siZiIsIjUyNzI0NSJdLFsicCIsImNvbnZlcnQiLCItcmVzaXplIDEwMjR4MTAyNFx1MDAzZSJdXQ.jpg?sha=982d25f503e5dda0,NULL,NULL,NULL,NULL,52.10,NULL,NULL,103.50,NULL,NULL
"Library and Office Building of Salman Schocken, Jerusalem, Israel, Perspectives and elevation","Erich Mendelsohn",8219,"(American, born Germany (now Poland). 1887–1953)",(American),(1887),(1953),(male),Unknown,"Graphite on tracing paper","13 3/4 x 7" (34.9 x 17.8 cm)","Gift of Milton Sheingarten",88.2000,Architecture,"Architecture & Design",2000-01-19,yes,172,https://www.moma.org/collection/works/172,https://www.moma.org/media/W1siZiIsIjUzMTEwNSJdLFsicCIsImNvbnZlcnQiLCItcmVzaXplIDEwMjR4MTAyNFx1MDAzZSJdXQ.jpg?sha=9465687b6b6aaac1,NULL,NULL,NULL,NULL,34.90,NULL,NULL,17.80,NULL,NULL
"Berkowitz House, Martha's Vineyard, Massachusetts, Exterior perspective","Steven Holl",2702,"(American, born 1947)",(American),(1947),NULL,(male),1985,"Graphite and watercolor on paper","20 1/2 x 42 1/2" (52.1 x 108 cm)","Kenneth Walker Fund",88.1989,Architecture,"Architecture & Design",1989-05-16,yes,173,https://www.moma.org/collection/works/173,https://www.moma.org/media/W1siZiIsIjUyNzI0OCJdLFsicCIsImNvbnZlcnQiLCItcmVzaXplIDEwMjR4MTAyNFx1MDAzZSJdXQ.jpg?sha=1e90b5832b19db5a,NULL,NULL,NULL,NULL,52.07,NULL,NULL,107.95,NULL,NULL
"Hadassah University Medical Center, Mount Scopus, Jerusalem, Perspectives","Erich Mendelsohn",8219,"(American, born Germany (now Poland). 1887–1953)",(American),(1887),(1953),(male),1936,"Graphite on copy paper","Each: 8 1/2 x 5 3/8" (21.6 x 13.7 cm)
","Gift of Milton Scheingarten",89.2000.a-b,Architecture,"Architecture & Design",2000-01-19,yes,174,https://www.moma.org/collection/works/174,https://www.moma.org/media/W1siZiIsIjIxMDIyNyJdLFsicCIsImNvbnZlcnQiLCItcmVzaXplIDEwMjR4MTAyNFx1MDAzZSJdXQ.jpg?sha=14017d52622b0758,NULL,NULL,NULL,NULL,21.59,NULL,NULL,13.65,NULL,NULL
"Porta Vittoria, project, Milan, Italy, View from court of four-sided pentagon, perspective, site plan","Steven Holl",2702,"(American, born 1947)",(American),(1947),NULL,(male),1986,"Graphite, ink and ink wash on paper","29 3/4 x 22 1/4" (75.6 x 56.5 cm)","Pritzker Foundation Fund and Architecture & Design Purchase Fund",89.1989,Architecture,"Architecture & Design",1989-05-16,yes,175,https://www.moma.org/collection/works/175,NULL,NULL,NULL,NULL,NULL,75.60,NULL,NULL,56.50,NULL,NULL
"Hadassah University Medical Center, Mount Scopus, Jerusalem, Perspective","Erich Mendelsohn",8219,"(American, born Germany (now Poland). 1887–1953)",(American),(1887),(1953),(male),1936,"Colored pencil on tracing paper","10 3/4 x 14 1/8" (27.3 x 35.9 cm)","Gift of Milton Scheingarten",90.2000,Architecture,"Architecture & Design",2000-01-19,yes,176,https://www.moma.org/collection/works/176,https://www.moma.org/media/W1siZiIsIjUzMTEyNyJdLFsicCIsImNvbnZlcnQiLCItcmVzaXplIDEwMjR4MTAyNFx1MDAzZSJdXQ.jpg?sha=70bbecb598e135ad,NULL,NULL,NULL,NULL,27.31,NULL,NULL,35.88,NULL,NULL
"Porta Vittoria, project, Milan, Italy, Garden of Sounds, perspective and plan","Steven Holl",2702,"(American, born 1947)",(American),(1947),NULL,(male),1986,"Graphite, ink and ink wash on paper","29 3/4 x 22 3/8" (75.6 x 56.8 cm)","Pritzker Foundation Fund and Architecture & Design Purchase Fund",90.1989,Architecture,"Architecture & Design",1989-05-16,yes,177,https://www.moma.org/collection/works/177,https://www.moma.org/media/W1siZiIsIjUyNzI1MSJdLFsicCIsImNvbnZlcnQiLCItcmVzaXplIDEwMjR4MTAyNFx1MDAzZSJdXQ.jpg?sha=6246b11779fbe959,NULL,NULL,NULL,NULL,75.60,NULL,NULL,56.80,NULL,NULL
"Hadassah University Medical Center, Mount Scopus, Jerusalem, Interior perspective and details of furniture","Erich Mendelsohn",8219,"(American, born Germany (now Poland). 1887–1953)",(American),(1887),(1953),(male),1936,"Graphite and color pencil on tracing paper","14 1/4 x 11 1/2" (36.2 x 29.2 cm)","Gift of Milton Scheingarten",91.2000,Architecture,"Architecture & Design",2000-01-19,yes,178,https://www.moma.org/collection/works/178,https://www.moma.org/media/W1siZiIsIjUzMTEzNiJdLFsicCIsImNvbnZlcnQiLCItcmVzaXplIDEwMjR4MTAyNFx1MDAzZSJdXQ.jpg?sha=871ff5548118ec1e,NULL,NULL,NULL,NULL,36.20,NULL,NULL,29.20,NULL,NULL
"Porta Vittoria, project, Milan, Italy, New subway station opening onto elongated gap, perspective and plan","Steven Holl",2702,"(American, born 1947)",(American),(1947),NULL,(male),1986,"Graphite, ink and ink wash on paper","29 3/4 x 22 1/4" (75.6 x 56.5 cm)","Pritzker Foundation Fund and Architecture & Design Purchase Fund",91.1989,Architecture,"Architecture & Design",1989-05-16,yes,179,https://www.moma.org/collection/works/179,https://www.moma.org/media/W1siZiIsIjUyNzI1MyJdLFsicCIsImNvbnZlcnQiLCItcmVzaXplIDEwMjR4MTAyNFx1MDAzZSJdXQ.jpg?sha=8e155ee1c3bbf14c,NULL,NULL,NULL,NULL,75.60,NULL,NULL,56.50,NULL,NULL
"Hadassah University Medical Center, Mount Scopus, Jerusalem, Perspectives of the medical school and auditorium","Erich Mendelsohn",8219,"(American, born Germany (now Poland). 1887–1953)",(American),(1887),(1953),(male),1936,"Graphite on tracing paper","14 1/2 x 11 1/2" (36.8 x 29.2 cm)","Gift of Milton Scheingarten",92.2000,Architecture,"Architecture & Design",2000-01-19,yes,180,https://www.moma.org/collection/works/180,https://www.moma.org/media/W1siZiIsIjUzMTE0NiJdLFsicCIsImNvbnZlcnQiLCItcmVzaXplIDEwMjR4MTAyNFx1MDAzZSJdXQ.jpg?sha=4918502ad821b123,NULL,NULL,NULL,NULL,36.83,NULL,NULL,29.21,NULL,NULL
"Porta Vittoria, project, Milan, Italy, View at elliptical passage, perspective and plan","Steven Holl",2702,"(American, born 1947)",(American),(1947),NULL,(male),1986,"Graphite, ink and ink wash on paper","30 x 22 1/4" (76.2 x 56.5 cm)","Pritzker Foundation Fund and Architecture & Design Purchase Fund",92.1989,Architecture,"Architecture & Design",1989-05-16,yes,181,https://www.moma.org/collection/works/181,https://www.moma.org/media/W1siZiIsIjUyNzI1NSJdLFsicCIsImNvbnZlcnQiLCItcmVzaXplIDEwMjR4MTAyNFx1MDAzZSJdXQ.jpg?sha=481445a8d1f36b35,NULL,NULL,NULL,NULL,76.20,NULL,NULL,56.50,NULL,NULL
"Hadassah University Medical Center, Mount Scopus, Jerusalem, Perspective","Erich Mendelsohn",8219,"(American, born Germany (now Poland). 1887–1953)",(American),(1887),(1953),(male),1936,"Colored pencil on tracing paper","8 5/8 x 16" (21.9 x 40.6 cm)","Gift of Milton Scheingarten",93.2000,Architecture,"Architecture & Design",2000-01-19,yes,182,https://www.moma.org/collection/works/182,https://www.moma.org/media/W1siZiIsIjUzMTE1NyJdLFsicCIsImNvbnZlcnQiLCItcmVzaXplIDEwMjR4MTAyNFx1MDAzZSJdXQ.jpg?sha=747256790b731684,NULL,NULL,NULL,NULL,21.91,NULL,NULL,40.64,NULL,NULL
"Porta Vittoria, project, Milan, Italy, Subway station and shops, ticket-taker tower, perspective and plan","Steven Holl",2702,"(American, born 1947)",(American),(1947),NULL,(male),1986,"Graphite, ink and ink wash on paper","29 3/4 x 22 1/4" (75.6 x 56.5 cm)","Pritzker Foundation Fund and Architecture & Design Purchase Fund",93.1989,Architecture,"Architecture & Design",1989-05-16,yes,183,https://www.moma.org/collection/works/183,https://www.moma.org/media/W1siZiIsIjUyNzI1NiJdLFsicCIsImNvbnZlcnQiLCItcmVzaXplIDEwMjR4MTAyNFx1MDAzZSJdXQ.jpg?sha=227d0c6a8be1ce10,NULL,NULL,NULL,NULL,75.60,NULL,NULL,56.50,NULL,NULL
"Residence of Salman Schocken, Jerusalem, Israel, Perspective and elevation","Erich Mendelsohn",8219,"(American, born Germany (now Poland). 1887–1953)",(American),(1887),(1953),(male),Unknown,"Graphite and color pencil on tracing paper","13 1/2 x 11 5/16" (34.3 x 28.7 cm)","Gift of Milton Scheingarten",94.2000,Architecture,"Architecture & Design",2000-01-19,yes,184,https://www.moma.org/collection/works/184,https://www.moma.org/media/W1siZiIsIjIxMDI0OCJdLFsicCIsImNvbnZlcnQiLCItcmVzaXplIDEwMjR4MTAyNFx1MDAzZSJdXQ.jpg?sha=e51ef83675decc32,NULL,NULL,NULL,NULL,34.29,NULL,NULL,28.73,NULL,NULL
"Porta Vittoria, project, Milan, Italy, Water basin, amphitheater, and jack-up rig, perspective and plan","Steven Holl",2702,"(American, born 1947)",(American),(1947),NULL,(male),1986,"Graphite, ink and ink wash on paper","29 3/4 x 22 1/4" (75.6 x 56.5 cm)","Pritzker Foundation Fund and Architecture & Design Purchase Fund",94.1989,Architecture,"Architecture & Design",1989-05-16,yes,185,https://www.moma.org/collection/works/185,https://www.moma.org/media/W1siZiIsIjUyNzI1OCJdLFsicCIsImNvbnZlcnQiLCItcmVzaXplIDEwMjR4MTAyNFx1MDAzZSJdXQ.jpg?sha=265260e094ac8336,NULL,NULL,NULL,NULL,75.60,NULL,NULL,56.50,NULL,NULL
"Hadassah University Medical Center, Mount Scopus, Jerusalem, Israel, Perspectives and elevation","Erich Mendelsohn",8219,"(American, born Germany (now Poland). 1887–1953)",(American),(1887),(1953),(male),1936,"Graphite and color pencil on tracing paper","13 7/8 x 9 1/2" (35.2 x 24.1 cm)","Gift of Milton Scheingarten",95.2000,Architecture,"Architecture & Design",2000-01-19,yes,186,https://www.moma.org/collection/works/186,https://www.moma.org/media/W1siZiIsIjIyMTcxNCJdLFsicCIsImNvbnZlcnQiLCItcmVzaXplIDEwMjR4MTAyNFx1MDAzZSJdXQ.jpg?sha=e10a930c4f75b892,NULL,NULL,NULL,NULL,35.20,NULL,NULL,24.10,NULL,NULL
"Porta Vittoria, project, Milan, Italy, Passage below water basin, perspective and plan","Steven Holl",2702,"(American, born 1947)",(American),(1947),NULL,(male),1986,"Graphite, ink and ink wash on paper","29 3/4 x 22 1/4" (75.6 x 56.5 cm)","Pritzker Foundation Fund and Architecture & Design Purchase Fund",95.1989,Architecture,"Architecture & Design",1989-05-16,yes,187,https://www.moma.org/collection/works/187,https://www.moma.org/media/W1siZiIsIjUyNzI2MCJdLFsicCIsImNvbnZlcnQiLCItcmVzaXplIDEwMjR4MTAyNFx1MDAzZSJdXQ.jpg?sha=4de1b8de7b4fc461,NULL,NULL,NULL,NULL,75.60,NULL,NULL,56.50,NULL,NULL
"Library and Office Building of Salman Schocken, Jerusalem, Israel, Perspectives and elevation","Erich Mendelsohn",8219,"(American, born Germany (now Poland). 1887–1953)",(American),(1887),(1953),(male),Unknown,"Graphite on tracing paper","11 7/8 x 14 1/2" (30.2 x 36.8 cm)","Gift of Milton Scheingarten",96.2000,Architecture,"Architecture & Design",2000-01-19,yes,188,https://www.moma.org/collection/works/188,https://www.moma.org/media/W1siZiIsIjUzMTE4NSJdLFsicCIsImNvbnZlcnQiLCItcmVzaXplIDEwMjR4MTAyNFx1MDAzZSJdXQ.jpg?sha=50e88df6f04b1661,NULL,NULL,NULL,NULL,30.20,NULL,NULL,36.80,NULL,NULL
"Residence for Herbert Green, Studies for an Unfolded Modular House, Cherry Hill, Pennsylvania, Perspective","Paul Rudolph",5076,"(American, 1918–1997)",(American),(1918),(1997),(male),1989,"Ink on tracing paper","14 5/8 x 64 3/4" (37.1 x 164.5 cm)","Gift of the architect",96.1989,Architecture,"Architecture & Design",1989-05-16,yes,189,https://www.moma.org/collection/works/189,https://www.moma.org/media/W1siZiIsIjUyNzI2MiJdLFsicCIsImNvbnZlcnQiLCItcmVzaXplIDEwMjR4MTAyNFx1MDAzZSJdXQ.jpg?sha=9715664d3fd53bee,NULL,NULL,NULL,NULL,37.10,NULL,NULL,164.50,NULL,NULL
"Gated Wall, Perspective and elevation","Erich Mendelsohn",8219,"(American, born Germany (now Poland). 1887–1953)",(American),(1887),(1953),(male),Unknown,"Graphite on tracing paper","11 3/4 x 14 3/4" (29.8 x 37.5 cm)","Gift of Milton Scheingarten",97.2000,Architecture,"Architecture & Design",2000-01-19,yes,190,https://www.moma.org/collection/works/190,https://www.moma.org/media/W1siZiIsIjUzMTE5NyJdLFsicCIsImNvbnZlcnQiLCItcmVzaXplIDEwMjR4MTAyNFx1MDAzZSJdXQ.jpg?sha=d34e1aeec8ddd298,NULL,NULL,NULL,NULL,29.80,NULL,NULL,37.50,NULL,NULL
"Finney Guest House Project, Siesta Key, Florida, Aerial perspective","Paul Rudolph",5076,"(American, 1918–1997)",(American),(1918),(1997),(male),1949,"Ink and printed polymer sheet on paper","25 1/2 x 18 7/8" (64.8 x 47.9 cm)","Gift of the architect",97.1989,Architecture,"Architecture & Design",1989-05-16,yes,191,https://www.moma.org/collection/works/191,https://www.moma.org/media/W1siZiIsIjUyNzI2MyJdLFsicCIsImNvbnZlcnQiLCItcmVzaXplIDEwMjR4MTAyNFx1MDAzZSJdXQ.jpg?sha=19af21e0930cb880,NULL,NULL,NULL,NULL,64.80,NULL,NULL,47.90,NULL,NULL
"Gated Wall, Perspective and elevation","Erich Mendelsohn",8219,"(American, born Germany (now Poland). 1887–1953)",(American),(1887),(1953),(male),Unknown,"Graphite on tracing paper","16 1/2 x 11 1/2" (41.9 x 29.2 cm)","Gift of Milton Scheingarten",98.2000,Architecture,"Architecture & Design",2000-01-19,yes,192,https://www.moma.org/collection/works/192,https://www.moma.org/media/W1siZiIsIjUzMTIwNyJdLFsicCIsImNvbnZlcnQiLCItcmVzaXplIDEwMjR4MTAyNFx1MDAzZSJdXQ.jpg?sha=2adb257a5734ffd6,NULL,NULL,NULL,NULL,41.90,NULL,NULL,29.20,NULL,NULL
"Yale University, Art and Architecture Building, New Haven, Connecticut, Elevation","Paul Rudolph",5076,"(American, 1918–1997)",(American),(1918),(1997),(male),1958–1964,"Graphite and colored pencil on paper","27 1/4 x 34 1/4" (69.2 x 87 cm)","Gift of the architect",98.1989,Architecture,"Architecture & Design",1989-05-16,yes,193,https://www.moma.org/collection/works/193,https://www.moma.org/media/W1siZiIsIjUyNzI2NSJdLFsicCIsImNvbnZlcnQiLCItcmVzaXplIDEwMjR4MTAyNFx1MDAzZSJdXQ.jpg?sha=6cc1ca517d2bb4f3,NULL,NULL,NULL,NULL,69.20,NULL,NULL,87.00,NULL,NULL
"Residence of Salman Schocken, Jerusalem, Israel, Perspectives","Erich Mendelsohn",8219,"(American, born Germany (now Poland). 1887–1953)",(American),(1887),(1953),(male),Unknown,"Graphite on tracing paper","14 3/4 x 11 1/4" (37.5 x 28.5 cm)","Gift of Milton Scheingarten",99.2000,Architecture,"Architecture & Design",2000-01-19,yes,194,https://www.moma.org/collection/works/194,https://www.moma.org/media/W1siZiIsIjUzMTIxOSJdLFsicCIsImNvbnZlcnQiLCItcmVzaXplIDEwMjR4MTAyNFx1MDAzZSJdXQ.jpg?sha=79fb15764b2c9695,NULL,NULL,NULL,NULL,37.50,NULL,NULL,28.50,NULL,NULL
"Unidentified project (Perspective)","Erich Mendelsohn",8219,"(American, born Germany (now Poland). 1887–1953)",(American),(1887),(1953),(male),"c. 1935",Print,"15 3/4 x 18 15/16" (40 x 48.1 cm)","Gift of Milton Scheingarten",100.2000,Architecture,"Architecture & Design",2000-01-19,yes,195,https://www.moma.org/collection/works/195,NULL,NULL,NULL,NULL,NULL,21.00,NULL,NULL,25.20,NULL,NULL
"Hadassah University Hospital, Mount Scopus, Jerusalem, Exterior perspective of northwest corner from University Building","Erich Mendelsohn",8219,"(American, born Germany (now Poland). 1887–1953)",(American),(1887),(1953),(male),1935,"Crayon, graphite, and gouache on sepia diazotype","21 1/4 x 23 3/4" (54 x 60.3 cm)","Gift of Milton Scheingarten",101.2000,Architecture,"Architecture & Design",2000-01-19,yes,197,https://www.moma.org/collection/works/197,https://www.moma.org/media/W1siZiIsIjUyOTg5NyJdLFsicCIsImNvbnZlcnQiLCItcmVzaXplIDEwMjR4MTAyNFx1MDAzZSJdXQ.jpg?sha=b45b803980ca41ab,NULL,NULL,NULL,NULL,12.70,NULL,NULL,35.60,NULL,NULL
"Hadassah University Medical Center, Mount Scopus, Jerusalem, View of hospital, north west corner: "From the National Library"","Erich Mendelsohn",8219,"(American, born Germany (now Poland). 1887–1953)",(American),(1887),(1953),(male),1935,"Tempera, graphite, and color pencil on print","21 1/4 x 22 3/4" (54 x 57.8 cm)","Gift of Milton Scheingarten",102.2000,Architecture,"Architecture & Design",2000-01-19,yes,198,https://www.moma.org/collection/works/198,https://www.moma.org/media/W1siZiIsIjUyOTkwOCJdLFsicCIsImNvbnZlcnQiLCItcmVzaXplIDEwMjR4MTAyNFx1MDAzZSJdXQ.jpg?sha=62e9caedafda0faf,NULL,NULL,NULL,NULL,64.00,NULL,NULL,38.00,NULL,NULL
"Hadassah University Medical Center, Mount Scopus, Jerusalem, Exterior perspective","Erich Mendelsohn",8219,"(American, born Germany (now Poland). 1887–1953)",(American),(1887),(1953),(male),1935,"Tempera, graphite, and color pencil on print","21 1/2 x 24" (54.6 x 61 cm)","Gift of Milton Scheingarten",103.2000,Architecture,"Architecture & Design",2000-01-19,yes,199,https://www.moma.org/collection/works/199,https://www.moma.org/media/W1siZiIsIjUyOTkxNSJdLFsicCIsImNvbnZlcnQiLCItcmVzaXplIDEwMjR4MTAyNFx1MDAzZSJdXQ.jpg?sha=6aa0ed39a71fd8f0,NULL,NULL,NULL,NULL,54.61,NULL,NULL,60.96,NULL,NULL
"Arcadia Peninsula Housing, project, Revised version: exterior elevation","Peter Cook",6950,"(British, born 1936)",(British),(1936),NULL,(male),1979,"Ink and gouache on paper","11 x 34 1/4" (27.9 x 87 cm)","Gift of Kenneth Walker",106.1992,Architecture,"Architecture & Design",1992-01-15,yes,200,https://www.moma.org/collection/works/200,https://www.moma.org/media/W1siZiIsIjUyNzAzOSJdLFsicCIsImNvbnZlcnQiLCItcmVzaXplIDEwMjR4MTAyNFx1MDAzZSJdXQ.jpg?sha=c004f89bdcda1f32,NULL,NULL,NULL,NULL,27.90,NULL,NULL,87.00,NULL,NULL
"Slow House Project, North Haven, New York, Plan of lower-level and sections","Elizabeth Diller, Ricardo Scofidio, Diller + Scofidio","6951, 6952, 8707","(American, born Poland 1954) (American, born 1935) (est. 1981)","(American) (American) (American)","(1954) (1935) (1981)","(0) (0) (0)","(female) (male) ()",1989,"Computer-generated print on frosted polymer sheet with graphite and colored ink mounted on painted wood with metal","47 5/8 x 36 1/2 x 1 1/2" (121 x 92.7 x 3.8 cm)
","Marshall Cogan Purchase Fund and Jeffrey P. Klein Purchase Fund",107.1992,Architecture,"Architecture & Design",1992-01-15,yes,201,https://www.moma.org/collection/works/201,https://www.moma.org/media/W1siZiIsIjUyNzA0MCJdLFsicCIsImNvbnZlcnQiLCItcmVzaXplIDEwMjR4MTAyNFx1MDAzZSJdXQ.jpg?sha=07493eda94380a96,NULL,NULL,3.80,NULL,121.00,NULL,NULL,92.70,NULL,NULL
"The Peak Project, Hong Kong, China (Exterior perspective)","Zaha Hadid",6953,"(British, born Iraq. 1950–2016)",(British),(1950),(2016),(female),1991,"Synthetic polymer on paper mounted on canvas","51 x 72" (129.5 x 182.9 cm)","David Rockefeller, Jr. Fund",108.1992,Architecture,"Architecture & Design",1992-01-15,yes,202,https://www.moma.org/collection/works/202,https://www.moma.org/media/W1siZiIsIjUyNzA0MSJdLFsicCIsImNvbnZlcnQiLCItcmVzaXplIDEwMjR4MTAyNFx1MDAzZSJdXQ.jpg?sha=471daeaf5342ec22,NULL,NULL,NULL,NULL,129.54,NULL,NULL,182.88,NULL,NULL
"Study for an Office Building, project, Tokyo, Japan, Exterior perspective","Fumihiko Maki",6954,"(Japanese, born 1928)",(Japanese),(1928),NULL,(male),1980,"Ink and graphite on graph paper","8 x 5 3/4" (20.3 x 14.6 cm)","Gift of Kenneth Walker",109.1992,Architecture,"Architecture & Design",1992-01-15,yes,203,https://www.moma.org/collection/works/203,https://www.moma.org/media/W1siZiIsIjUyNzA0MiJdLFsicCIsImNvbnZlcnQiLCItcmVzaXplIDEwMjR4MTAyNFx1MDAzZSJdXQ.jpg?sha=67c853cdf3c4de01,NULL,NULL,NULL,NULL,20.30,NULL,NULL,14.60,NULL,NULL
"Egg of Columbus Circle project, New York, New York (Axonometric)","Rem Koolhaas, Zoe Zenghelis, Elia Zenghelis, Madelon Vriesendorp","6956, 7559, 7558, 6957","(Dutch, born 1944) (British, born Greece 1937) (British, born Greece 1937) (Dutch, born 1945)","(Dutch) (British) (British) (Dutch)","(1944) (1937) (1937) (1945)","(0) (0) (0) (0)","(male) (female) (male) (female)",1975,"Ink and acrylic on paper","44 1/2 x 27" (113 x 68.6 cm)","Gift of Kenneth Walker",110.1992,Architecture,"Architecture & Design",1992-01-15,yes,204,https://www.moma.org/collection/works/204,https://www.moma.org/media/W1siZiIsIjUyNzA0NCJdLFsicCIsImNvbnZlcnQiLCItcmVzaXplIDEwMjR4MTAyNFx1MDAzZSJdXQ.jpg?sha=f311961baf5303ac,NULL,NULL,NULL,NULL,113.00,NULL,NULL,68.60,NULL,NULL
"Arch Oboler Guest House (Eleanor's Retreat), project, Malibu, California, Plan and elevation","Frank Lloyd Wright",6459,"(American, 1867–1959)",(American),(1867),(1959),(male),1941,"Graphite and colored pencil on tracing paper","30 3/4 x 20 1/8" (78.1 x 51.1 cm)","Arthur Drexler Fund",111.1992,Architecture,"Architecture & Design",1992-01-15,yes,205,https://www.moma.org/collection/works/205,https://www.moma.org/media/W1siZiIsIjUyNzA0NSJdLFsicCIsImNvbnZlcnQiLCItcmVzaXplIDEwMjR4MTAyNFx1MDAzZSJdXQ.jpg?sha=d79649fffef03159,NULL,NULL,NULL,NULL,78.11,NULL,NULL,51.12,NULL,NULL
"Arch Oboler Guest House (Eleanor's Retreat), project, Malibu, California, Plan and elevation","Frank Lloyd Wright",6459,"(American, 1867–1959)",(American),(1867),(1959),(male),1941,"Graphite and colored pencil on tracing paper","20 7/8 x 30 7/8" (53 x 78.5 cm)","Arthur Drexler Fund",112.1992,Architecture,"Architecture & Design",1992-01-15,yes,206,https://www.moma.org/collection/works/206,https://www.moma.org/media/W1siZiIsIjUyNzM4MCJdLFsicCIsImNvbnZlcnQiLCItcmVzaXplIDEwMjR4MTAyNFx1MDAzZSJdXQ.jpg?sha=b6cb982f93e289ac,NULL,NULL,NULL,NULL,53.00,NULL,NULL,78.50,NULL,NULL
"Arch Oboler Guest House (Eleanor's Retreat), project, Malibu, California, Perspective","Frank Lloyd Wright",6459,"(American, 1867–1959)",(American),(1867),(1959),(male),1941,"Colored pencil, graphite, and color ink on tracing paper","16 15/16 x 19 1/4" (43.1 x 48.9 cm)","Arthur Drexler Fund",113.1992,Architecture,"Architecture & Design",1992-01-15,yes,207,https://www.moma.org/collection/works/207,https://www.moma.org/media/W1siZiIsIjUyNzM4MSJdLFsicCIsImNvbnZlcnQiLCItcmVzaXplIDEwMjR4MTAyNFx1MDAzZSJdXQ.jpg?sha=d2250eaf2aa8050f,NULL,NULL,NULL,NULL,43.10,NULL,NULL,48.90,NULL,NULL
"Arch Oboler Guest House (Eleanor's Retreat), project, Malibu, California, Perspective","Frank Lloyd Wright",6459,"(American, 1867–1959)",(American),(1867),(1959),(male),1941,"Graphite and color pencil on tracing paper","20 3/4 x 31" (52.7 x 78.8 cm)","Arthur Drexler Fund",114.1992,Architecture,"Architecture & Design",1992-01-15,yes,208,https://www.moma.org/collection/works/208,https://www.moma.org/media/W1siZiIsIjUyNzM4MiJdLFsicCIsImNvbnZlcnQiLCItcmVzaXplIDEwMjR4MTAyNFx1MDAzZSJdXQ.jpg?sha=074740747181756d,NULL,NULL,NULL,NULL,52.71,NULL,NULL,78.80,NULL,NULL
"Exhibition "Mario Bellini: Designer.", The Museum of Modern Art, New York, 1987, Installation plan","Mario Bellini",451,"(Italian, born 1935)",(Italian),(1935),NULL,(male),1987,"Crayon and cut and pasted photocopies on transparent overlay on print","19 1/2 x 30 1/2" (49.5 x 77.5 cm)","Gift of the designer",119.1988,Architecture,"Architecture & Design",1988-04-27,yes,209,https://www.moma.org/collection/works/209,https://www.moma.org/media/W1siZiIsIjUyNzA0NiJdLFsicCIsImNvbnZlcnQiLCItcmVzaXplIDEwMjR4MTAyNFx1MDAzZSJdXQ.jpg?sha=b410564585bf3485,NULL,NULL,NULL,NULL,49.50,NULL,NULL,77.50,NULL,NULL
"City Hall, project, North Canton, Ohio, Perspective sketch","Venturi and Rauch, Robert Venturi, John Rauch","8213, 6132, 8214","(American, est. 1964–1979) (American, 1925–2018) (American, born 1930)","(American) (American) (American)","(1964) (1925) (1930)","(1979) (2018) (0)","() (male) (male)",1965,"Graphite on tracing paper","20 1/2 x 36" (52.1 x 91.4 cm)","Gift of Venturi, Rauch and Scott Brown, Inc.",120.1988,Architecture,"Architecture & Design",1988-04-27,yes,210,https://www.moma.org/collection/works/210,https://www.moma.org/media/W1siZiIsIjUyNzA0NyJdLFsicCIsImNvbnZlcnQiLCItcmVzaXplIDEwMjR4MTAyNFx1MDAzZSJdXQ.jpg?sha=19e7832d10da4021,NULL,NULL,NULL,NULL,52.10,NULL,NULL,91.40,NULL,NULL
"House, Northern Delaware, Preliminary study of west elevation","Robert Venturi, John Rauch, Venturi and Rauch, Denise Scott Brown","6132, 8214, 8213, 8216","(American, 1925–2018) (American, born 1930) (American, est. 1964–1979) (American, born Zambia, 1931)","(American) (American) (American) (American)","(1925) (1930) (1964) (1931)","(2018) (0) (1979) (0)","(male) (male) () (female)",1978,"Felt-tipped pen on tracing paper","12 x 23 1/2" (30.5 x 59.7 cm)","Gift of Venturi, Rauch and Scott Brown, Inc.",121.1988,Architecture,"Architecture & Design",1988-04-27,yes,211,https://www.moma.org/collection/works/211,https://www.moma.org/media/W1siZiIsIjUyNzA0OCJdLFsicCIsImNvbnZlcnQiLCItcmVzaXplIDEwMjR4MTAyNFx1MDAzZSJdXQ.jpg?sha=7fafa2a23d5f60e7,NULL,NULL,NULL,NULL,30.48,NULL,NULL,59.69,NULL,NULL
"Gordon Wu Hall, Princeton University, Princeton, New Jersey, Preliminary study of entrance and windows","Venturi, Rauch and Scott Brown, Robert Venturi, John Rauch, Denise Scott Brown","8215, 6132, 8214, 8216","(American, established 1980) (American, 1925–2018) (American, born 1930) (American, born Zambia, 1931)","(American) (American) (American) (American)","(1980) (1925) (1930) (1931)","(0) (2018) (0) (0)","() (male) (male) (female)",1981,"Felt-tipped pen on tracing paper","12 x 15 1/8" (30.5 x 38.4 cm)","Gift of Venturi, Rauch and Scott Brown, Inc.",122.1988,Architecture,"Architecture & Design",1988-04-27,yes,212,https://www.moma.org/collection/works/212,https://www.moma.org/media/W1siZiIsIjUyNzA0OSJdLFsicCIsImNvbnZlcnQiLCItcmVzaXplIDEwMjR4MTAyNFx1MDAzZSJdXQ.jpg?sha=70c1c008f6e360c9,NULL,NULL,NULL,NULL,30.48,NULL,NULL,38.42,NULL,NULL
"Gordon Wu Hall, Princeton University, Princeton, New Jersey, Preliminary study of entrance and elevation","Venturi, Rauch and Scott Brown, Robert Venturi, John Rauch, Denise Scott Brown","8215, 6132, 8214, 8216","(American, established 1980) (American, 1925–2018) (American, born 1930) (American, born Zambia, 1931)","(American) (American) (American) (American)","(1980) (1925) (1930) (1931)","(0) (2018) (0) (0)","() (male) (male) (female)",1981,"Graphite on tracing paper","12 x 13 1/2" (30.5 x 34.3 cm)","Gift of Venturi, Rauch and Scott Brown, Inc.",123.1988,Architecture,"Architecture & Design",1988-04-27,yes,213,https://www.moma.org/collection/works/213,https://www.moma.org/media/W1siZiIsIjIxMDM0MSJdLFsicCIsImNvbnZlcnQiLCItcmVzaXplIDEwMjR4MTAyNFx1MDAzZSJdXQ.jpg?sha=8172b2b09a6a21dd,NULL,NULL,NULL,NULL,30.48,NULL,NULL,34.29,NULL,NULL
"Lewis Thomas Laboratory for Molecular Biology, Princeton University, Princeton, New Jersey, Preliminary study of entrance and elevation","Venturi, Rauch and Scott Brown, Robert Venturi, John Rauch, Denise Scott Brown","8215, 6132, 8214, 8216","(American, established 1980) (American, 1925–2018) (American, born 1930) (American, born Zambia, 1931)","(American) (American) (American) (American)","(1980) (1925) (1930) (1931)","(0) (2018) (0) (0)","() (male) (male) (female)",1983,"Felt-tipped pen on tracing paper","12 x 28 (30.5 x 71.1 cm)","Gift of Venturi, Rauch and Scott Brown, Inc.",124.1988,Architecture,"Architecture & Design",1988-04-27,yes,215,https://www.moma.org/collection/works/215,https://www.moma.org/media/W1siZiIsIjUyNzA1MCJdLFsicCIsImNvbnZlcnQiLCItcmVzaXplIDEwMjR4MTAyNFx1MDAzZSJdXQ.jpg?sha=a0d5a49a73491253,NULL,NULL,NULL,NULL,30.48,NULL,NULL,71.12,NULL,NULL
"Center for Applied Computer Research, Las Promesas, Mexico, Site plan","Emilio Ambasz",141,"(Argentine, born 1943)",(Argentine),(1943),NULL,(male),1975,"Ink and photostat on acetate","37 1/2 x 37 5/8" (95.3 x 95.6 cm)","Gift of the architect",131.1992,Architecture,"Architecture & Design",1992-01-15,yes,219,https://www.moma.org/collection/works/219,https://www.moma.org/media/W1siZiIsIjUyNzM5NSJdLFsicCIsImNvbnZlcnQiLCItcmVzaXplIDEwMjR4MTAyNFx1MDAzZSJdXQ.jpg?sha=4cd3fcc6fee186b3,NULL,NULL,NULL,NULL,95.30,NULL,NULL,95.60,NULL,NULL
"Hospital: House of Hope, Houses of Birth, Houses of No Return, project, Venice, Italy, Sectional perspective","Raimund Abraham",47,"(American, born Austria. 1933–2010)",(American),(1933),(2010),(male),1979,"Color pencil, graphite, and gouache","27 1/4 x 32 3/4" (69.2 x 83.2 cm)
","Gift of Dorothy and Leroy Lavine",131.1995,Architecture,"Architecture & Design",1995-05-09,yes,220,https://www.moma.org/collection/works/220,https://www.moma.org/media/W1siZiIsIjUyNzM5NiJdLFsicCIsImNvbnZlcnQiLCItcmVzaXplIDEwMjR4MTAyNFx1MDAzZSJdXQ.jpg?sha=98e040b5336cd173,NULL,NULL,NULL,NULL,69.22,NULL,NULL,83.19,NULL,NULL
"Church on the Water, Tomamu, Hokkaido, Japan (Elevation and plan)","Tadao Ando",7055,"(Japanese, born 1941)",(Japanese),(1941),NULL,(male),1985–1988,"Crayon, graphite, color pencil","41 3/8 x 157 5/8" (105.1 x 400.4 cm)","Gift of the architect",137.1993,Architecture,"Architecture & Design",1993-05-04,yes,221,https://www.moma.org/collection/works/221,NULL,NULL,NULL,NULL,NULL,105.09,NULL,NULL,400.37,NULL,NULL
"Church on the Water, Tomamu, Hokkaido, Japan, Plan and sketch","Tadao Ando",7055,"(Japanese, born 1941)",(Japanese),(1941),NULL,(male),1985–1988,"Crayon on mulberry paper","12 1/8 x 17 1/2" (30.8 x 44.5 cm)","Gift of the architect",138.1993,Architecture,"Architecture & Design",1993-05-04,yes,222,https://www.moma.org/collection/works/222,https://www.moma.org/media/W1siZiIsIjUyNzQwMiJdLFsicCIsImNvbnZlcnQiLCItcmVzaXplIDEwMjR4MTAyNFx1MDAzZSJdXQ.jpg?sha=9da567fef92f7e8e,NULL,NULL,NULL,NULL,30.80,NULL,NULL,44.50,NULL,NULL
"Church on the Water, Tomamu, Hokkaido, Japan, Elevation and plan, sketch","Tadao Ando",7055,"(Japanese, born 1941)",(Japanese),(1941),NULL,(male),1985–1988,"Crayon and ink on paper","12 x 12 3/4" (30.5 x 32.4 cm)","Gift of the architect",139.1993,Architecture,"Architecture & Design",1993-05-04,yes,223,https://www.moma.org/collection/works/223,https://www.moma.org/media/W1siZiIsIjUyNzQwMyJdLFsicCIsImNvbnZlcnQiLCItcmVzaXplIDEwMjR4MTAyNFx1MDAzZSJdXQ.jpg?sha=d4be97ca7571a640,NULL,NULL,NULL,NULL,30.48,NULL,NULL,32.39,NULL,NULL
"Chikatsu-Asuka Historical Museum, Minami-Kawachi, Osaka, Japan, Exterior perspective","Tadao Ando",7055,"(Japanese, born 1941)",(Japanese),(1941),NULL,(male),"c. 1989-91","Graphite and crayon with scoring on paper","11 5/8 x 33 1/8" (29.5 x 84.1 cm)","Gift of the architect",140.1993,Architecture,"Architecture & Design",1993-05-04,yes,224,https://www.moma.org/collection/works/224,https://www.moma.org/media/W1siZiIsIjUyNzQwNCJdLFsicCIsImNvbnZlcnQiLCItcmVzaXplIDEwMjR4MTAyNFx1MDAzZSJdXQ.jpg?sha=7be82e4a0feae782,NULL,NULL,NULL,NULL,29.50,NULL,NULL,84.10,NULL,NULL
"Nara Convention Hall, Nara, Japan, Exterior perspective","Arata Isozaki",2837,"(Japanese, born 1931)",(Japanese),(1931),NULL,(male),1992,"Computer-generated print","21 x 23" (53.3 x 58.4 cm)","Gift of the architect",142.1993,Architecture,"Architecture & Design",1993-05-04,yes,225,https://www.moma.org/collection/works/225,https://www.moma.org/media/W1siZiIsIjUyNzQwNyJdLFsicCIsImNvbnZlcnQiLCItcmVzaXplIDEwMjR4MTAyNFx1MDAzZSJdXQ.jpg?sha=41c581efa88d8f9b,NULL,NULL,NULL,NULL,62.20,NULL,NULL,102.20,NULL,NULL
"Nara Convention Hall, Nara, Japan, South elevation","Arata Isozaki",2837,"(Japanese, born 1931)",(Japanese),(1931),NULL,(male),1992,"Computer-generated print","21 5/8 x 37 3/8" (54.9 x 94.9 cm)","Gift of the architect",143.1993,Architecture,"Architecture & Design",1993-05-04,yes,226,https://www.moma.org/collection/works/226,https://www.moma.org/media/W1siZiIsIjUyNzQxMCJdLFsicCIsImNvbnZlcnQiLCItcmVzaXplIDEwMjR4MTAyNFx1MDAzZSJdXQ.jpg?sha=a54358c26dad9149,NULL,NULL,NULL,NULL,54.93,NULL,NULL,94.93,NULL,NULL
"Nara Convention Hall, Nara, Japan, Interior perpsective of lobby","Arata Isozaki",2837,"(Japanese, born 1931)",(Japanese),(1931),NULL,(male),1992,"Computer-generated print","21 1/2 x 32 7/8" (54.6 x 83.5 cm)","Gift of the architect",144.1993,Architecture,"Architecture & Design",1993-05-04,yes,227,https://www.moma.org/collection/works/227,https://www.moma.org/media/W1siZiIsIjUyNzQxMiJdLFsicCIsImNvbnZlcnQiLCItcmVzaXplIDEwMjR4MTAyNFx1MDAzZSJdXQ.jpg?sha=2616f9228094aac9,NULL,NULL,NULL,NULL,62.20,NULL,NULL,102.20,NULL,NULL
"Nara Convention Hall, Nara, Japan, Interior perspective of main hall","Arata Isozaki",2837,"(Japanese, born 1931)",(Japanese),(1931),NULL,(male),1992,"Computer-generated print","21 1/2 x 32 3/4" (54.6 x 83.2 cm)","Gift of the architect",145.1993,Architecture,"Architecture & Design",1993-05-04,yes,228,https://www.moma.org/collection/works/228,https://www.moma.org/media/W1siZiIsIjUyNzQxMyJdLFsicCIsImNvbnZlcnQiLCItcmVzaXplIDEwMjR4MTAyNFx1MDAzZSJdXQ.jpg?sha=033a90838db60889,NULL,NULL,NULL,NULL,65.00,NULL,NULL,105.00,NULL,NULL
"Nara Convention Hall, Nara, Japan, West elevation","Arata Isozaki",2837,"(Japanese, born 1931)",(Japanese),(1931),NULL,(male),1992,"Computer-generated print","21 1/2 x 37 3/8" (54.6 x 94.9 cm)","Gift of the architect",146.1993,Architecture,"Architecture & Design",1993-05-04,yes,229,https://www.moma.org/collection/works/229,https://www.moma.org/media/W1siZiIsIjUyNzQxNiJdLFsicCIsImNvbnZlcnQiLCItcmVzaXplIDEwMjR4MTAyNFx1MDAzZSJdXQ.jpg?sha=6b199f86497548f1,NULL,NULL,NULL,NULL,65.10,NULL,NULL,105.10,NULL,NULL
"Nara Convention Hall, Nara, Japan, Exterior perspective","Arata Isozaki",2837,"(Japanese, born 1931)",(Japanese),(1931),NULL,(male),1992,"Synthetic polymer paint on computer-generated print","21 3/4 x 37 1/4" (55.2 x 94.6 cm) (comp.)","Gift of the architect",147.1993,Architecture,"Architecture & Design",1993-05-04,yes,230,https://www.moma.org/collection/works/230,https://www.moma.org/media/W1siZiIsIjUyNzQxNyJdLFsicCIsImNvbnZlcnQiLCItcmVzaXplIDEwMjR4MTAyNFx1MDAzZSJdXQ.jpg?sha=3018a0e5e04796ea,NULL,NULL,NULL,NULL,NULL,NULL,NULL,NULL,NULL,NULL
"Nara Convention Hall, Nara, Japan, Interior perspective of concert hall","Arata Isozaki",2837,"(Japanese, born 1931)",(Japanese),(1931),NULL,(male),1992,"Computer-generated print. print","21 3/4 x 32 3/4" (55.2 x 83.2 cm)","Gift of the architect",148.1993,Architecture,"Architecture & Design",1993-05-04,yes,231,https://www.moma.org/collection/works/231,https://www.moma.org/media/W1siZiIsIjUyNzQxOSJdLFsicCIsImNvbnZlcnQiLCItcmVzaXplIDEwMjR4MTAyNFx1MDAzZSJdXQ.jpg?sha=9190859f5240cd24,NULL,NULL,NULL,NULL,65.00,NULL,NULL,105.00,NULL,NULL
"Contra-Construction Project (Axonometric)","Theo van Doesburg, Cornelis van Eesteren","6076, 8112","(Dutch, 1883–1931) (Dutch, 1897–1988)","(Dutch) (Dutch)","(1883) (1897)","(1931) (1988)","(male) (male)",1923,"Gouache on lithograph","22 1/2 x 22 1/2" (57.2 x 57.2 cm)","Gift of Edgar Kaufmann, Jr.",149.1947,Architecture,"Architecture & Design",1947-06-17,yes,232,https://www.moma.org/collection/works/232,https://www.moma.org/media/W1siZiIsIjE2MjY1OCJdLFsicCIsImNvbnZlcnQiLCItcmVzaXplIDEwMjR4MTAyNFx1MDAzZSJdXQ.jpg?sha=382c1bdc02f920d1,NULL,NULL,NULL,NULL,57.20,NULL,NULL,57.20,NULL,NULL
"Nara Convention Hall, Nara, Japan, Sketches of main hall","Arata Isozaki",2837,"(Japanese, born 1931)",(Japanese),(1931),NULL,(male),1992,"Ink on tracing paper","12 x 33 1/8" (30.5 x 84.1 cm)","Gift of the architect",149.1993,Architecture,"Architecture & Design",1993-05-04,yes,233,https://www.moma.org/collection/works/233,https://www.moma.org/media/W1siZiIsIjUyNzQyMSJdLFsicCIsImNvbnZlcnQiLCItcmVzaXplIDEwMjR4MTAyNFx1MDAzZSJdXQ.jpg?sha=d8720d82cc1ab0e4,NULL,NULL,NULL,NULL,30.50,NULL,NULL,84.10,NULL,NULL
"Nara Convention Hall, Nara, Japan, Sketches for main hall","Arata Isozaki",2837,"(Japanese, born 1931)",(Japanese),(1931),NULL,(male),1992,"Felt-tipped pen on tracing paper","12 x 33 1/4" (30.5 x 84.5 cm)","Gift of the architect",150.1993,Architecture,"Architecture & Design",1993-05-04,yes,235,https://www.moma.org/collection/works/235,https://www.moma.org/media/W1siZiIsIjUyNzQyNSJdLFsicCIsImNvbnZlcnQiLCItcmVzaXplIDEwMjR4MTAyNFx1MDAzZSJdXQ.jpg?sha=699642f822503a58,NULL,NULL,NULL,NULL,30.50,NULL,NULL,84.50,NULL,NULL
"Nara Convention Hall, Nara, Japan, Site-plan sketch","Arata Isozaki",2837,"(Japanese, born 1931)",(Japanese),(1931),NULL,(male),1992,"Ink on tracing paper","12 x 19 1/2" (30.5 x 49.5 cm)","Gift of the architect",151.1993,Architecture,"Architecture & Design",1993-05-04,yes,237,https://www.moma.org/collection/works/237,https://www.moma.org/media/W1siZiIsIjUyNzQyNyJdLFsicCIsImNvbnZlcnQiLCItcmVzaXplIDEwMjR4MTAyNFx1MDAzZSJdXQ.jpg?sha=f76d1618130bad26,NULL,NULL,NULL,NULL,30.50,NULL,NULL,49.50,NULL,NULL
"Nara Convention Hall, Nara, Japan, Perspective sketches for plaza and entrance lobby","Arata Isozaki",2837,"(Japanese, born 1931)",(Japanese),(1931),NULL,(male),1992,"Color ink on tracing paper","12 x 19 5/8" (30.5 x 49.9 cm) (comp.)","Gift of the architect",152.1993,Architecture,"Architecture & Design",1993-05-04,yes,238,https://www.moma.org/collection/works/238,https://www.moma.org/media/W1siZiIsIjUyNzQyOSJdLFsicCIsImNvbnZlcnQiLCItcmVzaXplIDEwMjR4MTAyNFx1MDAzZSJdXQ.jpg?sha=ee75a46d765534ec,NULL,NULL,NULL,NULL,30.50,NULL,NULL,49.90,NULL,NULL
"Nara Convention Hall, Nara, Japan, Preliminary sketches","Arata Isozaki",2837,"(Japanese, born 1931)",(Japanese),(1931),NULL,(male),1992,"Ink on tracing paper","12 x 33 1/2" (30.5 x 85.1 cm)","Gift of the architect",153.1993,Architecture,"Architecture & Design",1993-05-04,yes,239,https://www.moma.org/collection/works/239,https://www.moma.org/media/W1siZiIsIjUyNzQzMiJdLFsicCIsImNvbnZlcnQiLCItcmVzaXplIDEwMjR4MTAyNFx1MDAzZSJdXQ.jpg?sha=ee2005028bc63bb6,NULL,NULL,NULL,NULL,30.50,NULL,NULL,85.10,NULL,NULL
"Parc de la Villette, Paris, France (Exterior perspectives, sketch)","Bernard Tschumi",7056,"(French and Swiss, born Switzerland 1944)",NULL,(1944),NULL,(male),1983,"Ink on paper","11 5/8 x 16 1/2" (29.5 x 41.9 cm)","Gift of Barbara Pine",154.1993,Architecture,"Architecture & Design",1993-05-04,yes,240,https://www.moma.org/collection/works/240,https://www.moma.org/media/W1siZiIsIjUyNzQzNCJdLFsicCIsImNvbnZlcnQiLCItcmVzaXplIDEwMjR4MTAyNFx1MDAzZSJdXQ.jpg?sha=bd9c57a5972d942d,NULL,NULL,NULL,NULL,29.53,NULL,NULL,41.91,NULL,NULL
"American System-Built Houses for The Richards Company, project, Milwaukee, Wisconsin, Perspectives, plans, and elevations","Frank Lloyd Wright",6459,"(American, 1867–1959)",(American),(1867),(1959),(male),1915-17,Lithograph,NULL,"Gift of David Rockefeller, Jr. Fund, Ira Howard Levy Fund, and Jeffrey P. Klein Purchase Fund",155.1993.1-36,Architecture,"Architecture & Design",1993-05-04,no,241,NULL,NULL,NULL,NULL,NULL,NULL,NULL,NULL,NULL,NULL,NULL,NULL
"American System-Built Houses for The Richards Company project (Exterior perspective of model D101)","Frank Lloyd Wright",6459,"(American, 1867–1959)",(American),(1867),(1959),(male),1915–1917,Lithograph,"11 x 8 1/2" (27.9 x 21.6 cm)","Gift of David Rockefeller, Jr. Fund, Ira Howard Levy Fund, and Jeffrey P. Klein Purchase Fund",155.1993.13,Architecture,"Architecture & Design",1993-05-04,yes,242,https://www.moma.org/collection/works/242,https://www.moma.org/media/W1siZiIsIjUyNzQzNiJdLFsicCIsImNvbnZlcnQiLCItcmVzaXplIDEwMjR4MTAyNFx1MDAzZSJdXQ.jpg?sha=dadfba01036db451,NULL,NULL,NULL,NULL,27.90,NULL,NULL,21.60,NULL,NULL
"American System-Built Houses for The Richards Company project (Exterior perspective of model E3)","Frank Lloyd Wright",6459,"(American, 1867–1959)",(American),(1867),(1959),(male),1915–1917,Lithograph,"11 x 8 5/8" (27.9 x 21.9 cm)","Gift of David Rockefeller, Jr. Fund, Ira Howard Levy Fund, and Jeffrey P. Klein Purchase Fund",155.1993.14,Architecture,"Architecture & Design",1993-05-04,yes,243,https://www.moma.org/collection/works/243,https://www.moma.org/media/W1siZiIsIjUyNzQzNyJdLFsicCIsImNvbnZlcnQiLCItcmVzaXplIDEwMjR4MTAyNFx1MDAzZSJdXQ.jpg?sha=a600a2069ba88071,NULL,NULL,NULL,NULL,27.90,NULL,NULL,21.90,NULL,NULL
"American System-Built Houses for The Richards Company, project, Milwaukee, Wisconsin, Isometric plan of model J400","Frank Lloyd Wright",6459,"(American, 1867–1959)",(American),(1867),(1959),(male),"c. 1915-17",Lithograph,"11 1/8 × 8 1/2" (28.3 × 21.6 cm)","Gift of David Rockefeller, Jr. Fund, Ira Howard Levy Fund, and Jeffrey P. Klein Purchase Fund",155.1993.15,Architecture,"Architecture & Design",1993-05-04,yes,244,https://www.moma.org/collection/works/244,https://www.moma.org/media/W1siZiIsIjUyNzQzOCJdLFsicCIsImNvbnZlcnQiLCItcmVzaXplIDEwMjR4MTAyNFx1MDAzZSJdXQ.jpg?sha=8429eb0ab7b5ed30,NULL,NULL,NULL,NULL,28.26,NULL,NULL,21.59,NULL,NULL
"American System-Built Houses for The Richards Company, project, Milwaukee, Wisconsin, Isometric plan of model J900","Frank Lloyd Wright",6459,"(American, 1867–1959)",(American),(1867),(1959),(male),"c. 1915-17",Lithograph,"11 × 8 5/8" (27.9 × 21.9 cm)","Gift of David Rockefeller, Jr. Fund, Ira Howard Levy Fund, and Jeffrey P. Klein Purchase Fund",155.1993.16,Architecture,"Architecture & Design",1993-05-04,yes,245,https://www.moma.org/collection/works/245,https://www.moma.org/media/W1siZiIsIjUyNzQzOSJdLFsicCIsImNvbnZlcnQiLCItcmVzaXplIDEwMjR4MTAyNFx1MDAzZSJdXQ.jpg?sha=e0dd4cf35aa5a63a,NULL,NULL,NULL,NULL,27.94,NULL,NULL,21.91,NULL,NULL
"American System-Built Houses for The Richards Company, project, Milwaukee, Wisconsin, Perpsective of model J902","Frank Lloyd Wright",6459,"(American, 1867–1959)",(American),(1867),(1959),(male),"c. 1915-17",Lithograph,"11 x 8 1/2" (27.9 x 21.6 cm)","Gift of David Rockefeller, Jr. Fund, Ira Howard Levy Fund, and Jeffrey P. Klein Purchase Fund",155.1993.17,Architecture,"Architecture & Design",1993-05-04,yes,246,https://www.moma.org/collection/works/246,https://www.moma.org/media/W1siZiIsIjUyNzQ0MCJdLFsicCIsImNvbnZlcnQiLCItcmVzaXplIDEwMjR4MTAyNFx1MDAzZSJdXQ.jpg?sha=f569c0f9bc4681f5,NULL,NULL,NULL,NULL,27.90,NULL,NULL,21.60,NULL,NULL
"American System-Built Houses for The Richards Company project, (Plan oblique of unspecified model)","Frank Lloyd Wright",6459,"(American, 1867–1959)",(American),(1867),(1959),(male),1915–1917,Lithograph,"11 x 8 1/2" (27.9 x 21.6 cm)","Gift of David Rockefeller, Jr. Fund, Ira Howard Levy Fund, and Jeffrey P. Klein Purchase Fund",155.1993.18,Architecture,"Architecture & Design",1993-05-04,yes,247,https://www.moma.org/collection/works/247,https://www.moma.org/media/W1siZiIsIjUyNzQ0MSJdLFsicCIsImNvbnZlcnQiLCItcmVzaXplIDEwMjR4MTAyNFx1MDAzZSJdXQ.jpg?sha=ff56a19fdbdc9607,NULL,NULL,NULL,NULL,27.90,NULL,NULL,21.60,NULL,NULL
"American System-Built Houses for The Richards Company project (Perspective of model A221)","Frank Lloyd Wright",6459,"(American, 1867–1959)",(American),(1867),(1959),(male),1915–1917,Lithograph,"11 1/8 x 8 5/8" (28.3 x 21.9 cm)","Gift of David Rockefeller, Jr. Fund, Ira Howard Levy Fund, and Jeffrey P. Klein Purchase Fund",155.1993.2,Architecture,"Architecture & Design",1993-05-04,yes,248,https://www.moma.org/collection/works/248,https://www.moma.org/media/W1siZiIsIjUyNzQ0MiJdLFsicCIsImNvbnZlcnQiLCItcmVzaXplIDEwMjR4MTAyNFx1MDAzZSJdXQ.jpg?sha=52bcdb5858dd077e,NULL,NULL,NULL,NULL,28.30,NULL,NULL,21.90,NULL,NULL
"American System-Built Houses for The Richards Company, project, Milwaukee, Wisconsin, Perspective of model A243","Frank Lloyd Wright",6459,"(American, 1867–1959)",(American),(1867),(1959),(male),"c. 1915-17",Lithograph,"11 x 8 1/2" (27.9 x 21.6 cm)","Gift of David Rockefeller, Jr. Fund, Ira Howard Levy Fund, and Jeffrey P. Klein Purchase Fund",155.1993.4,Architecture,"Architecture & Design",1993-05-04,yes,249,https://www.moma.org/collection/works/249,https://www.moma.org/media/W1siZiIsIjUyNzQ0MyJdLFsicCIsImNvbnZlcnQiLCItcmVzaXplIDEwMjR4MTAyNFx1MDAzZSJdXQ.jpg?sha=f6ba6f09bd64859a,NULL,NULL,NULL,NULL,27.90,NULL,NULL,21.60,NULL,NULL
"American System-Built Houses for The Richards Company project (Exterior perspective of model B23)","Frank Lloyd Wright",6459,"(American, 1867–1959)",(American),(1867),(1959),(male),1915–1917,Lithograph,"11 x 8 1/2" (27.9 x 21.6 cm)","Gift of David Rockefeller, Jr. Fund, Ira Howard Levy Fund, and Jeffrey P. Klein Purchase Fund",155.1993.6,Architecture,"Architecture & Design",1993-05-04,yes,250,https://www.moma.org/collection/works/250,https://www.moma.org/media/W1siZiIsIjUyNzQ0NCJdLFsicCIsImNvbnZlcnQiLCItcmVzaXplIDEwMjR4MTAyNFx1MDAzZSJdXQ.jpg?sha=ca8ec17bbbf58f47,NULL,NULL,NULL,NULL,61.60,NULL,NULL,21.60,NULL,NULL
"Ibirapuera Park project, São Paulo, Brazil (Site plan)","Oscar Niemeyer, Roberto Burle Marx","8103, 6934","(Brazilian, 1907–2012) (Brazilian, 1909–1994)","(Brazilian) (Brazilian)","(1907) (1909)","(2012) (1994)","(male) (male)",1953,"Gouache and graphite on board","39 1/2  x  59 1/2" (100.3 x 151.1 cm)","Gift of Roblee McCarthy, Jr. Fund and Lily Auchincloss Fund",157.1991,Architecture,"Architecture & Design",1991-06-04,yes,252,https://www.moma.org/collection/works/252,https://www.moma.org/media/W1siZiIsIjI4NDc1MiJdLFsicCIsImNvbnZlcnQiLCItcmVzaXplIDEwMjR4MTAyNFx1MDAzZSJdXQ.jpg?sha=76b8af866060f552,NULL,NULL,NULL,NULL,100.30,NULL,NULL,151.10,NULL,NULL
"Ibirapuera Park Project, São Paulo, Brazil (Perspective)","Oscar Niemeyer, Roberto Burle Marx","8103, 6934","(Brazilian, 1907–2012) (Brazilian, 1909–1994)","(Brazilian) (Brazilian)","(1907) (1909)","(2012) (1994)","(male) (male)",1953,"Gouache on board","39 x 59 1/2" (99.1 x 151.1 cm)","Gift of Roblee McCarthy, Jr. Fund and Lily Auchincloss Fund",158.1991,Architecture,"Architecture & Design",1991-06-04,yes,253,https://www.moma.org/collection/works/253,https://www.moma.org/media/W1siZiIsIjI4NDc1NCJdLFsicCIsImNvbnZlcnQiLCItcmVzaXplIDEwMjR4MTAyNFx1MDAzZSJdXQ.jpg?sha=b38b08074c770efc,NULL,NULL,NULL,NULL,99.10,NULL,NULL,151.10,NULL,NULL
"Prototype Architecture School No. 5, project, Los Angeles, California, Elevations","Neil M. Denari",7933,"(American, born 1957)",(American),(1957),NULL,(male),1992,"Ink, airbrush, and cut-and-pasted printed self-adhesive polymer sheet on frosted polymer sheet","24 1/2 x 33 1/16" (62.2 x 84 cm)","Ralph Fehlbaum Purchase Fund",191.1998,Architecture,"Architecture & Design",1998-04-22,yes,255,https://www.moma.org/collection/works/255,https://www.moma.org/media/W1siZiIsIjUyNzk2MyJdLFsicCIsImNvbnZlcnQiLCItcmVzaXplIDEwMjR4MTAyNFx1MDAzZSJdXQ.jpg?sha=50bf4cc442ede240,NULL,NULL,NULL,NULL,62.20,NULL,NULL,84.00,NULL,NULL
"Bismarck Monument, project, Bingen, Germany, Perspective view of courtyard","Ludwig Mies van der Rohe",7166,"(American, born Germany. 1886–1969)",(American),(1886),(1969),(male),1910,"Gouache on linen","55 1/2 x 94 1/2" (141 x 240 cm)","Rob Beyer Purchase Fund, Edward Larrabee Barnes Purchase Fund, Marcel Breuer Purchase Fund, and Philip Johnson Purchase Fund",192.1998,Architecture,"Architecture & Design",1998-04-22,yes,256,https://www.moma.org/collection/works/256,https://www.moma.org/media/W1siZiIsIjUyNzk2NCJdLFsicCIsImNvbnZlcnQiLCItcmVzaXplIDEwMjR4MTAyNFx1MDAzZSJdXQ.jpg?sha=b0225329931c7e3b,NULL,NULL,NULL,NULL,141.00,NULL,NULL,240.00,NULL,NULL
"Simulated Dwelling for a Family of Five Project","David Jacob",2864,"(American, born 1928)",(American),(1928),NULL,(male),1970,"Fiberglass, polyester resin, metal, paper, plastic and synthetic polymer paint","28 x 34 3/8 x 34 3/8" (71.1 x 87.3 x 87.3 cm)","Estée and Joseph Lauder Design Fund",194.1973,Architecture,"Architecture & Design",1973-05-08,yes,257,https://www.moma.org/collection/works/257,https://www.moma.org/media/W1siZiIsIjIyODY1OCJdLFsicCIsImNvbnZlcnQiLCItcmVzaXplIDEwMjR4MTAyNFx1MDAzZSJdXQ.jpg?sha=0f4261daac246e9b,"MoMA, Floor 4, 417",NULL,87.31,NULL,71.12,NULL,NULL,87.31,NULL,NULL
"Gotthard Bank, Lugano, Switzerland, Perspective","Mario Botta",696,"(Swiss, born 1943)",(Swiss),(1943),NULL,(male),1986,"Pen and ink on paper","37 1/4 x 37 1/4" (94.6 x 94.6 cm)","Gift of Banca del Gottardo",206.1987,Architecture,"Architecture & Design",1987-05-27,yes,258,https://www.moma.org/collection/works/258,https://www.moma.org/media/W1siZiIsIjUyNjY5OSJdLFsicCIsImNvbnZlcnQiLCItcmVzaXplIDEwMjR4MTAyNFx1MDAzZSJdXQ.jpg?sha=4e035282d4883088,NULL,NULL,NULL,NULL,94.60,NULL,NULL,94.60,NULL,NULL
"Gotthard Bank, Lugano, Switzerland, Elevation","Mario Botta",696,"(Swiss, born 1943)",(Swiss),(1943),NULL,(male),c.1985,"Colored pencil on print","22 7/8 x 37 1/4" (58.1 x 94.6 cm)","Gift of Banca del Gottardo",207.1987,Architecture,"Architecture & Design",1987-05-27,yes,259,https://www.moma.org/collection/works/259,https://www.moma.org/media/W1siZiIsIjUyNjcwMCJdLFsicCIsImNvbnZlcnQiLCItcmVzaXplIDEwMjR4MTAyNFx1MDAzZSJdXQ.jpg?sha=eba9444e25e284be,NULL,NULL,NULL,NULL,58.10,NULL,NULL,94.60,NULL,NULL
"Gotthard Bank, Lugano, Switzerland, West elevation","Mario Botta",696,"(Swiss, born 1943)",(Swiss),(1943),NULL,(male),1985,"Color pencil on print","11 3/4 x 54 1/2" (29.8 x 138.4 cm)","Gift of Banca del Gottardo",208.1987,Architecture,"Architecture & Design",1987-05-27,yes,260,https://www.moma.org/collection/works/260,https://www.moma.org/media/W1siZiIsIjUyNjcwMSJdLFsicCIsImNvbnZlcnQiLCItcmVzaXplIDEwMjR4MTAyNFx1MDAzZSJdXQ.jpg?sha=d10f2c3dda56ff37,NULL,NULL,NULL,NULL,29.80,NULL,NULL,138.40,NULL,NULL
"Gotthard Bank, Lugano, Switzerland, Preliminary sketch","Mario Botta",696,"(Swiss, born 1943)",(Swiss),(1943),NULL,(male),Unknown,"Graphite on tracing paper","12 x 28" (30.5 x 71.1 cm)","Gift of Banca del Gottardo",209.1987,Architecture,"Architecture & Design",1987-05-27,yes,261,https://www.moma.org/collection/works/261,https://www.moma.org/media/W1siZiIsIjM0MDkiXSxbInAiLCJjb252ZXJ0IiwiLXJlc2l6ZSAxMDI0eDEwMjRcdTAwM2UiXV0.jpg?sha=c8d9fa3decb70d28,NULL,NULL,NULL,NULL,30.50,NULL,NULL,71.10,NULL,NULL
"Gotthard Bank, Lugano, Switzerland (Preliminary sketch)","Mario Botta",696,"(Swiss, born 1943)",(Swiss),(1943),NULL,(male),1982–1986,"Graphite on tracing paper",".1: 12 x 10 3/4" (30.5 x 27.3 cm)
.2: 12 x 8 5/8"  (30.5 x 22 cm)","Gift of Banca del Gottardo",210.1987.1-2,Architecture,"Architecture & Design",1987-05-27,yes,262,https://www.moma.org/collection/works/262,https://www.moma.org/media/W1siZiIsIjM0MDkiXSxbInAiLCJjb252ZXJ0IiwiLXJlc2l6ZSAxMDI0eDEwMjRcdTAwM2UiXV0.jpg?sha=c8d9fa3decb70d28,NULL,NULL,NULL,NULL,30.50,NULL,NULL,27.30,NULL,NULL
"Gotthard Bank, Lugano, Switzerland (Preliminary sketch)","Mario Botta",696,"(Swiss, born 1943)",(Swiss),(1943),NULL,(male),1982-86,"Graphite on tracing paper","12 x 18 1/2" (30.5 x 47 cm)","Gift of Banca del Gottardo",211.1987,Architecture,"Architecture & Design",1987-05-27,yes,263,https://www.moma.org/collection/works/263,https://www.moma.org/media/W1siZiIsIjM0MDkiXSxbInAiLCJjb252ZXJ0IiwiLXJlc2l6ZSAxMDI0eDEwMjRcdTAwM2UiXV0.jpg?sha=c8d9fa3decb70d28,NULL,NULL,NULL,NULL,30.50,NULL,NULL,47.00,NULL,NULL
"Dymaxion Dwelling Machine project, Wichita House (Study for air circulation: floor plan)","R. Buckminster Fuller",2030,"(American, 1895–1983)",(American),(1895),(1983),(male),1945,"Graphite on paper","22 x 34" (55.9 x 86.4 cm)","Gift of The Gilman Foundation, Inc.",212.1978,Architecture,"Architecture & Design",1978-02-27,yes,264,https://www.moma.org/collection/works/264,https://www.moma.org/media/W1siZiIsIjUyMDI5NiJdLFsicCIsImNvbnZlcnQiLCItcmVzaXplIDEwMjR4MTAyNFx1MDAzZSJdXQ.jpg?sha=d2a599eae9114dfb,NULL,NULL,NULL,NULL,55.90,NULL,NULL,86.40,NULL,NULL
"Cultural Center, Chambéry, France, East elevation","Mario Botta",696,"(Swiss, born 1943)",(Swiss),(1943),NULL,(male),Unknown,"Colored pencil on print","18 x 43 1/4" (45.7 x 109.9 cm)","Gift of the architect",212.1987,Architecture,"Architecture & Design",1987-05-27,yes,265,https://www.moma.org/collection/works/265,https://www.moma.org/media/W1siZiIsIjUyNjcwMiJdLFsicCIsImNvbnZlcnQiLCItcmVzaXplIDEwMjR4MTAyNFx1MDAzZSJdXQ.jpg?sha=18cd160b306ef3f9,NULL,NULL,NULL,NULL,45.70,NULL,NULL,109.90,NULL,NULL
"Dymaxion Dwelling Machine project, Wichita House (Study for air circulation: plan and sections)","R. Buckminster Fuller",2030,"(American, 1895–1983)",(American),(1895),(1983),(male),1945,"Graphite on paper","26 1/4 x 35 1/2" (66.7 x 90.2 cm)","Gift of The Gilman Foundation, Inc.",213.1978,Architecture,"Architecture & Design",1978-02-27,yes,266,https://www.moma.org/collection/works/266,https://www.moma.org/media/W1siZiIsIjUyMDI5NyJdLFsicCIsImNvbnZlcnQiLCItcmVzaXplIDEwMjR4MTAyNFx1MDAzZSJdXQ.jpg?sha=d844bb1a0aa77c28,NULL,NULL,NULL,NULL,66.70,NULL,NULL,90.20,NULL,NULL
"Cultural Center, Chambéry, France, North elevation","Mario Botta",696,"(Swiss, born 1943)",(Swiss),(1943),NULL,(male),Unknown,"Colored pencil on print","18 x 43 1/4" (45.7 x 109.9 cm)","Gift of the architect",213.1987,Architecture,"Architecture & Design",1987-05-27,yes,267,https://www.moma.org/collection/works/267,https://www.moma.org/media/W1siZiIsIjUyNjcwMyJdLFsicCIsImNvbnZlcnQiLCItcmVzaXplIDEwMjR4MTAyNFx1MDAzZSJdXQ.jpg?sha=b3c2a58e58284b29,NULL,NULL,NULL,NULL,45.70,NULL,NULL,109.90,NULL,NULL
"Cultural Center, Chambéry, France, West elevation","Mario Botta",696,"(Swiss, born 1943)",(Swiss),(1943),NULL,(male),Unknown,"Colored pencil on print","18 x 43 1/4" (45.7 x 109.9 cm)","Gift of the architect",214.1987,Architecture,"Architecture & Design",1987-05-27,yes,268,https://www.moma.org/collection/works/268,https://www.moma.org/media/W1siZiIsIjUyNjcwNCJdLFsicCIsImNvbnZlcnQiLCItcmVzaXplIDEwMjR4MTAyNFx1MDAzZSJdXQ.jpg?sha=886390b33a98eb31,NULL,NULL,NULL,NULL,45.70,NULL,NULL,109.90,NULL,NULL
"Cultural Center, Chambéry, France, South elevation","Mario Botta",696,"(Swiss, born 1943)",(Swiss),(1943),NULL,(male),1982-86,"Colored pencil and graphite on print","18 x 43 1/4" (45.7 x 109.9 cm)","Gift of the architect",215.1987,Architecture,"Architecture & Design",1987-05-27,yes,269,https://www.moma.org/collection/works/269,https://www.moma.org/media/W1siZiIsIjUyNjcwNSJdLFsicCIsImNvbnZlcnQiLCItcmVzaXplIDEwMjR4MTAyNFx1MDAzZSJdXQ.jpg?sha=71e5eca9611fa856,NULL,NULL,NULL,NULL,45.70,NULL,NULL,109.90,NULL,NULL
"Urban Housing, Turin, Italy, Site plan","Mario Botta",696,"(Swiss, born 1943)",(Swiss),(1943),NULL,(male),1985.,"Colored pencil on print","41 x 47 1/4" (104.1 x 120 cm)","Gift of the architect",216.1987,Architecture,"Architecture & Design",1987-05-27,yes,270,https://www.moma.org/collection/works/270,https://www.moma.org/media/W1siZiIsIjUyNjcwNiJdLFsicCIsImNvbnZlcnQiLCItcmVzaXplIDEwMjR4MTAyNFx1MDAzZSJdXQ.jpg?sha=e141d587321dec14,NULL,NULL,NULL,NULL,104.10,NULL,NULL,120.00,NULL,NULL
"Row Housing, Pregassona, Switzerland, Elevation","Mario Botta",696,"(Swiss, born 1943)",(Swiss),(1943),NULL,(male),1985,"Colored pencil on print","20 3/4 x 53 1/4" (52.7 x 135.3 cm)","Gift of the architect",217.1987.1,Architecture,"Architecture & Design",1987-05-27,yes,271,https://www.moma.org/collection/works/271,https://www.moma.org/media/W1siZiIsIjUyNjcwNyJdLFsicCIsImNvbnZlcnQiLCItcmVzaXplIDEwMjR4MTAyNFx1MDAzZSJdXQ.jpg?sha=f91a03ecdf88de1a,NULL,NULL,NULL,NULL,52.70,NULL,NULL,135.30,NULL,NULL
"Row Housing, project, Pregassona, Switzerland, Elevation","Mario Botta",696,"(Swiss, born 1943)",(Swiss),(1943),NULL,(male),1985,"Color pencil and graphite on diazotype","20 3/4 x 53 1/4" (52.7 x 135.3 cm)","Gift of the architect",218.1987.1,Architecture,"Architecture & Design",1987-05-27,yes,272,https://www.moma.org/collection/works/272,https://www.moma.org/media/W1siZiIsIjUyNjcwOCJdLFsicCIsImNvbnZlcnQiLCItcmVzaXplIDEwMjR4MTAyNFx1MDAzZSJdXQ.jpg?sha=c886d8eeb862c3bb,NULL,NULL,NULL,NULL,52.70,NULL,NULL,135.30,NULL,NULL
"House, Morbio Inferiore, Switzerland, Elevation","Mario Botta",696,"(Swiss, born 1943)",(Swiss),(1943),NULL,(male),1986.,"Colored pencil on print","36 1/2 x 58 1/8" (92.7 x 147.6 cm)","Gift of the architect",219.1987.1,Architecture,"Architecture & Design",1987-05-27,yes,273,https://www.moma.org/collection/works/273,https://www.moma.org/media/W1siZiIsIjUyNjcwOSJdLFsicCIsImNvbnZlcnQiLCItcmVzaXplIDEwMjR4MTAyNFx1MDAzZSJdXQ.jpg?sha=64c339f549e7eef4,NULL,NULL,NULL,NULL,92.70,NULL,NULL,147.60,NULL,NULL
"House, Breganzona, Switzerland, Elevation","Mario Botta",696,"(Swiss, born 1943)",(Swiss),(1943),NULL,(male),1984,"Colored pencil on print","46 3/8 x 58 1/2" (117.8 x 148.6 cm)","Gift of the architect",220.1987,Architecture,"Architecture & Design",1987-05-27,yes,274,https://www.moma.org/collection/works/274,https://www.moma.org/media/W1siZiIsIjIxMDc0MiJdLFsicCIsImNvbnZlcnQiLCItcmVzaXplIDEwMjR4MTAyNFx1MDAzZSJdXQ.jpg?sha=7933ec0d3df56187,NULL,NULL,NULL,NULL,117.80,NULL,NULL,148.60,NULL,NULL
"Gallery, Tokyo, Japan, Elevation","Mario Botta",696,"(Swiss, born 1943)",(Swiss),(1943),NULL,(male),1985.,"Colored pencil on print","24 7/8 x 25" (63.2 x 63.5 cm)","Gift of the architect",221.1987,Architecture,"Architecture & Design",1987-05-27,yes,275,https://www.moma.org/collection/works/275,https://www.moma.org/media/W1siZiIsIjUyNjcxMCJdLFsicCIsImNvbnZlcnQiLCItcmVzaXplIDEwMjR4MTAyNFx1MDAzZSJdXQ.jpg?sha=d008b3f1102dbdb3,NULL,NULL,NULL,NULL,63.20,NULL,NULL,63.50,NULL,NULL
"Thyssen-Bornemisza Gallery, Lugano, Switzerland, Elevation","Mario Botta",696,"(Swiss, born 1943)",(Swiss),(1943),NULL,(male),1986,"Colored pencil on print","23 1/2 x 43 1/4" (59.7 x 109.9 cm)","Gift of the architect",222.1987,Architecture,"Architecture & Design",1987-05-27,yes,276,https://www.moma.org/collection/works/276,https://www.moma.org/media/W1siZiIsIjUyNjcxMSJdLFsicCIsImNvbnZlcnQiLCItcmVzaXplIDEwMjR4MTAyNFx1MDAzZSJdXQ.jpg?sha=2e2c139f995e092d,NULL,NULL,NULL,NULL,59.70,NULL,NULL,109.90,NULL,NULL
"Urban Housing, Turin, Italy, Plan","Mario Botta",696,"(Swiss, born 1943)",(Swiss),(1943),NULL,(male),1985,"Colored pencil on print","16 3/8 x 15 1/4" (41.6 x 38.7 cm)","Gift of the architect",223.1987,Architecture,"Architecture & Design",1987-05-27,yes,277,https://www.moma.org/collection/works/277,https://www.moma.org/media/W1siZiIsIjUyNjcxMiJdLFsicCIsImNvbnZlcnQiLCItcmVzaXplIDEwMjR4MTAyNFx1MDAzZSJdXQ.jpg?sha=47add424381ce9c1,NULL,NULL,NULL,NULL,41.60,NULL,NULL,38.70,NULL,NULL
"Urban Housing, Turin, Italy (Plan)","Mario Botta",696,"(Swiss, born 1943)",(Swiss),(1943),NULL,(male),1985,"Colored pencil on print","16 3/8 x 15 1/4" (41.6 x 38.7 cm)","Gift of Mario Botta",224.1987,Architecture,"Architecture & Design",1987-05-27,yes,278,https://www.moma.org/collection/works/278,NULL,NULL,NULL,NULL,NULL,41.59,NULL,NULL,38.74,NULL,NULL
"Urban Housing, Turin, Italy (Plan)","Mario Botta",696,"(Swiss, born 1943)",(Swiss),(1943),NULL,(male),1985,"Colored pencil on print","16 3/8 x 15 1/4" (41.6 x 38.7 cm)","Gift of Mario Botta",225.1987,Architecture,"Architecture & Design",1987-05-27,yes,279,https://www.moma.org/collection/works/279,NULL,NULL,NULL,NULL,NULL,41.59,NULL,NULL,38.74,NULL,NULL
"Library, Villeurbanne, France, Principal-facade elevation","Mario Botta",696,"(Swiss, born 1943)",(Swiss),(1943),NULL,(male),1984,"Colored pencil on print","30 3/8 x 46 1/2" (77.2 x 118.1 cm)","Gift of the architect",226.1987,Architecture,"Architecture & Design",1987-05-27,yes,280,https://www.moma.org/collection/works/280,https://www.moma.org/media/W1siZiIsIjUyNjcxMyJdLFsicCIsImNvbnZlcnQiLCItcmVzaXplIDEwMjR4MTAyNFx1MDAzZSJdXQ.jpg?sha=74bc63f46e4a3ecc,NULL,NULL,NULL,NULL,77.20,NULL,NULL,118.10,NULL,NULL
"Library, Villeurbanne, France, Interior rear elevation","Mario Botta",696,"(Swiss, born 1943)",(Swiss),(1943),NULL,(male),1984,"Colored pencil on print","30 3/8 x 46 1/2" (77.2 x 118.1 cm)","Gift of the architect",227.1987,Architecture,"Architecture & Design",1987-05-27,yes,281,https://www.moma.org/collection/works/281,https://www.moma.org/media/W1siZiIsIjUyNjcxNCJdLFsicCIsImNvbnZlcnQiLCItcmVzaXplIDEwMjR4MTAyNFx1MDAzZSJdXQ.jpg?sha=0fb7f897b92469c1,NULL,NULL,NULL,NULL,77.20,NULL,NULL,118.10,NULL,NULL
"Millard House (La Miniatura), Pasadena, California (Exterior perspective from the garden)","Frank Lloyd Wright",6459,"(American, 1867–1959)",(American),(1867),(1959),(male),1923–1924,"Colored pencil and graphite on paper","20 3/4 x 19 5/8" (52.7 x 49.8 cm)","Gift of Mr. and Mrs. Walter Hochschild",240.1981,Architecture,"Architecture & Design",1981-04-30,yes,282,https://www.moma.org/collection/works/282,https://www.moma.org/media/W1siZiIsIjUyMDg3MSJdLFsicCIsImNvbnZlcnQiLCItcmVzaXplIDEwMjR4MTAyNFx1MDAzZSJdXQ.jpg?sha=3f004205d934e616,NULL,NULL,NULL,NULL,52.71,NULL,NULL,49.85,NULL,NULL
"Project for a Piece of Furniture","Alessandro Mendini",3925,"(Italian, born 1931)",(Italian),(1931),NULL,(male),1974,"Color pencil on board","20 x 14 1/4" (50.8 x 36.2 cm)","Zaidee Dufallo Fund and Greta Daniel Fund",241.1975.1-3,Architecture,"Architecture & Design",1975-03-31,yes,283,https://www.moma.org/collection/works/283,https://www.moma.org/media/W1siZiIsIjUyMDE2NiJdLFsicCIsImNvbnZlcnQiLCItcmVzaXplIDEwMjR4MTAyNFx1MDAzZSJdXQ.jpg?sha=d484698d23a7116d,NULL,NULL,NULL,NULL,50.80,NULL,NULL,36.20,NULL,NULL
"La Miniatura, Mrs. George Madison Millard House, Pasadena, California, Plan of first floor","Frank Lloyd Wright",6459,"(American, 1867–1959)",(American),(1867),(1959),(male),1923,"Graphite on gampi paper","13 x 11 5/8" (33 x 29.5 cm)","Gift of Mr. and Mrs. Walter Hochschild",241.1981,Architecture,"Architecture & Design",1981-04-30,yes,284,https://www.moma.org/collection/works/284,https://www.moma.org/media/W1siZiIsIjUyMDg3MiJdLFsicCIsImNvbnZlcnQiLCItcmVzaXplIDEwMjR4MTAyNFx1MDAzZSJdXQ.jpg?sha=175e0ef759498c9e,NULL,NULL,NULL,NULL,33.00,NULL,NULL,29.50,NULL,NULL
"La Miniatura, Mrs. George Madison Millard House, Pasadena, California, Plan of main floor","Frank Lloyd Wright",6459,"(American, 1867–1959)",(American),(1867),(1959),(male),1923,"Graphite on gampi paper","13 x 11 5/8" (33 x 29.5 cm)","Gift of Mr. and Mrs. Walter Hochschild",242.1981,Architecture,"Architecture & Design",1981-04-30,yes,285,https://www.moma.org/collection/works/285,https://www.moma.org/media/W1siZiIsIjUyMDg3MyJdLFsicCIsImNvbnZlcnQiLCItcmVzaXplIDEwMjR4MTAyNFx1MDAzZSJdXQ.jpg?sha=e75da84a70edb5e6,NULL,NULL,NULL,NULL,33.00,NULL,NULL,29.50,NULL,NULL
"Ibirapuera Park, Quadricentennial Gardens, project, São Paulo, Brazil (Plan, detail five)","Roberto Burle Marx",6934,"(Brazilian, 1909–1994)",(Brazilian),(1909),(1994),(male),1953,"Gouache on board","43 x 52 1/8" (109.2 x 132.4 cm)","Inter-American Fund",243.1954,Architecture,"Architecture & Design",1954-06-16,yes,286,https://www.moma.org/collection/works/286,https://www.moma.org/media/W1siZiIsIjI4Njk2NyJdLFsicCIsImNvbnZlcnQiLCItcmVzaXplIDEwMjR4MTAyNFx1MDAzZSJdXQ.jpg?sha=cae9b5689967025b,NULL,NULL,NULL,NULL,109.20,NULL,NULL,132.40,NULL,NULL
"Floor plan for the exhibition "Bauhaus 1919-1928," The Museum of Modern Art, New York, December 7, 1938-January 30, 1939","Herbert Bayer",399,"(American, born Austria. 1900–1985)",(American),(1900),(1985),(male),1938,"Ink, gouache, and cut-and-pasted coated papers","20 3/16 x 17 13/16" (51.3 x 45.2 cm)",Purchase,252.1986,Architecture,"Architecture & Design",1986-10-07,yes,287,https://www.moma.org/collection/works/287,https://www.moma.org/media/W1siZiIsIjUyNjcyNyJdLFsicCIsImNvbnZlcnQiLCItcmVzaXplIDEwMjR4MTAyNFx1MDAzZSJdXQ.jpg?sha=76245560497bac0e,NULL,NULL,NULL,NULL,51.30,NULL,NULL,45.20,NULL,NULL
"White Monuments with Red Flag Curtains, project, Perspective","Leon Krier",3250,"(Luxembourger, born 1946)",(Luxembourger),(1946),NULL,(male),1974,"Pen on paper","5 7/16 x 8 1/4" (13.8 x 21 cm)","Architecture and Design Interest Fund",253.1986,Architecture,"Architecture & Design",1986-10-07,yes,288,https://www.moma.org/collection/works/288,https://www.moma.org/media/W1siZiIsIjUyNjcyOCJdLFsicCIsImNvbnZlcnQiLCItcmVzaXplIDEwMjR4MTAyNFx1MDAzZSJdXQ.jpg?sha=defcdea770881cdc,NULL,NULL,NULL,NULL,13.80,NULL,NULL,21.00,NULL,NULL
"Silk Administration Building project, Krefeld, Germany (Perspective)","Ludwig Mies van der Rohe",7166,"(American, born Germany. 1886–1969)",(American),(1886),(1969),(male),1938,"Pencil on illustration board","28 5/8 x 40 1/8" (72.7 x 101.9 cm)",Purchase,254.1986,Architecture,"Architecture & Design",1986-10-07,yes,289,https://www.moma.org/collection/works/289,NULL,NULL,NULL,NULL,NULL,72.71,NULL,NULL,101.92,NULL,NULL
"Silk Administration Building project, Krefeld, Germany (Perspective of front elevation)","Ludwig Mies van der Rohe",7166,"(American, born Germany. 1886–1969)",(American),(1886),(1969),(male),1938,"Pencil on illustration board","28 5/8 x 40 1/8" (72.7 x 101.9 cm)",Purchase,255.1986,Architecture,"Architecture & Design",1986-10-07,yes,290,https://www.moma.org/collection/works/290,NULL,NULL,NULL,NULL,NULL,72.71,NULL,NULL,101.92,NULL,NULL
"Silk Administration Building, project, Krefeld, Germany (Perspective of rear elevation)","Ludwig Mies van der Rohe",7166,"(American, born Germany. 1886–1969)",(American),(1886),(1969),(male),1938,"Pencil on illustration board","28 5/8 x 40 1/8" (72.7 x 101.9 cm)",Purchase,256.1986,Architecture,"Architecture & Design",1986-10-07,yes,291,https://www.moma.org/collection/works/291,NULL,NULL,NULL,NULL,NULL,72.71,NULL,NULL,101.92,NULL,NULL
"Silk Administration Building project, Krefeld, Germany (Interior perspective of entrance hall)","Ludwig Mies van der Rohe",7166,"(American, born Germany. 1886–1969)",(American),(1886),(1969),(male),1938,"Pencil on illustration board","28 5/8 x 40 1/8" (72.7 x 109.9 cm)",Purchase,257.1986,Architecture,"Architecture & Design",1986-10-07,yes,292,https://www.moma.org/collection/works/292,NULL,NULL,NULL,NULL,NULL,72.70,NULL,NULL,109.90,NULL,NULL
"Silk Administration Building project, Krefeld, Germany (Elevation)","Ludwig Mies van der Rohe",7166,"(American, born Germany. 1886–1969)",(American),(1886),(1969),(male),1938,"Pencil on illustration board","28 5/8 x 40 1/8" (72.7 x 109.9 cm)",Purchase,258.1986,Architecture,"Architecture & Design",1986-10-07,yes,293,https://www.moma.org/collection/works/293,NULL,NULL,NULL,NULL,NULL,72.70,NULL,NULL,109.90,NULL,NULL
"Resor House Project, Jackson Hole, Wyoming, 588 sketches","Ludwig Mies van der Rohe",7166,"(American, born Germany. 1886–1969)",(American),(1886),(1969),(male),1938,"Graphite on tracing paper","8 1/2 x 13" (20.3 x 33 cm)","Mies van der Rohe Archive, gift of the architect",265.1979,"Mies van der Rohe Archive","Architecture & Design",1979-05-30,no,294,NULL,NULL,NULL,NULL,NULL,NULL,20.30,NULL,NULL,33.00,NULL,NULL
"Micromegas Project, Time Sections","Daniel Libeskind",7527,"(American, born Poland 1946)",(American),(1946),NULL,(male),1979,"Silkscreen on paper","26 x 36 1/8" (66 x 91.8 cm)","Robert K. and Barbara J. Straus Family Foundation, Inc.",271.1999,Architecture,"Architecture & Design",1999-06-30,yes,295,https://www.moma.org/collection/works/295,https://www.moma.org/media/W1siZiIsIjUyODUyMSJdLFsicCIsImNvbnZlcnQiLCItcmVzaXplIDEwMjR4MTAyNFx1MDAzZSJdXQ.jpg?sha=51f6beec352eab55,NULL,NULL,NULL,NULL,66.04,NULL,NULL,91.76,NULL,NULL
"Sixth Street House project, Santa Monica, California, Sixth Street: Figure 2","Thom Mayne, Andrew Zago","8218, 22884","(American, born 1944) (American, born 1958)","(American) (American)","(1944) (1958)",NULL,"(male) (male)",1987,"Serigraph with metal foil on paper","40 x 30" (101.6 x 76.2 cm)","Given anonymously",272.1999.1,Architecture,"Architecture & Design",1999-06-30,yes,296,https://www.moma.org/collection/works/296,https://www.moma.org/media/W1siZiIsIjUyODUyMiJdLFsicCIsImNvbnZlcnQiLCItcmVzaXplIDEwMjR4MTAyNFx1MDAzZSJdXQ.jpg?sha=0b3803138cf5c06d,NULL,NULL,NULL,NULL,101.60,NULL,NULL,76.20,NULL,NULL
"Sixth Street House project, Santa Monica, California","Thom Mayne, Andrew Zago","8218, 22884","(American, born 1944) (American, born 1958)","(American) (American)","(1944) (1958)",NULL,"(male) (male)",".1-3 1987; .4 1990","Serigraph with metal foil on paper",NULL,"Given anonymously",272.1999.1-4,Architecture,"Architecture & Design",1999-06-30,no,297,NULL,NULL,NULL,NULL,NULL,NULL,NULL,NULL,NULL,NULL,NULL,NULL
"Sixth Street House project, Santa Monica, California, Sixth Street: Figure 6","Thom Mayne, Andrew Zago","8218, 22884","(American, born 1944) (American, born 1958)","(American) (American)","(1944) (1958)",NULL,"(male) (male)",1987,"Serigraph with metal foil on paper","40 x 29 7/8" (101.6 x 75.9 cm)","Given anonymously",272.1999.2,Architecture,"Architecture & Design",1999-06-30,yes,298,https://www.moma.org/collection/works/298,https://www.moma.org/media/W1siZiIsIjUyODUyMyJdLFsicCIsImNvbnZlcnQiLCItcmVzaXplIDEwMjR4MTAyNFx1MDAzZSJdXQ.jpg?sha=aec4d9f363edcd27,NULL,NULL,NULL,NULL,101.60,NULL,NULL,75.90,NULL,NULL
"Sixth Street House project, Santa Monica, CA (Isometrics and plan)","Thom Mayne, Andrew Zago, Morphosis, Santa Monica, CA","8218, 22884, 29711","(American, born 1944) (American, born 1958) (founded 1972)","(American) (American) ()","(1944) (1958) (1972)","(0) (0) (0)","(male) (male) ()",1990,"Screenprint with metal foil on paper","40 x 30" (101.6 x 76.2 cm)","Given anonymously",272.1999.4,Architecture,"Architecture & Design",1999-06-30,yes,299,https://www.moma.org/collection/works/299,https://www.moma.org/media/W1siZiIsIjUyODUzNSJdLFsicCIsImNvbnZlcnQiLCItcmVzaXplIDEwMjR4MTAyNFx1MDAzZSJdXQ.jpg?sha=aacdb7bc224d90b9,NULL,NULL,NULL,NULL,101.60,NULL,NULL,76.20,NULL,NULL
"Boompjes Tower Slab, project, Rotterdam, The Netherlands, Perspective","Rem Koolhaas, Elia Zenghelis, Zoe Zenghelis, Madelon Vriesendorp","6956, 7558, 7559, 6957","(Dutch, born 1944) (British, born Greece 1937) (British, born Greece 1937) (Dutch, born 1945)","(Dutch) (British) (British) (Dutch)","(1944) (1937) (1937) (1945)","(0) (0) (0) (0)","(male) (male) (female) (female)",1981,"Watercolor and ink on paper","25 x 35" (63.5 x 88.9 cm)
","Andrew Cogan Purchase Fund",273.1999,Architecture,"Architecture & Design",1999-06-30,yes,300,https://www.moma.org/collection/works/300,https://www.moma.org/media/W1siZiIsIjUyODUzNiJdLFsicCIsImNvbnZlcnQiLCItcmVzaXplIDEwMjR4MTAyNFx1MDAzZSJdXQ.jpg?sha=145089ee8ea8a047,NULL,NULL,NULL,NULL,63.50,NULL,NULL,88.90,NULL,NULL
"Urban Architecture, project, Perspective","Aldo Rossi",7661,"(Italian, 1931–1997)",(Italian),(1931),(1997),(male),1976,"Oil pastel, ballpoint pen, ink, and felt-tip marker on paper with tape","14 1/8 x 10 1/8" (35.9 x 25.7 cm)","Barbara Jakobson Purchase Fund",274.1999,Architecture,"Architecture & Design",1999-06-30,yes,301,https://www.moma.org/collection/works/301,https://www.moma.org/media/W1siZiIsIjUyODUzNyJdLFsicCIsImNvbnZlcnQiLCItcmVzaXplIDEwMjR4MTAyNFx1MDAzZSJdXQ.jpg?sha=49da2805431cc9ed,NULL,NULL,NULL,NULL,35.90,NULL,NULL,25.70,NULL,NULL
"Kyle Residence, Houston, Texas, Plan and perspective","Joel Sanders",7566,"(American, born 1956)",(American),(1956),NULL,(male),1995,"Cut-and-pasted paper, cut-and-pasted pressure sensitive synthetic polymer sheets, and ink on drafting film over photo-electrostatic print","23 x 24" (58.4 x 61 cm)","Gift of the Peter Norton Family Foundation",275.1999,Architecture,"Architecture & Design",1999-06-30,yes,302,https://www.moma.org/collection/works/302,https://www.moma.org/media/W1siZiIsIjUyODUzOCJdLFsicCIsImNvbnZlcnQiLCItcmVzaXplIDEwMjR4MTAyNFx1MDAzZSJdXQ.jpg?sha=af3a7e6396698f41,NULL,NULL,NULL,NULL,58.40,NULL,NULL,61.00,NULL,NULL
"Kyle Residence, Houston, Texas, Plan","Joel Sanders",7566,"(American, born 1956)",(American),(1956),NULL,(male),1995,"Cut-and-pasted paper, cut-and-pasted pressure sensitive synthetic polymer sheets, and ink on drafting film over photo-electrostatic print","11 x 12" (28 x 30.5 cm)","Gift of the Peter Norton Family Foundation",276.1999,Architecture,"Architecture & Design",1999-06-30,yes,303,https://www.moma.org/collection/works/303,https://www.moma.org/media/W1siZiIsIjUyODUzOSJdLFsicCIsImNvbnZlcnQiLCItcmVzaXplIDEwMjR4MTAyNFx1MDAzZSJdXQ.jpg?sha=d21de4b0be284110,NULL,NULL,NULL,NULL,28.00,NULL,NULL,30.50,NULL,NULL
"American Gas Station Project, Ithaca, New York, Perspective","Massimo Scolari",8125,"(Italian, born 1943)",(Italian),(1943),NULL,(male),1975,Etching,"12 1/2 x 10 1/16" (31.8 x 25.6 cm)","Robert K. and Barbara J. Straus Family Foundation",277.1999,Architecture,"Architecture & Design",1999-06-30,yes,304,https://www.moma.org/collection/works/304,https://www.moma.org/media/W1siZiIsIjUyODU0MCJdLFsicCIsImNvbnZlcnQiLCItcmVzaXplIDEwMjR4MTAyNFx1MDAzZSJdXQ.jpg?sha=9fb80211ff553b33,NULL,NULL,NULL,NULL,31.75,NULL,NULL,25.56,NULL,NULL
"St. Mark's Tower project, New York, NY (Aerial perspective)","Frank Lloyd Wright",6459,"(American, 1867–1959)",(American),(1867),(1959),(male),1927–1931,"Pencil and color pencil on tracing paper","23 3/4 x 15" (60.3 x 38.1 cm)","Jeffrey P. Klein Purchase Fund, Barbara Pine Purchase Fund, and Frederieke Taylor Purchase Fund",278.1999,Architecture,"Architecture & Design",1999-06-30,yes,305,https://www.moma.org/collection/works/305,https://www.moma.org/media/W1siZiIsIjUyODU0MSJdLFsicCIsImNvbnZlcnQiLCItcmVzaXplIDEwMjR4MTAyNFx1MDAzZSJdXQ.jpg?sha=bec7a25fc0ff4290,NULL,NULL,NULL,NULL,60.33,NULL,NULL,38.10,NULL,NULL
"Unity Temple, Oak Park, IL (Exterior perspective and partial plan)","Frank Lloyd Wright",6459,"(American, 1867–1959)",(American),(1867),(1959),(male),"c. 1929-30","Ink and graphite on paper","23 1/4 x 34 7/8" (59.1 x 88.6 cm)","Gift of Patricia Phelps de Cisneros, The Lauder Foundation, Leonard and Evelyn Lauder Fund, and Victoria Newhouse Purchase Fund",279.1999,Architecture,"Architecture & Design",1999-06-30,yes,306,https://www.moma.org/collection/works/306,https://www.moma.org/media/W1siZiIsIjUyODU0MiJdLFsicCIsImNvbnZlcnQiLCItcmVzaXplIDEwMjR4MTAyNFx1MDAzZSJdXQ.jpg?sha=543e262e6143f9de,NULL,NULL,NULL,NULL,59.06,NULL,NULL,88.58,NULL,NULL
"Transplantation I, Perspective and plan","Raimund Abraham",47,"(American, born Austria. 1933–2010)",(American),(1933),(2010),(male),1964,".a: Pen and ink
.b: Collage",".a:  5 5/8 x 7" (14.3 x 17.8 cm)
.b: 4 1/2 x 7" (11.4 x 17.8 cm)","Philip Johnson Fund",281.1965.a-b,Architecture,"Architecture & Design",1965-04-06,yes,307,https://www.moma.org/collection/works/307,https://www.moma.org/media/W1siZiIsIjUxOTI0MiJdLFsicCIsImNvbnZlcnQiLCItcmVzaXplIDEwMjR4MTAyNFx1MDAzZSJdXQ.jpg?sha=76d6ac6a8a609142,NULL,NULL,NULL,NULL,14.30,NULL,NULL,17.80,NULL,NULL
"Linear City Project, Perspective","Raimund Abraham",47,"(American, born Austria. 1933–2010)",(American),(1933),(2010),(male),1964,".1: Ink and graphite on paper
.2: Ink and graphite on paper",".1: 17 1/2 x 24 3/4" (44.5 x 62.9 cm) 
.2: 8 1/4 x 15 1/2" (21 x 39.4 cm)","Philip Johnson Fund",282.1965.1-2,Architecture,"Architecture & Design",1965-04-06,yes,308,https://www.moma.org/collection/works/308,https://www.moma.org/media/W1siZiIsIjUxOTI0MyJdLFsicCIsImNvbnZlcnQiLCItcmVzaXplIDEwMjR4MTAyNFx1MDAzZSJdXQ.jpg?sha=6afc8e0261b93041,NULL,NULL,NULL,NULL,21.00,NULL,NULL,39.40,NULL,NULL
"Floating Compression Column,","Kenneth Snelson",5498,"(American, 1927–2016)",(American),(1927),(2016),(male),1959,"Aluminum and stainless steel","10'6" (320 cm)","Gift of the architect",283.1965,Architecture,"Architecture & Design",1965-04-06,yes,309,https://www.moma.org/collection/works/309,NULL,NULL,NULL,NULL,NULL,320.00,NULL,NULL,NULL,NULL,NULL
"Woodland Chapel, Woodland Cemetery, Stockholm, Sweden, Side elevation","Erik Gunnar Asplund",27,"(Swedish, 1885–1940)",(Swedish),(1885),(1940),(male),"c. 1918-20","Graphite and crayon on tracing paper","8 1/4 x 10 1/2" (21 x 26.7 cm)","Marshall Cogan Purchase Fund",307.1984,Architecture,"Architecture & Design",1984-10-30,yes,318,https://www.moma.org/collection/works/318,NULL,NULL,NULL,NULL,NULL,20.96,NULL,NULL,26.67,NULL,NULL
"Woodland Chapel, Woodland Cemetery, Stockholm, Sweden, Front perspective, sketch","Erik Gunnar Asplund, Sigurd Lewerentz","27, 24452","(Swedish, 1885–1940) (Swedish)","(Swedish) (Swedish)","(1885) (0)","(1940) (0)","(male) (male)",c.1918-1920,"Graphite, crayon, and color crayon on tracing paper","8 1/4 x 10 1/2" (21 x 26.7 cm)","Marshall Cogan Purchase Fund",308.1984,Architecture,"Architecture & Design",1984-10-30,yes,319,https://www.moma.org/collection/works/319,NULL,NULL,NULL,NULL,NULL,21.00,NULL,NULL,26.70,NULL,NULL
"Palace of Italian Civilization, Rome, Italy, Exterior perspective, preliminary version, Il Palazzo della Civiltà Italiana, Cité EUR, Rome, Italy, Preliminary version: perspective","Ernesto Bruno La Padula, Giovanni Guerrini, Mario Romano","3381, 8157, 8158","(Italian, 1902–1968) (Italian, 1887–1972) (Italian)","(Italian) (Italian) (Italian)","(1902) (1887) (0)","(1968) (1972) (0)","(male) (male) (male)",1939,"Tempera on wood","35 7/16 x 35 3/8" (90 x 89.9 cm)",Purchase,309.1984,Architecture,"Architecture & Design",1984-10-30,yes,320,https://www.moma.org/collection/works/320,NULL,NULL,NULL,NULL,NULL,90.00,NULL,NULL,89.90,NULL,NULL
"Roma Interrota, project, Campidoglio, Rome, Italy, Perspective","Leon Krier",3250,"(Luxembourger, born 1946)",(Luxembourger),(1946),NULL,(male),1977,"Pen, ink, and cut-and-pasted printed paper on paper","16 7/8 x 24 1/2" (42.8 x 62.2 cm)","Marshall Cogan Purchase Fund",310.1984,Architecture,"Architecture & Design",1984-10-30,yes,321,https://www.moma.org/collection/works/321,NULL,NULL,NULL,NULL,NULL,42.80,NULL,NULL,62.20,NULL,NULL
"Hypostyle House project (Axonometric)","Leon Krier",3250,"(Luxembourger, born 1946)",(Luxembourger),(1946),NULL,(male),1977,"Ink on paper","8 7/8 x 11" (22.5 x 28 cm)","Marshall Cogan Purchase Fund",311.1984,Architecture,"Architecture & Design",1984-10-30,yes,322,https://www.moma.org/collection/works/322,NULL,NULL,NULL,NULL,NULL,22.50,NULL,NULL,28.00,NULL,NULL
"Belvedere, Berlin-Tegel, Germany","Leon Krier",3250,"(Luxembourger, born 1946)",(Luxembourger),(1946),NULL,(male),1980,"Ink on paper","14 1/2 x 9 1/4" (36.8 x 23.5 cm)","Marshall Cogan Purchase Fund",312.1984,Architecture,"Architecture & Design",1984-10-30,yes,323,https://www.moma.org/collection/works/323,NULL,NULL,NULL,NULL,NULL,36.80,NULL,NULL,23.50,NULL,NULL
"The Atheneum, New Harmony, Indiana, Axonometric","Richard Meier",3910,"(American, born 1934)",(American),(1934),NULL,(male),c.1976,"Graphite on tracing paper","21 1/4 x 21" (54 x 53.3 cm)","Gift of the architect",313.1984,Architecture,"Architecture & Design",1984-10-30,yes,324,https://www.moma.org/collection/works/324,NULL,NULL,NULL,NULL,NULL,53.98,NULL,NULL,53.34,NULL,NULL
"The Atheneum, New Harmony, Indiana, Elevation","Richard Meier",3910,"(American, born 1934)",(American),(1934),NULL,(male),1976,"Graphite on tracing paper","11 1/8 x 25 3/4" (28.3 x 65.4 cm)","Gift of the architect",314.1984,Architecture,"Architecture & Design",1984-10-30,yes,325,https://www.moma.org/collection/works/325,NULL,NULL,NULL,NULL,NULL,28.26,NULL,NULL,65.41,NULL,NULL
"The Atheneum, New Harmony, Indiana, Perspective","Richard Meier",3910,"(American, born 1934)",(American),(1934),NULL,(male),c.1976,"Graphite on paper","15 x 15" (38.1 x 38.1 cm)","Gift of the architect",315.1984,Architecture,"Architecture & Design",1984-10-30,yes,326,https://www.moma.org/collection/works/326,NULL,NULL,NULL,NULL,NULL,38.10,NULL,NULL,38.10,NULL,NULL
"The Atheneum, New Harmony, Indiana, Plan, preliminary study","Richard Meier",3910,"(American, born 1934)",(American),(1934),NULL,(male),1975,"Graphite on tracing paper","16 5/8 x 12 3/16" (42.2 x 31 cm)","Gift of the architect",316.1984,Architecture,"Architecture & Design",1984-10-30,yes,327,https://www.moma.org/collection/works/327,NULL,NULL,NULL,NULL,NULL,42.23,NULL,NULL,30.96,NULL,NULL
"The Atheneum, New Harmony, Indiana, Site plan, study","Richard Meier",3910,"(American, born 1934)",(American),(1934),NULL,(male),c.1976,"Graphite on tracing paper","24 x 21 1/8" (61 x 53.7 cm)","Gift of the architect",317.1984,Architecture,"Architecture & Design",1984-10-30,yes,328,https://www.moma.org/collection/works/328,NULL,NULL,NULL,NULL,NULL,60.96,NULL,NULL,53.66,NULL,NULL
"The Atheneum, New Harmony, Indiana, Site plan, study","Richard Meier",3910,"(American, born 1934)",(American),(1934),NULL,(male),1979,"Graphite on tracing paper","21 3/4 x 18" (55.2 x 45.7 cm)","Gift of the architect",318.1984,Architecture,"Architecture & Design",1984-10-30,yes,329,https://www.moma.org/collection/works/329,NULL,NULL,NULL,NULL,NULL,55.25,NULL,NULL,45.72,NULL,NULL
"The Atheneum, New Harmony, Indiana, Site plan, study","Richard Meier",3910,"(American, born 1934)",(American),(1934),NULL,(male),1975-79,"Graphite on tracing paper","27 5/8 x 17 7/8" (70.2 x 45.4 cm)","Gift of the architect",319.1984,Architecture,"Architecture & Design",1984-10-30,yes,330,https://www.moma.org/collection/works/330,NULL,NULL,NULL,NULL,NULL,70.17,NULL,NULL,45.40,NULL,NULL
"The Atheneum, New Harmony, IN (Plan, preliminary sketch)","Richard Meier",3910,"(American, born 1934)",(American),(1934),NULL,(male),1979,"Graphite on tracing paper","12 1/4 x 18 1/2" (31.1 x 47 cm)","Gift of the architect",320.1984,Architecture,"Architecture & Design",1984-10-30,yes,331,https://www.moma.org/collection/works/331,NULL,NULL,NULL,NULL,NULL,31.12,NULL,NULL,46.99,NULL,NULL
"Il Palazzo della Civiltà Italiana, Cité EUR, Rome, Italy","Ernesto Bruno La Padula, Giovanni Guerrini, Mario Romano","3381, 8157, 8158","(Italian, 1902–1968) (Italian, 1887–1972) (Italian)","(Italian) (Italian) (Italian)","(1902) (1887) (0)","(1968) (1972) (0)","(male) (male) (male)",1938,"Graphite on tracing paper","12 1/4 x 10 1/4" (31.1 x 26 cm)",Purchase,321.1984,Architecture,"Architecture & Design",1984-10-30,yes,332,https://www.moma.org/collection/works/332,NULL,NULL,NULL,NULL,NULL,31.10,NULL,NULL,26.00,NULL,NULL
"Il Palazzo della Civiltà Italiana, Cité EUR, Rome, Italy,","Ernesto Bruno La Padula, Giovanni Guerrini, Mario Romano","3381, 8157, 8158","(Italian, 1902–1968) (Italian, 1887–1972) (Italian)","(Italian) (Italian) (Italian)","(1902) (1887) (0)","(1968) (1972) (0)","(male) (male) (male)",1938,"Graphite on tracing paper","8 5/8 x 10 5/8" (21.9 x 27 cm)",Purchase,322.1984,Architecture,"Architecture & Design",1984-10-30,yes,333,https://www.moma.org/collection/works/333,NULL,NULL,NULL,NULL,NULL,21.91,NULL,NULL,26.99,NULL,NULL
"Il Palazzo della Civiltà Italiana, Cité EUR, Rome, Italy","Ernesto Bruno La Padula, Giovanni Guerrini, Mario Romano, Giovanni Guerrini, Mario Romano","3381, 8157, 8158","(Italian, 1902–1968) (Italian, 1887–1972) (Italian) (Italian, 1887–1972) (Italian)","(Italian) (Italian) (Italian)","(1902) (1887) (0)","(1968) (1972) (0)","(male) (male) (male)",1938,"Graphite on tracing paper","9 7/8 x 7 3/8" (25.1 x 18.7 cm)",Purchase,324.1984,Architecture,"Architecture & Design",1984-10-30,yes,334,https://www.moma.org/collection/works/334,NULL,NULL,NULL,NULL,NULL,25.10,NULL,NULL,18.70,NULL,NULL
"Jewish Museum Project, Judenplatz, Vienna, Austria  Project, Exterior perspective","Raimund Abraham",47,"(American, born Austria. 1933–2010)",(American),(1933),(2010),(male),1992,"Photocopy-transfer and acrylic","24 x 31 1/2" (61 x 80 cm) (sight)","Gift of the architect in honor of Philip Johnson",343.1996,Architecture,"Architecture & Design",1996-09-25,yes,335,https://www.moma.org/collection/works/335,https://www.moma.org/media/W1siZiIsIjUyNzU1NyJdLFsicCIsImNvbnZlcnQiLCItcmVzaXplIDEwMjR4MTAyNFx1MDAzZSJdXQ.jpg?sha=b53b2f3aa1133446,NULL,NULL,NULL,NULL,61.00,NULL,NULL,80.00,NULL,NULL
"Worldbridge Trade and Investment Center project, Baltimore, Maryland (Section, site plan)","Emilio Ambasz",141,"(Argentine, born 1943)",(Argentine),(1943),NULL,(male),1992,"Airbrush, watercolor and color pencil","24 x 31" (61 x 78.7 cm)","Gift of the architect in honor of Philip Johnson",344.1996,Architecture,"Architecture & Design",1996-09-25,yes,336,https://www.moma.org/collection/works/336,NULL,NULL,NULL,NULL,NULL,61.00,NULL,NULL,78.70,NULL,NULL
"Worldbridge Trade and Investment Center, project, Baltimore, Maryland, Site plan","Emilio Ambasz",141,"(Argentine, born 1943)",(Argentine),(1943),NULL,(male),1992,"Airbrush, watercolor, and color pencil on paper","24 x 31" (61 x 78.7 cm)
","Gift of the architect in honor of Philip Johnson",345.1996,Architecture,"Architecture & Design",1996-09-25,yes,337,https://www.moma.org/collection/works/337,https://www.moma.org/media/W1siZiIsIjUyNzU1OSJdLFsicCIsImNvbnZlcnQiLCItcmVzaXplIDEwMjR4MTAyNFx1MDAzZSJdXQ.jpg?sha=903628f09ab65fdc,NULL,NULL,NULL,NULL,72.70,NULL,NULL,91.10,NULL,NULL
"Church of the Light, Ibaraki, Osaka, Japan (Interior perspective)","Tadao Ando",7055,"(Japanese, born 1941)",(Japanese),(1941),NULL,(male),1989,"Color pencil on paper","10 1/8 x 7 1/8" (25.7 x 18.1 cm)","Gift of the architect in honor of Philip Johnson",346.1996,Architecture,"Architecture & Design",1996-09-25,yes,338,https://www.moma.org/collection/works/338,NULL,NULL,NULL,NULL,NULL,25.72,NULL,NULL,18.10,NULL,NULL
"Church of the Light, Ibaraki, Osaka, Japan, Interior perspective","Tadao Ando",7055,"(Japanese, born 1941)",(Japanese),(1941),NULL,(male),1989,"Color pencil (blue and black) on note paper","10 1/8 x 7 1/8" (25.7 x 18.1 cm)","Gift of the architect in honor of Philip Johnson",347.1996,Architecture,"Architecture & Design",1996-09-25,yes,339,https://www.moma.org/collection/works/339,https://www.moma.org/media/W1siZiIsIjIxMTEyOCJdLFsicCIsImNvbnZlcnQiLCItcmVzaXplIDEwMjR4MTAyNFx1MDAzZSJdXQ.jpg?sha=7874c45ee9bcbc52,NULL,NULL,NULL,NULL,25.72,NULL,NULL,18.10,NULL,NULL
"Church of the Light, Ibaraki, Osaka, Japan, Plan","Tadao Ando",7055,"(Japanese, born 1941)",(Japanese),(1941),NULL,(male),1989,"Graphite on Japanese paper","16 3/8 x 24" (41.6 x 61 cm) (approx.)","Gift of the architect in honor of Philip Johnson",348.1996,Architecture,"Architecture & Design",1996-09-25,yes,340,https://www.moma.org/collection/works/340,https://www.moma.org/media/W1siZiIsIjUyNzU2MSJdLFsicCIsImNvbnZlcnQiLCItcmVzaXplIDEwMjR4MTAyNFx1MDAzZSJdXQ.jpg?sha=0a2d1ddaf4cb3c48,NULL,NULL,NULL,NULL,57.50,NULL,NULL,76.70,NULL,NULL
"Church of the Light, Ibaraki, Osaka, Japan, Plan","Tadao Ando",7055,"(Japanese, born 1941)",(Japanese),(1941),NULL,(male),1989,"Lithograph with color pencil","40 1/2 x 28 5/8" (102.9 x 72.7 cm)
","Gift of the architect in honor of Philip Johnson",349.1996,Architecture,"Architecture & Design",1996-09-25,yes,341,https://www.moma.org/collection/works/341,https://www.moma.org/media/W1siZiIsIjUyNzU2MiJdLFsicCIsImNvbnZlcnQiLCItcmVzaXplIDEwMjR4MTAyNFx1MDAzZSJdXQ.jpg?sha=1d7d142e0dc1f718,NULL,NULL,NULL,NULL,102.90,NULL,NULL,72.70,NULL,NULL
"Austrian Cultural Institute, New York, New York, Exterior perspective,","Raimund Abraham",47,"(American, born Austria. 1933–2010)",(American),(1933),(2010),(male),1993,"Photocopy, photocopy on vellum, laser photocopy, graphite, and color pencil on paper","36 x 36" (91.4 x 91.4 cm)","Gift of the architect",350.1993,Architecture,"Architecture & Design",1993-01-14,yes,342,https://www.moma.org/collection/works/342,https://www.moma.org/media/W1siZiIsIjUyNzU2MyJdLFsicCIsImNvbnZlcnQiLCItcmVzaXplIDEwMjR4MTAyNFx1MDAzZSJdXQ.jpg?sha=d85747e664dfa516,NULL,NULL,NULL,NULL,91.44,NULL,NULL,91.44,NULL,NULL
"Church of the Light, Ibaraki, Osaka, Japan (Plan)","Tadao Ando",7055,"(Japanese, born 1941)",(Japanese),(1941),NULL,(male),1989,"Graphite on rice paper","12 3/8 x 10 7/8" (31.4 x 27.6 cm)","Gift of the architect in honor of Philip Johnson",350.1996,Architecture,"Architecture & Design",1996-09-25,yes,343,https://www.moma.org/collection/works/343,NULL,NULL,NULL,NULL,NULL,57.50,NULL,NULL,76.70,NULL,NULL
"Tokyo International Forum, Tokyo, Japan (Sketch, transverse section)","Rafael Viñoly",7229,"(American, born Uruguay 1944)",(American),(1944),NULL,(male),1991,"Pencil on tracing paper","18 x 42 1/2" (45.7 x 108 cm)","Gift of the architect",351.1993,Architecture,"Architecture & Design",1993-01-14,yes,344,https://www.moma.org/collection/works/344,NULL,NULL,NULL,NULL,NULL,45.72,NULL,NULL,107.95,NULL,NULL
"Motorway Service Station Project, Exterior perspective","Mario Bellini",451,"(Italian, born 1935)",(Italian),(1935),NULL,(male),1989.,"Computer-generated laser print","8 1/2 x 15 1/4" (21.6 x 38.7 cm)
","Gift of the architect in honor of Philip Johnson",351.1996,Architecture,"Architecture & Design",1996-09-25,yes,345,https://www.moma.org/collection/works/345,https://www.moma.org/media/W1siZiIsIjUyNzU2NCJdLFsicCIsImNvbnZlcnQiLCItcmVzaXplIDEwMjR4MTAyNFx1MDAzZSJdXQ.jpg?sha=685fe653528696ce,NULL,NULL,NULL,NULL,21.60,NULL,NULL,38.70,NULL,NULL
"Tokyo International Forum, Tokyo, Japan (Exterior perspective)","Rafael Viñoly",7229,"(American, born Uruguay 1944)",(American),(1944),NULL,(male),1991,"Crayon on paper","11 x 8" (27.9 x 20.3 cm)","Gift of the architect",352.1993.1,Architecture,"Architecture & Design",1993-11-04,yes,346,https://www.moma.org/collection/works/346,NULL,NULL,NULL,NULL,NULL,NULL,NULL,NULL,NULL,NULL,NULL
"Tokyo International Forum, Tokyo, Japan, Exterior perspectives","Rafael Viñoly",7229,"(American, born Uruguay 1944)",(American),(1944),NULL,(male),1991,"Crayon on paper","Each: 11 x 8" (27.9 x 20.3 cm)","Gift of the architect",352.1993.1-6,Architecture,"Architecture & Design",1993-11-04,yes,347,https://www.moma.org/collection/works/347,https://www.moma.org/media/W1siZiIsIjUyNzU2NiJdLFsicCIsImNvbnZlcnQiLCItcmVzaXplIDEwMjR4MTAyNFx1MDAzZSJdXQ.jpg?sha=7af7fff4a6c3a4c7,NULL,NULL,NULL,NULL,27.94,NULL,NULL,20.30,NULL,NULL
"Tokyo International Forum, Tokyo, Japan (Exterior perspective)","Rafael Viñoly",7229,"(American, born Uruguay 1944)",(American),(1944),NULL,(male),1991,"Crayon on paper","11 x 8" (27.9 x 20.3 cm)","Gift of the architect",352.1993.2,Architecture,"Architecture & Design",1993-11-04,yes,348,https://www.moma.org/collection/works/348,NULL,NULL,NULL,NULL,NULL,NULL,NULL,NULL,NULL,NULL,NULL
"Tokyo International Forum, Tokyo, Japan (Exterior perspective)","Rafael Viñoly",7229,"(American, born Uruguay 1944)",(American),(1944),NULL,(male),1991,"Crayon on paper","11 x 8" (27.9 x 20.3 cm)","Gift of the architect",352.1993.3,Architecture,"Architecture & Design",1993-11-04,yes,349,https://www.moma.org/collection/works/349,NULL,NULL,NULL,NULL,NULL,NULL,NULL,NULL,NULL,NULL,NULL
"Tokyo International Forum, Tokyo, Japan (Exterior perspective)","Rafael Viñoly",7229,"(American, born Uruguay 1944)",(American),(1944),NULL,(male),1991,"Crayon on paper","11 x 8" (27.9 x 20.3 cm)","Gift of the architect",352.1993.4,Architecture,"Architecture & Design",1993-11-04,yes,350,https://www.moma.org/collection/works/350,NULL,NULL,NULL,NULL,NULL,NULL,NULL,NULL,NULL,NULL,NULL
"Tokyo International Forum, Tokyo, Japan (Exterior perspective)","Rafael Viñoly",7229,"(American, born Uruguay 1944)",(American),(1944),NULL,(male),1991,"Crayon on paper","11 x 8" (27.9 x 20.3 cm)","Gift of the architect",352.1993.5,Architecture,"Architecture & Design",1993-11-04,yes,351,https://www.moma.org/collection/works/351,NULL,NULL,NULL,NULL,NULL,NULL,NULL,NULL,NULL,NULL,NULL
"Tokyo International Forum, Tokyo, Japan (Exterior perspective)","Rafael Viñoly",7229,"(American, born Uruguay 1944)",(American),(1944),NULL,(male),1991,"Crayon on paper","11 x 8" (27.9 x 20.3 cm)","Gift of the architect",352.1993.6,Architecture,"Architecture & Design",1993-11-04,yes,352,https://www.moma.org/collection/works/352,NULL,NULL,NULL,NULL,NULL,NULL,NULL,NULL,NULL,NULL,NULL
"Motorway Service Station project (Preliminary plan)","Mario Bellini",451,"(Italian, born 1935)",(Italian),(1935),NULL,(male),1991,"Graphite on paper","14 × 33 1/4" (35.6 × 84.5 cm)","Gift of the architect in honor of Philip Johnson",352.1996,Architecture,"Architecture & Design",1996-09-25,yes,353,https://www.moma.org/collection/works/353,NULL,NULL,NULL,NULL,NULL,35.60,NULL,NULL,84.46,NULL,NULL
"Tokyo International Forum, 1989-1996, Tokyo, Japan, East elevation of theater structures, sketch","Rafael Viñoly",7229,"(American, born Uruguay 1944)",(American),(1944),NULL,(male),1989,"Crayon and graphite on tracing paper","12 x 31 3/4" (30.5 x 80.6 cm)","Gift of the architect",353.1993,Architecture,"Architecture & Design",1993-11-04,yes,354,https://www.moma.org/collection/works/354,https://www.moma.org/media/W1siZiIsIjUyNzU2NyJdLFsicCIsImNvbnZlcnQiLCItcmVzaXplIDEwMjR4MTAyNFx1MDAzZSJdXQ.jpg?sha=5a729fe65fedbce9,NULL,NULL,NULL,NULL,30.48,NULL,NULL,80.65,NULL,NULL
"San Francisco Museum of Modern Art, San Francisco, CA (Exterior perspective)","Mario Botta",696,"(Swiss, born 1943)",(Swiss),(1943),NULL,(male),1996,"China marker on paper","16 1/2 x 23 1/2" (41.9 x 59.7 cm)","Gift of the architect to Philip Johnson",353.1996,Architecture,"Architecture & Design",1996-09-25,yes,355,https://www.moma.org/collection/works/355,NULL,NULL,NULL,NULL,NULL,41.91,NULL,NULL,59.69,NULL,NULL
"Alamillo Bridge and Cartuga Viaduct, Seville, Spain, Elevations","Santiago Calatrava",6968,"(Spanish, born 1951)",(Spanish),(1951),NULL,(male),1988,"Conté crayon on tracing paper","17 x 53 1/2" (43.2 x 135.9 cm)","Gift of the architect",354.1996,Architecture,"Architecture & Design",1996-09-25,yes,357,https://www.moma.org/collection/works/357,https://www.moma.org/media/W1siZiIsIjUyNzU2OCJdLFsicCIsImNvbnZlcnQiLCItcmVzaXplIDEwMjR4MTAyNFx1MDAzZSJdXQ.jpg?sha=6feeccbebb0dcb4c,NULL,NULL,NULL,NULL,43.20,NULL,NULL,135.90,NULL,NULL
"Lyons Airport Railroad Station, Lyons-Satolas, France, Plan and elevation","Santiago Calatrava",6968,"(Spanish, born 1951)",(Spanish),(1951),NULL,(male),1992,"Color and graphite on tracing paper","28 1/2 x 36" (72.4 x 91.4 cm)
","Gift of the architect",355.1996,Architecture,"Architecture & Design",1996-09-25,yes,359,https://www.moma.org/collection/works/359,https://www.moma.org/media/W1siZiIsIjUyNzU2OSJdLFsicCIsImNvbnZlcnQiLCItcmVzaXplIDEwMjR4MTAyNFx1MDAzZSJdXQ.jpg?sha=8ca7e16cf50d6d3f,NULL,NULL,NULL,NULL,72.40,NULL,NULL,91.40,NULL,NULL
"Hong Kong and Shanghai Bank, Hong Kong, China, Axonometric and elevation","Norman Foster",7569,"(British, born 1935)",(British),(1935),NULL,(male),1985,"Ink and color ink on tracing paper","16 1/2 x 11 11/16" (41.9 x 29.7 cm)","Gift of the architect in honor of Philip Johnson",356.1996.1,Architecture,"Architecture & Design",1996-09-25,no,360,NULL,NULL,NULL,NULL,NULL,NULL,41.91,NULL,NULL,29.69,NULL,NULL
"Hong Kong and Shanghai Bank, Hong Kong, China, .1 Axonometric and elevation, .2 Elevation and exterior perspective,","Norman Foster",7569,"(British, born 1935)",(British),(1935),NULL,(male),1985,"Ink and color ink on tracing paper",".1: 16 1/2 x 11 5/8" (41.9 x 29.5 cm)
.2: 16 1/2 x 11 5/8" (41.9 x 29.5 cm)","Gift of the architect in honor of Philip Johnson",356.1996.1-2,Architecture,"Architecture & Design",1996-09-25,yes,361,https://www.moma.org/collection/works/361,https://www.moma.org/media/W1siZiIsIjUyNzU3MCJdLFsicCIsImNvbnZlcnQiLCItcmVzaXplIDEwMjR4MTAyNFx1MDAzZSJdXQ.jpg?sha=41270130766a6924,NULL,NULL,NULL,NULL,41.91,NULL,NULL,29.53,NULL,NULL
"Hong Kong and Shanghai Bank, Hong Kong, China, Elevation and exterior perspective","Norman Foster",7569,"(British, born 1935)",(British),(1935),NULL,(male),1985,"Ink and color ink on tracing paper","16 1/2 x 11 11/16" (41.9 x 29.7 cm)","Gift of the architect in honor of Philip Johnson",356.1996.2,Architecture,"Architecture & Design",1996-09-25,no,362,NULL,NULL,NULL,NULL,NULL,NULL,41.91,NULL,NULL,29.69,NULL,NULL
"Parc de la Villette Project, Paris, France (Plot breakdown)","Zaha Hadid",6953,"(British, born Iraq. 1950–2016)",(British),(1950),(2016),(female),1982-83,"Colored pencil on tracing paper","11 3/4 x 16 1/2" (29.8 x 41.9 cm)","Gift of the architect in honor of Philip Johnson",357.1996.1,Architecture,"Architecture & Design",1996-09-25,yes,363,https://www.moma.org/collection/works/363,https://www.moma.org/media/W1siZiIsIjUyNzU3MSJdLFsicCIsImNvbnZlcnQiLCItcmVzaXplIDEwMjR4MTAyNFx1MDAzZSJdXQ.jpg?sha=869e87779cf4e9df,NULL,NULL,NULL,NULL,29.85,NULL,NULL,41.91,NULL,NULL
"Parc de la Villette project, Paris, France","Zaha Hadid",6953,"(British, born Iraq. 1950–2016)",(British),(1950),(2016),(female),1982–1983,"See individual records.","Each: 16 1/2 x 11 3/4","Gift of the architect in honor of Philip Johnson",357.1996.1-20,Architecture,"Architecture & Design",1996-09-25,no,364,NULL,NULL,NULL,NULL,NULL,NULL,41.91,NULL,NULL,29.85,NULL,NULL
"Parc de la Villette Project, Paris, France (Scientific)","Zaha Hadid",6953,"(British, born Iraq. 1950–2016)",(British),(1950),(2016),(female),1982-83,"Graphite on tracing paper","11 3/4 x 16 1/2" (29.8 x 41.9 cm)","Gift of the architect in honor of Philip Johnson",357.1996.10,Architecture,"Architecture & Design",1996-09-25,yes,365,https://www.moma.org/collection/works/365,https://www.moma.org/media/W1siZiIsIjUyNzU3MiJdLFsicCIsImNvbnZlcnQiLCItcmVzaXplIDEwMjR4MTAyNFx1MDAzZSJdXQ.jpg?sha=4a7f15313821b03b,NULL,NULL,NULL,NULL,29.85,NULL,NULL,41.91,NULL,NULL
"Parc de la Villette Project, Paris, France (Cultural)","Zaha Hadid",6953,"(British, born Iraq. 1950–2016)",(British),(1950),(2016),(female),1982-83,"Colored pencil on tracing paper","11 3/4 x 16 1/2" (29.8 x 41.9 cm)","Gift of the architect in honor of Philip Johnson",357.1996.11,Architecture,"Architecture & Design",1996-09-25,yes,366,https://www.moma.org/collection/works/366,https://www.moma.org/media/W1siZiIsIjUyNzU3MyJdLFsicCIsImNvbnZlcnQiLCItcmVzaXplIDEwMjR4MTAyNFx1MDAzZSJdXQ.jpg?sha=069775beb1d1a2b0,NULL,NULL,NULL,NULL,29.85,NULL,NULL,41.91,NULL,NULL
"Parc de la Villette Project, Paris, France (Plan)","Zaha Hadid",6953,"(British, born Iraq. 1950–2016)",(British),(1950),(2016),(female),1982-83,"Ten photoelectrostatic prints on polymer sheets between synthetic polymer sheets with metal screws and supports","(Each): 11 3/4 x 16 3/4" (29.8 x 42.5 cm)","Gift of the architect in honor of Philip Johnson",357.1996.12.a-j,Architecture,"Architecture & Design",1996-09-25,yes,367,https://www.moma.org/collection/works/367,https://www.moma.org/media/W1siZiIsIjIxMTE1NiJdLFsicCIsImNvbnZlcnQiLCItcmVzaXplIDEwMjR4MTAyNFx1MDAzZSJdXQ.jpg?sha=0028781c14c63785,NULL,NULL,2.90,NULL,42.90,NULL,NULL,30.50,NULL,NULL
"Parc de la Villette Project, Paris, France (Composite [divisions of plot])","Zaha Hadid",6953,"(British, born Iraq. 1950–2016)",(British),(1950),(2016),(female),1982-83,"Ink on tracing paper","16 1/2 x 11 3/4" (41.9 x 29.8 cm)","Gift of the architect in honor of Philip Johnson",357.1996.13,Architecture,"Architecture & Design",1996-09-25,yes,368,https://www.moma.org/collection/works/368,https://www.moma.org/media/W1siZiIsIjUyNzU3NCJdLFsicCIsImNvbnZlcnQiLCItcmVzaXplIDEwMjR4MTAyNFx1MDAzZSJdXQ.jpg?sha=dc332f3d78b5ff39,NULL,NULL,3.50,NULL,42.90,NULL,NULL,30.50,NULL,NULL
"Parc de la Villette Project, Paris, France (Jogging Track and Green Strip)","Zaha Hadid",6953,"(British, born Iraq. 1950–2016)",(British),(1950),(2016),(female),1982-83,"Ink on tracing paper","16 1/2 x 11 3/4" (41.9 x 29.8 cm)","Gift of the architect in honor of Philip Johnson",357.1996.14,Architecture,"Architecture & Design",1996-09-25,yes,369,https://www.moma.org/collection/works/369,https://www.moma.org/media/W1siZiIsIjUyNzU3NSJdLFsicCIsImNvbnZlcnQiLCItcmVzaXplIDEwMjR4MTAyNFx1MDAzZSJdXQ.jpg?sha=b68a6e0acae9cfe2,NULL,NULL,2.90,NULL,42.90,NULL,NULL,30.50,NULL,NULL
"Parc de la Villette Project, Paris, France (Base Plan [as Existing] and Moving Elements)","Zaha Hadid",6953,"(British, born Iraq. 1950–2016)",(British),(1950),(2016),(female),1982-83,"Ink on tracing paper","11 3/4 x 16 1/2" (29.8 x 41.9 cm)","Gift of the architect in honor of Philip Johnson",357.1996.15.a-b,Architecture,"Architecture & Design",1996-09-25,yes,370,https://www.moma.org/collection/works/370,https://www.moma.org/media/W1siZiIsIjUyNzU3NiJdLFsicCIsImNvbnZlcnQiLCItcmVzaXplIDEwMjR4MTAyNFx1MDAzZSJdXQ.jpg?sha=ac266ee1bc06dbc1,NULL,NULL,2.90,NULL,42.90,NULL,NULL,30.50,NULL,NULL
"Parc de la Villette Project, Paris, France (Water Strip)","Zaha Hadid",6953,"(British, born Iraq. 1950–2016)",(British),(1950),(2016),(female),1982-83,"Ink on tracing paper","16 1/2 x 11 3/4" (41.9 x 29.8 cm)","Gift of the architect in honor of Philip Johnson",357.1996.16,Architecture,"Architecture & Design",1996-09-25,yes,372,https://www.moma.org/collection/works/372,https://www.moma.org/media/W1siZiIsIjUyNzU3NyJdLFsicCIsImNvbnZlcnQiLCItcmVzaXplIDEwMjR4MTAyNFx1MDAzZSJdXQ.jpg?sha=3db5cdc5cd6e4ffa,NULL,NULL,2.90,NULL,42.90,NULL,NULL,30.50,NULL,NULL
"Parc de la Villette Project, Paris, France (Greenhouse Strip)","Zaha Hadid",6953,"(British, born Iraq. 1950–2016)",(British),(1950),(2016),(female),1982-83,"Ink on tracing paper","16 1/2 x 11 3/4" (41.9 x 29.8 cm)","Gift of the architect in honor of Philip Johnson",357.1996.17,Architecture,"Architecture & Design",1996-09-25,yes,373,https://www.moma.org/collection/works/373,https://www.moma.org/media/W1siZiIsIjUyNzU3OCJdLFsicCIsImNvbnZlcnQiLCItcmVzaXplIDEwMjR4MTAyNFx1MDAzZSJdXQ.jpg?sha=6d20a1a9b2aab631,NULL,NULL,2.90,NULL,42.90,NULL,NULL,30.50,NULL,NULL
"Parc de la Villette Project, Paris, France (Exercise Strip)","Zaha Hadid",6953,"(British, born Iraq. 1950–2016)",(British),(1950),(2016),(female),1982-83,"Ink on tracing paper","16 1/2 x 11 3/4" (41.9 x 29.8 cm)","Gift of the architect in honor of Philip Johnson",357.1996.18,Architecture,"Architecture & Design",1996-09-25,yes,374,https://www.moma.org/collection/works/374,https://www.moma.org/media/W1siZiIsIjUyNzU3OSJdLFsicCIsImNvbnZlcnQiLCItcmVzaXplIDEwMjR4MTAyNFx1MDAzZSJdXQ.jpg?sha=7a0624fb55f7a5c3,NULL,NULL,2.90,NULL,42.90,NULL,NULL,30.50,NULL,NULL
"Parc de la Villette Project, Paris, France (Discovery Strip)","Zaha Hadid",6953,"(British, born Iraq. 1950–2016)",(British),(1950),(2016),(female),1982-83,"Ink on tracing paper","16 1/2 x 11 3/4" (41.9 x 29.8 cm)","Gift of the architect in honor of Philip Johnson",357.1996.19,Architecture,"Architecture & Design",1996-09-25,yes,375,https://www.moma.org/collection/works/375,https://www.moma.org/media/W1siZiIsIjUyNzU4MCJdLFsicCIsImNvbnZlcnQiLCItcmVzaXplIDEwMjR4MTAyNFx1MDAzZSJdXQ.jpg?sha=1fd032cacca7de3b,NULL,NULL,2.90,NULL,42.90,NULL,NULL,30.50,NULL,NULL
"Parc de la Villette Project, Paris, France (Car Park)","Zaha Hadid",6953,"(British, born Iraq. 1950–2016)",(British),(1950),(2016),(female),1982-83,"Colored pencil on tracing paper","11 3/4 x 16 1/2" (29.8 x 41.9 cm)","Gift of the architect in honor of Philip Johnson",357.1996.2,Architecture,"Architecture & Design",1996-09-25,yes,376,https://www.moma.org/collection/works/376,https://www.moma.org/media/W1siZiIsIjUyNzU4MSJdLFsicCIsImNvbnZlcnQiLCItcmVzaXplIDEwMjR4MTAyNFx1MDAzZSJdXQ.jpg?sha=e0e581e2c0dceb3c,NULL,NULL,NULL,NULL,29.85,NULL,NULL,41.91,NULL,NULL
"Parc de la Villette Project, Paris, France (Planetary Strip)","Zaha Hadid",6953,"(British, born Iraq. 1950–2016)",(British),(1950),(2016),(female),1982-83,"Ink on tracing paper","16 1/2 x 11 3/4" (41.9 x 29.8 cm)","Gift of the architect in honor of Philip Johnson",357.1996.20,Architecture,"Architecture & Design",1996-09-25,yes,377,https://www.moma.org/collection/works/377,https://www.moma.org/media/W1siZiIsIjUyNzU4MiJdLFsicCIsImNvbnZlcnQiLCItcmVzaXplIDEwMjR4MTAyNFx1MDAzZSJdXQ.jpg?sha=a28d88d069d797e9,NULL,NULL,2.90,NULL,42.90,NULL,NULL,30.50,NULL,NULL
"Parc de la Villette Project, Paris, France (Fields)","Zaha Hadid",6953,"(British, born Iraq. 1950–2016)",(British),(1950),(2016),(female),1982-83,"Colored pencil on tracing paper","11 3/4 x 16 1/2" (29.8 x 41.9 cm)","Gift of the architect in honor of Philip Johnson",357.1996.3,Architecture,"Architecture & Design",1996-09-25,yes,378,https://www.moma.org/collection/works/378,https://www.moma.org/media/W1siZiIsIjUyNzU4MyJdLFsicCIsImNvbnZlcnQiLCItcmVzaXplIDEwMjR4MTAyNFx1MDAzZSJdXQ.jpg?sha=eff66751454aba1c,NULL,NULL,NULL,NULL,29.85,NULL,NULL,41.91,NULL,NULL
"Parc de la Villette Project, Paris, France (Green Strip)","Zaha Hadid",6953,"(British, born Iraq. 1950–2016)",(British),(1950),(2016),(female),1982-83,"Colored pencil on tracing paper","11 3/4 x 16 1/2" (29.8 x 41.9 cm)","Gift of the architect in honor of Philip Johnson",357.1996.4,Architecture,"Architecture & Design",1996-09-25,yes,379,https://www.moma.org/collection/works/379,https://www.moma.org/media/W1siZiIsIjUyNzU4NCJdLFsicCIsImNvbnZlcnQiLCItcmVzaXplIDEwMjR4MTAyNFx1MDAzZSJdXQ.jpg?sha=1de4ed9598a1722e,NULL,NULL,NULL,NULL,29.85,NULL,NULL,41.91,NULL,NULL
"Parc de la Villette Project, Paris, France (Discovery)","Zaha Hadid",6953,"(British, born Iraq. 1950–2016)",(British),(1950),(2016),(female),1982-83,"Colored pencil on tracing paper","11 3/4 x 16 1/2" (29.8 x 41.9 cm)","Gift of the architect in honor of Philip Johnson",357.1996.5,Architecture,"Architecture & Design",1996-09-25,yes,380,https://www.moma.org/collection/works/380,https://www.moma.org/media/W1siZiIsIjUyNzU4NSJdLFsicCIsImNvbnZlcnQiLCItcmVzaXplIDEwMjR4MTAyNFx1MDAzZSJdXQ.jpg?sha=b6246acb938132dc,NULL,NULL,NULL,NULL,29.85,NULL,NULL,41.91,NULL,NULL
"Parc de la Villette Project, Paris, France (Water Strip)","Zaha Hadid",6953,"(British, born Iraq. 1950–2016)",(British),(1950),(2016),(female),1982-83,"Color pencil on tracing paper","11 3/4 x 16 1/2" (29.8 x 41.9 cm)","Gift of the architect in honor of Philip Johnson",357.1996.6,Architecture,"Architecture & Design",1996-09-25,yes,381,https://www.moma.org/collection/works/381,https://www.moma.org/media/W1siZiIsIjUyNzU4NiJdLFsicCIsImNvbnZlcnQiLCItcmVzaXplIDEwMjR4MTAyNFx1MDAzZSJdXQ.jpg?sha=1589f2e301e47c41,NULL,NULL,NULL,NULL,29.85,NULL,NULL,41.91,NULL,NULL
"Parc de la Villette Project, Paris, France (Planetary/Water Strip)","Zaha Hadid",6953,"(British, born Iraq. 1950–2016)",(British),(1950),(2016),(female),1982-83,"Colored pencil on tracing paper","11 3/4 x 16 1/2" (29.8 x 41.9 cm)","Gift of the architect in honor of Philip Johnson",357.1996.7,Architecture,"Architecture & Design",1996-09-25,yes,382,https://www.moma.org/collection/works/382,https://www.moma.org/media/W1siZiIsIjUyNzU4NyJdLFsicCIsImNvbnZlcnQiLCItcmVzaXplIDEwMjR4MTAyNFx1MDAzZSJdXQ.jpg?sha=1923342d972ab34d,NULL,NULL,NULL,NULL,29.85,NULL,NULL,41.91,NULL,NULL
"Parc de la Villette Project, Paris, France (Planetary/Water Strip)","Zaha Hadid",6953,"(British, born Iraq. 1950–2016)",(British),(1950),(2016),(female),1982-83,"Colored pencil on tracing paper","11 3/4 x 16 1/2" (29.8 x 41.9 cm)","Gift of the architect in honor of Philip Johnson",357.1996.8,Architecture,"Architecture & Design",1996-09-25,yes,383,https://www.moma.org/collection/works/383,https://www.moma.org/media/W1siZiIsIjUyNzU4OCJdLFsicCIsImNvbnZlcnQiLCItcmVzaXplIDEwMjR4MTAyNFx1MDAzZSJdXQ.jpg?sha=2def950e79109fcb,NULL,NULL,NULL,NULL,29.85,NULL,NULL,41.91,NULL,NULL
"Parc de la Villette Project, Paris, France (Jogging Track)","Zaha Hadid",6953,"(British, born Iraq. 1950–2016)",(British),(1950),(2016),(female),1982-83,"Color pencil on tracing paper","11 3/4 x 16 1/2" (29.8 x 41.9 cm)","Gift of the architect in honor of Philip Johnson",357.1996.9,Architecture,"Architecture & Design",1996-09-25,yes,384,https://www.moma.org/collection/works/384,https://www.moma.org/media/W1siZiIsIjUyNzU4OSJdLFsicCIsImNvbnZlcnQiLCItcmVzaXplIDEwMjR4MTAyNFx1MDAzZSJdXQ.jpg?sha=9c995a5279681a15,NULL,NULL,NULL,NULL,29.85,NULL,NULL,41.91,NULL,NULL
"City Tower project, Philadelphia, PA (Perspective sketch)","Louis I. Kahn, Anne Tyng","2964, 132545","(American, born Estonia. 1901–1974) (American, born China. 1920–2011)","(American) (American)","(1901) (1920)","(1974) (2011)","(male) (female)",1952-1953,"Ink and graphite on tracing paper","8 1/2 x 10 3/4" (21.6 x 27.3 cm)","Gift of the architect",359.1967,Architecture,"Architecture & Design",1967-04-11,yes,386,https://www.moma.org/collection/works/386,https://www.moma.org/media/W1siZiIsIjUxOTQ0MyJdLFsicCIsImNvbnZlcnQiLCItcmVzaXplIDEwMjR4MTAyNFx1MDAzZSJdXQ.jpg?sha=b02186870f98c44d,NULL,NULL,NULL,NULL,37.50,NULL,NULL,47.60,NULL,NULL
"Re-ruined Hiroshima, Hiroshima, Japan (Perspective)","Arata Isozaki",2837,"(Japanese, born 1931)",(Japanese),(1931),NULL,(male),1990,"Silkscreen after a photo collage original","34 3/4 x 117" (88.3 x 297.2 cm)","Gift of the architect in honor of Philip Johnson",359.1996,Architecture,"Architecture & Design",1996-09-25,yes,387,https://www.moma.org/collection/works/387,NULL,NULL,NULL,5.70,NULL,98.50,NULL,NULL,307.40,NULL,NULL
"Friedrichstrasse Skyscraper Project, Berlin-Mitte, Germany (Elevation study)","Ludwig Mies van der Rohe",7166,"(American, born Germany. 1886–1969)",(American),(1886),(1969),(male),1921,"Charcoal and graphite on paper mounted on board","21 3/4 x 34 1/2" (55.3 x 87.6 cm)","Mies van der Rohe Archive, gift of Mary Callery",360.1966,"Mies van der Rohe Archive","Architecture & Design",1966-05-10,yes,388,https://www.moma.org/collection/works/388,https://www.moma.org/media/W1siZiIsIjUxOTQ0NCJdLFsicCIsImNvbnZlcnQiLCItcmVzaXplIDEwMjR4MTAyNFx1MDAzZSJdXQ.jpg?sha=630979d80cae6dc0,NULL,NULL,NULL,NULL,55.30,NULL,90.72,87.60,NULL,NULL
"Civic Center Studies, project, Philadelphia, Pennsylvania, Aerial perspective sketch","Louis I. Kahn",2964,"(American, born Estonia. 1901–1974)",(American),(1901),(1974),(male),1957,"Charcoal and graphite on tracing paper","12 x 18 1/8" (30.5 x 46 cm)","Gift of the architect",360.1967,Architecture,"Architecture & Design",1967-04-11,yes,389,https://www.moma.org/collection/works/389,https://www.moma.org/media/W1siZiIsIjUxOTQ0NSJdLFsicCIsImNvbnZlcnQiLCItcmVzaXplIDEwMjR4MTAyNFx1MDAzZSJdXQ.jpg?sha=083c2a46e804e4e2,NULL,NULL,NULL,NULL,30.50,NULL,NULL,46.00,NULL,NULL
"Exodus, or the Voluntary Prisoners of Architecture: Prologue","Rem Koolhaas, Elia Zenghelis, Madelon Vriesendorp, Zoe Zenghelis","6956, 7558, 6957, 7559","(Dutch, born 1944) (British, born Greece 1937) (Dutch, born 1945) (British, born Greece 1937)","(Dutch) (British) (Dutch) (British)","(1944) (1937) (1945) (1937)","(0) (0) (0) (0)","(male) (male) (female) (female)",1972,"Gelatin silver photographs on board","16 1/4 x 11 1/2" (41.3 x 29.2 cm)
","Patricia Phelps de Cisneros Purchase Fund, Takeo Ohbayashi Purchase Fund, and Susan de Menil Purchase Fund",360.1996,Architecture,"Architecture & Design",1996-02-25,yes,390,https://www.moma.org/collection/works/390,https://www.moma.org/media/W1siZiIsIjUyNzU5MSJdLFsicCIsImNvbnZlcnQiLCItcmVzaXplIDEwMjR4MTAyNFx1MDAzZSJdXQ.jpg?sha=e172f4e6d79306bf,NULL,NULL,NULL,NULL,46.40,NULL,NULL,34.00,NULL,NULL
"Civic Center Studies, project, Philadelphia, Pennsylvania, Aerial perspective sketches","Louis I. Kahn",2964,"(American, born Estonia. 1901–1974)",(American),(1901),(1974),(male),1956-57,"Ink and graphite on tracing paper","15 x 21" (38.1 x 53.3 cm)","Gift of the architect",361.1967,Architecture,"Architecture & Design",1967-04-01,yes,391,https://www.moma.org/collection/works/391,https://www.moma.org/media/W1siZiIsIjUxOTQ0NyJdLFsicCIsImNvbnZlcnQiLCItcmVzaXplIDEwMjR4MTAyNFx1MDAzZSJdXQ.jpg?sha=f5fb75049d43acf5,NULL,NULL,NULL,NULL,38.10,NULL,NULL,53.34,NULL,NULL
"Exodus, or the Voluntary Prisoners of Architecture: Exhausted Fugitives Led to Reception","Rem Koolhaas, Elia Zenghelis, Zoe Zenghelis, Madelon Vriesendorp","6956, 7558, 7559, 6957","(Dutch, born 1944) (British, born Greece 1937) (British, born Greece 1937) (Dutch, born 1945)","(Dutch) (British) (British) (Dutch)","(1944) (1937) (1937) (1945)","(0) (0) (0) (0)","(male) (male) (female) (female)",1972,"Cut-and-pasted gelatin silver photographs and photolithographs with ink, crayon, and felt-tipped pen on paper","16 x 11 1/2" (40.6 x 29.2 cm)","Gift of Patricia Phelps de Cisneros, Takeo Ohbayashi Purchase Fund, and Susan de Menil Purchase Fund",361.1996,Architecture,"Architecture & Design",1996-09-25,yes,392,https://www.moma.org/collection/works/392,https://www.moma.org/media/W1siZiIsIjUyNzU5MiJdLFsicCIsImNvbnZlcnQiLCItcmVzaXplIDEwMjR4MTAyNFx1MDAzZSJdXQ.jpg?sha=c7522da2c1706925,NULL,NULL,NULL,NULL,46.00,NULL,NULL,33.30,NULL,NULL
"Endless Theatre Project, Plan","Frederick Kiesler",3091,"(American, born Austria-Hungary. 1890–1965)",(American),(1890),(1965),(male),1924,"Print mounted on board","83 x 84" (210.8 x 213.4 cm)","Gift of the architect",362.1966,Architecture,"Architecture & Design",1966-05-10,yes,393,https://www.moma.org/collection/works/393,https://www.moma.org/media/W1siZiIsIjE5MjQyMyJdLFsicCIsImNvbnZlcnQiLCItcmVzaXplIDEwMjR4MTAyNFx1MDAzZSJdXQ.jpg?sha=960f48785af6f649,NULL,NULL,NULL,NULL,210.82,NULL,NULL,213.36,NULL,NULL
"Market Street East Studies, project, Philadelphia, Pennsylvania, Perspective","Louis I. Kahn",2964,"(American, born Estonia. 1901–1974)",(American),(1901),(1974),(male),1962,"Ink and graphite on tracing paper","12 1/4 x 19 7/8" (31.1 x 50.5 cm)","Gift of the architect",362.1967,Architecture,"Architecture & Design",1967-04-11,yes,394,https://www.moma.org/collection/works/394,https://www.moma.org/media/W1siZiIsIjUxOTQ0OCJdLFsicCIsImNvbnZlcnQiLCItcmVzaXplIDEwMjR4MTAyNFx1MDAzZSJdXQ.jpg?sha=359bde3b351ff26f,NULL,NULL,NULL,NULL,31.10,NULL,NULL,50.50,NULL,NULL
"Endless Theatre Project, Plan","Frederick Kiesler",3091,"(American, born Austria-Hungary. 1890–1965)",(American),(1890),(1965),(male),1924,"Print mounted on board","77 1/2 x 84" (196.9 x 213.4 cm)","Gift of the architect",363.1966,Architecture,"Architecture & Design",1966-05-10,yes,396,https://www.moma.org/collection/works/396,https://www.moma.org/media/W1siZiIsIjE5MjQyNCJdLFsicCIsImNvbnZlcnQiLCItcmVzaXplIDEwMjR4MTAyNFx1MDAzZSJdXQ.jpg?sha=e3920ecd489869f6,NULL,NULL,NULL,NULL,196.85,NULL,NULL,213.36,NULL,NULL
"Alfred Newton Richards Medical Research Building and Biology Building, University of Pennsylvania, Philadelphia, Pennsylvania, Plans and elevations of service towers, preliminary version","Louis I. Kahn",2964,"(American, born Estonia. 1901–1974)",(American),(1901),(1974),(male),1957,"Crayon, graphite, and colored pencil on tracing paper","12 x 20 1/4" (30.5 x 51.4 cm)","Gift of the architect",363.1967,Architecture,"Architecture & Design",1967-04-01,yes,397,https://www.moma.org/collection/works/397,https://www.moma.org/media/W1siZiIsIjUxOTQ0OSJdLFsicCIsImNvbnZlcnQiLCItcmVzaXplIDEwMjR4MTAyNFx1MDAzZSJdXQ.jpg?sha=0bf065a068a53b9d,NULL,NULL,NULL,NULL,30.50,NULL,NULL,51.40,NULL,NULL
"Endless Theater Project, Section","Frederick Kiesler",3091,"(American, born Austria-Hungary. 1890–1965)",(American),(1890),(1965),(male),1924,Diazotype,"46 3/4 x 101" (118.7 x 256.5 cm)","Gift of the architect",364.1966,Architecture,"Architecture & Design",1966-05-10,yes,399,https://www.moma.org/collection/works/399,https://www.moma.org/media/W1siZiIsIjIxMTE3NiJdLFsicCIsImNvbnZlcnQiLCItcmVzaXplIDEwMjR4MTAyNFx1MDAzZSJdXQ.jpg?sha=7ef30e0e62e1464d,NULL,NULL,NULL,NULL,118.75,NULL,NULL,256.54,NULL,NULL
"Alfred Newton Richards Medical Research Building and Biology Building, University of Pennsylvania, Phidadelphia, Pennsylvania, Plan","Louis I. Kahn",2964,"(American, born Estonia. 1901–1974)",(American),(1901),(1974),(male),1957,"Crayon, graphite and colored pencil on tracing paper","21 5/8 x 23 1/2" (54.9 x 59.7 cm)","Gift of the architect",364.1967,Architecture,"Architecture & Design",1967-04-11,yes,400,https://www.moma.org/collection/works/400,https://www.moma.org/media/W1siZiIsIjUxOTQ1MCJdLFsicCIsImNvbnZlcnQiLCItcmVzaXplIDEwMjR4MTAyNFx1MDAzZSJdXQ.jpg?sha=55c948d8fda37f74,NULL,NULL,NULL,NULL,54.93,NULL,NULL,59.69,NULL,NULL
"Exodus, or the Voluntary Prisoners of Architecture: The Reception Area","Rem Koolhaas, Elia Zenghelis, Zoe Zenghelis, Madelon Vriesendorp","6956, 7558, 7559, 6957","(Dutch, born 1944) (British, born Greece 1937) (British, born Greece 1937) (Dutch, born 1945)","(Dutch) (British) (British) (Dutch)","(1944) (1937) (1937) (1945)","(0) (0) (0) (0)","(male) (male) (female) (female)",1972,"Gelatin silver photograph with color ink","10 1/2 x 14 1/2" (26.7 x 36.8 cm)","Gift of Patricia Phelps de Cisneros, Takeo Ohbayashi Purchase Fund, and Susan de Menil Purchase Fund",364.1996,Architecture,"Architecture & Design",1996-09-25,yes,401,https://www.moma.org/collection/works/401,https://www.moma.org/media/W1siZiIsIjIxMTE3NyJdLFsicCIsImNvbnZlcnQiLCItcmVzaXplIDEwMjR4MTAyNFx1MDAzZSJdXQ.jpg?sha=bfe1b636dc06f842,NULL,NULL,NULL,NULL,30.80,NULL,NULL,41.60,NULL,NULL
"Place de la Concorde Project, Paris, France, Elevation","Frederick Kiesler",3091,"(American, born Austria-Hungary. 1890–1965)",(American),(1890),(1965),(male),1925,"Print mounted on board","36 1/4 x 76 1/2" (92.1 x 194.3 cm)","Gift of the architect",365.1966,Architecture,"Architecture & Design",1966-05-10,yes,402,https://www.moma.org/collection/works/402,https://www.moma.org/media/W1siZiIsIjIxMTE3OSJdLFsicCIsImNvbnZlcnQiLCItcmVzaXplIDEwMjR4MTAyNFx1MDAzZSJdXQ.jpg?sha=76bb84ea85be1ec4,NULL,NULL,NULL,NULL,92.08,NULL,NULL,194.31,NULL,NULL
"Alfred Newton Richards Medical Research Building and Biology Building, University of Pennslylvania, Philadelphia, Pennsylvania, Preliminary version: perspective","Louis I. Kahn",2964,"(American, born Estonia. 1901–1974)",(American),(1901),(1974),(male),1957,"Charcoal on tracing paper","23 7/8 x 31" (60.6 x 78.7 cm)","Gift of the architect",365.1967,Architecture,"Architecture & Design",1967-04-11,yes,403,https://www.moma.org/collection/works/403,https://www.moma.org/media/W1siZiIsIjUxOTY4NiJdLFsicCIsImNvbnZlcnQiLCItcmVzaXplIDEwMjR4MTAyNFx1MDAzZSJdXQ.jpg?sha=a8ec53ec051adbc8,NULL,NULL,NULL,NULL,60.60,NULL,NULL,78.74,NULL,NULL
"Exodus, or the Voluntary Prisoners of Architecture: The Central Area","Rem Koolhaas, Elia Zenghelis, Zoe Zenghelis, Madelon Vriesendorp","6956, 7558, 7559, 6957","(Dutch, born 1944) (British, born Greece 1937) (British, born Greece 1937) (Dutch, born 1945)","(Dutch) (British) (British) (Dutch)","(1944) (1937) (1937) (1945)","(0) (0) (0) (0)","(male) (male) (female) (female)",1972,"Graphite and watercolor on paper","16 3/8 x 11 1/4" (41.6 x 28.6 cm)","Gift of Patricia Phelps de Cisneros, Takeo Ohbayashi Purchase Fund, and Susan de Menil Purchase Fund",365.1996,Architecture,"Architecture & Design",1996-09-25,yes,404,https://www.moma.org/collection/works/404,https://www.moma.org/media/W1siZiIsIjUyNzU5NiJdLFsicCIsImNvbnZlcnQiLCItcmVzaXplIDEwMjR4MTAyNFx1MDAzZSJdXQ.jpg?sha=788442d4f4acad1f,NULL,NULL,NULL,NULL,46.00,NULL,NULL,33.30,NULL,NULL
"Alfred Newton Richards Medical Research Building and Biology Building, University of Pennsylvania, Philadelphia, Pennsylvania, Elevation","Louis I. Kahn",2964,"(American, born Estonia. 1901–1974)",(American),(1901),(1974),(male),1957,"Charcoal and color crayon on tracing paper","11 3/8 × 35" (28.9 × 88.9 cm)","Gift of the architect",366.1967,Architecture,"Architecture & Design",1967-04-11,yes,405,https://www.moma.org/collection/works/405,https://www.moma.org/media/W1siZiIsIjUxOTY4NyJdLFsicCIsImNvbnZlcnQiLCItcmVzaXplIDEwMjR4MTAyNFx1MDAzZSJdXQ.jpg?sha=af733ff174b4ffa7,NULL,NULL,NULL,NULL,28.89,NULL,NULL,88.90,NULL,NULL
"Exodus, or the Voluntary Prisoners of Architecture: Training the New Arrivals (Axonometric projection)","Rem Koolhaas, Elia Zenghelis, Zoe Zenghelis, Madelon Vriesendorp","6956, 7558, 7559, 6957","(Dutch, born 1944) (British, born Greece 1937) (British, born Greece 1937) (Dutch, born 1945)","(Dutch) (British) (British) (Dutch)","(1944) (1937) (1937) (1945)","(0) (0) (0) (0)","(male) (male) (female) (female)",1972,"Cut-and-pasted photolithographs and gelatin photograph on paper","10 5/8 x 14 1/2" (27 x 36.8 cm)
","Gift of Patricia Phelps de Cisneros, Takeo Ohbayashi Purchase Fund, and Susan de Menil Purchase Fund",366.1996,Architecture,"Architecture & Design",1996-09-25,yes,406,https://www.moma.org/collection/works/406,https://www.moma.org/media/W1siZiIsIjUyNzU5NyJdLFsicCIsImNvbnZlcnQiLCItcmVzaXplIDEwMjR4MTAyNFx1MDAzZSJdXQ.jpg?sha=8e7e443923ef9a78,NULL,NULL,NULL,NULL,31.80,NULL,NULL,41.30,NULL,NULL
"Alfred Newton Richards Medical Research Building and Biology Building, University of Pennsylvania, Philadelphia, Pennsylvania, Perspective","Louis I. Kahn",2964,"(American, born Estonia. 1901–1974)",(American),(1901),(1974),(male),1957,"Charcoal and color pencil on tracing paper","24 3/8 x 35" (61.9 x 88.9 cm)","Gift of the architect",367.1967,Architecture,"Architecture & Design",1967-04-11,yes,407,https://www.moma.org/collection/works/407,NULL,NULL,NULL,NULL,NULL,61.90,NULL,NULL,88.90,NULL,NULL
"Exodus, or the Voluntary Prisoners of Architecture: The Tip of the Strip","Rem Koolhaas, Elia Zenghelis, Zoe Zenghelis, Madelon Vriesendorp","6956, 7558, 7559, 6957","(Dutch, born 1944) (British, born Greece 1937) (British, born Greece 1937) (Dutch, born 1945)","(Dutch) (British) (British) (Dutch)","(1944) (1937) (1937) (1945)","(0) (0) (0) (0)","(male) (male) (female) (female)",1972,"Graphite and watercolor on paper","11 3/8 x 16 1/2" (28.9 x 41.9 cm)","Gift of Patricia Phelps de Cisneros, Takeo Ohbayashi Purchase Fund, and Susan de Menil Purchase Fund",367.1996,Architecture,"Architecture & Design",1996-09-25,yes,408,https://www.moma.org/collection/works/408,https://www.moma.org/media/W1siZiIsIjUyNzU5OCJdLFsicCIsImNvbnZlcnQiLCItcmVzaXplIDEwMjR4MTAyNFx1MDAzZSJdXQ.jpg?sha=c42652de8483fb8a,NULL,NULL,NULL,NULL,46.00,NULL,NULL,33.30,NULL,NULL
"Alfred Newton Richards Medical Research Building and Biology Building, University of Pennsylvania, Philadelphia, Pennsylvania, Perspective","Louis I. Kahn",2964,"(American, born Estonia. 1901–1974)",(American),(1901),(1974),(male),1957,"Crayon, graphite, colored pencil and ink on tracing paper","23 x 32 7/8" (58.4 x 83.5 cm)","Gift of the architect",368.1967,Architecture,"Architecture & Design",1967-04-11,yes,409,https://www.moma.org/collection/works/409,https://www.moma.org/media/W1siZiIsIjUxOTY4OCJdLFsicCIsImNvbnZlcnQiLCItcmVzaXplIDEwMjR4MTAyNFx1MDAzZSJdXQ.jpg?sha=07b0904f5974c519,NULL,NULL,NULL,NULL,58.40,NULL,NULL,83.50,NULL,NULL
"Exodus, or the Voluntary Prisoners of Architecture: The Baths (Axonometric projection)","Rem Koolhaas, Elia Zenghelis, Zoe Zenghelis, Madelon Vriesendorp","6956, 7558, 7559, 6957","(Dutch, born 1944) (British, born Greece 1937) (British, born Greece 1937) (Dutch, born 1945)","(Dutch) (British) (British) (Dutch)","(1944) (1937) (1937) (1945)","(0) (0) (0) (0)","(male) (male) (female) (female)",1972,"Graphite and watercolor on paper","11 1/2 x 16 3/8" (29.2 x 41.6 cm)","Gift of Patricia Phelps de Cisneros, Takeo Ohbayashi Purchase Fund, and Susan de Menil Purchase Fund",368.1996,Architecture,"Architecture & Design",1996-09-25,yes,410,https://www.moma.org/collection/works/410,https://www.moma.org/media/W1siZiIsIjUyNzU5OSJdLFsicCIsImNvbnZlcnQiLCItcmVzaXplIDEwMjR4MTAyNFx1MDAzZSJdXQ.jpg?sha=f6eff1732bacfadf,NULL,NULL,NULL,NULL,33.00,NULL,NULL,45.70,NULL,NULL
"Alfred Newton Richards Medical Research Building and Biology Building, University of Pennsylvania, Philadelphia, Pennsylvania, Exterior perspective, final version","Louis I. Kahn",2964,"(American, born Estonia. 1901–1974)",(American),(1901),(1974),(male),1960,"Graphite on tracing paper","23 x 23 1/2" (58.4 x 59.7 cm)","Gift of the architect",369.1967,Architecture,"Architecture & Design",1967-04-11,yes,411,https://www.moma.org/collection/works/411,https://www.moma.org/media/W1siZiIsIjUxOTY4OSJdLFsicCIsImNvbnZlcnQiLCItcmVzaXplIDEwMjR4MTAyNFx1MDAzZSJdXQ.jpg?sha=3700e9548d250cd8,NULL,NULL,NULL,NULL,58.40,NULL,NULL,59.70,NULL,NULL
"Times Square Tower Project, New York, NY (Exterior perspective)","Raimund Abraham",47,"(American, born Austria. 1933–2010)",(American),(1933),(2010),(male),1984,"Graphite and colored pencil on cut-and-pasted papers on sepia diazoprint","33 1/2 x 25 1/2" (85.1 x 64.8 cm)","Gift of the architect in honor of Lily Auchincloss",369.1994,Architecture,"Architecture & Design",1994-09-21,yes,412,https://www.moma.org/collection/works/412,https://www.moma.org/media/W1siZiIsIjUyNzYwMCJdLFsicCIsImNvbnZlcnQiLCItcmVzaXplIDEwMjR4MTAyNFx1MDAzZSJdXQ.jpg?sha=aec7d34fd7e9f3ea,NULL,NULL,NULL,NULL,85.09,NULL,NULL,64.77,NULL,NULL
"Exodus, or the Voluntary Prisoners of Architecture: The Baths","Rem Koolhaas, Elia Zenghelis, Zoe Zenghelis, Madelon Vriesendorp","6956, 7558, 7559, 6957","(Dutch, born 1944) (British, born Greece 1937) (British, born Greece 1937) (Dutch, born 1945)","(Dutch) (British) (British) (Dutch)","(1944) (1937) (1937) (1945)","(0) (0) (0) (0)","(male) (male) (female) (female)",1972,"Cut-and-pasted paper, photolithograph, and gelatin silver photographs with ink on paper","16 1/8 x 11 1/2" (41 x 29.2 cm)","Gift of Patricia Phelps de Cisneros, Takeo Ohbayashi Purchase Fund, and Susan de Menil Purchase Fund",369.1996,Architecture,"Architecture & Design",1996-09-25,yes,413,https://www.moma.org/collection/works/413,https://www.moma.org/media/W1siZiIsIjUyNzYwMSJdLFsicCIsImNvbnZlcnQiLCItcmVzaXplIDEwMjR4MTAyNFx1MDAzZSJdXQ.jpg?sha=d894d324caeeb362,NULL,NULL,NULL,NULL,46.00,NULL,NULL,33.30,NULL,NULL
"Tribune Review Publishing Company Building, Greensburg, Pennsylvania, Plan sketch","Louis I. Kahn",2964,"(American, born Estonia. 1901–1974)",(American),(1901),(1974),(male),1958,"Crayon on tracing paper","12 x 21" (30.5 x 53.3 cm)","Gift of the architect",370.1967,Architecture,"Architecture & Design",1967-04-11,yes,414,https://www.moma.org/collection/works/414,https://www.moma.org/media/W1siZiIsIjUxOTY5MCJdLFsicCIsImNvbnZlcnQiLCItcmVzaXplIDEwMjR4MTAyNFx1MDAzZSJdXQ.jpg?sha=5ca54cfd4af46884,NULL,NULL,NULL,NULL,30.48,NULL,NULL,53.34,NULL,NULL
"Casa de Retiro Espiritual, Córdoba, Spain, Aerial axonometric","Emilio Ambasz",141,"(Argentine, born 1943)",(Argentine),(1943),NULL,(male),1979,"Airbrush and graphite on gelatin silver photograph mounted on foamcore","30 5/8 x 25 15/16" (77.8 x 65.9 cm)","Gift of the architect in honor of Lily Auchincloss",370.1994,Architecture,"Architecture & Design",1994-09-21,yes,415,https://www.moma.org/collection/works/415,https://www.moma.org/media/W1siZiIsIjUyNzYwNCJdLFsicCIsImNvbnZlcnQiLCItcmVzaXplIDEwMjR4MTAyNFx1MDAzZSJdXQ.jpg?sha=1327379b58108e9f,NULL,NULL,NULL,NULL,77.80,NULL,NULL,65.90,NULL,NULL
"Exodus, or the Voluntary Prisoners of Architecture: The Square of the Muses","Rem Koolhaas, Elia Zenghelis, Zoe Zenghelis, Madelon Vriesendorp","6956, 7558, 7559, 6957","(Dutch, born 1944) (British, born Greece 1937) (British, born Greece 1937) (Dutch, born 1945)","(Dutch) (British) (British) (Dutch)","(1944) (1937) (1937) (1945)","(0) (0) (0) (0)","(male) (male) (female) (female)",1972,"Graphite, watercolor, and gouache on paper","11 1/2 x 16 3/8" (29.2 x 41.6 cm)
","Gift of Patricia Phelps de Cisneros, Takeo Ohbayashi Purchase Fund, and Susan de Menil Purchase Fund",370.1996,Architecture,"Architecture & Design",1996-09-25,yes,416,https://www.moma.org/collection/works/416,https://www.moma.org/media/W1siZiIsIjUyNzYwNSJdLFsicCIsImNvbnZlcnQiLCItcmVzaXplIDEwMjR4MTAyNFx1MDAzZSJdXQ.jpg?sha=43805170196661e9,NULL,NULL,NULL,NULL,33.70,NULL,NULL,45.70,NULL,NULL
"Tribune Review Publishing Company Building, Greensburg, Pennsylvania, Elevation sketch","Louis I. Kahn",2964,"(American, born Estonia. 1901–1974)",(American),(1901),(1974),(male),1958,"Graphite on tracing paper","17 7/8 x 25 1/2" (45.4 x 64.8 cm)","Gift of the architect",371.1967,Architecture,"Architecture & Design",1967-04-11,yes,417,https://www.moma.org/collection/works/417,https://www.moma.org/media/W1siZiIsIjUxOTY5MSJdLFsicCIsImNvbnZlcnQiLCItcmVzaXplIDEwMjR4MTAyNFx1MDAzZSJdXQ.jpg?sha=5fd94350e74bb6a6,NULL,NULL,NULL,NULL,45.40,NULL,NULL,64.80,NULL,NULL
"Casa de Retiro Espiritual, Córdoba, Spain (Axonometric)","Emilio Ambasz",141,"(Argentine, born 1943)",(Argentine),(1943),NULL,(male),1979,"Airbrush and graphite on paper mounted on foamcore","24 x 25 1/2" (61x  64.8 cm)","Gift of the architect in honor of Lily Auchincloss",371.1994,Architecture,"Architecture & Design",1994-09-21,yes,418,https://www.moma.org/collection/works/418,NULL,NULL,NULL,NULL,NULL,61.00,NULL,NULL,64.80,NULL,NULL
"Exodus, or the Voluntary Prisoners of Architecture: The Institute of Biological Transactions (Plan oblique)","Rem Koolhaas, Elia Zenghelis, Zoe Zenghelis, Madelon Vriesendorp","6956, 7558, 7559, 6957","(Dutch, born 1944) (British, born Greece 1937) (British, born Greece 1937) (Dutch, born 1945)","(Dutch) (British) (British) (Dutch)","(1944) (1937) (1937) (1945)","(0) (0) (0) (0)","(male) (male) (female) (female)",1972,"Graphite and watercolor on paper","11 3/8 x 16 1/2" (28.9 x 41.9 cm)","Gift of Patricia Phelps de Cisneros, Takeo Ohbayashi Purchase Fund, and Susan de Menil Purchase Fund",371.1996,Architecture,"Architecture & Design",1996-09-25,yes,419,https://www.moma.org/collection/works/419,https://www.moma.org/media/W1siZiIsIjUyNzYwNiJdLFsicCIsImNvbnZlcnQiLCItcmVzaXplIDEwMjR4MTAyNFx1MDAzZSJdXQ.jpg?sha=5289613caf710c0c,NULL,NULL,NULL,NULL,33.00,NULL,NULL,45.70,NULL,NULL
"Tribune Review Publishing Company Building, Greensburg, Pennsylvania, Entrance elevation sketch","Louis I. Kahn",2964,"(American, born Estonia. 1901–1974)",(American),(1901),(1974),(male),1958,"Crayon on tracing paper","12 x 18 3/8" (30.5 x 46.7 cm)","Gift of the architect",372.1967,Architecture,"Architecture & Design",1967-04-11,yes,420,https://www.moma.org/collection/works/420,https://www.moma.org/media/W1siZiIsIjUxOTY5MiJdLFsicCIsImNvbnZlcnQiLCItcmVzaXplIDEwMjR4MTAyNFx1MDAzZSJdXQ.jpg?sha=2ea0183f74c43be9,NULL,NULL,NULL,NULL,30.50,NULL,NULL,46.70,NULL,NULL
"Project for a Painted Wall, New York City, New York (Perspective)","Jason Crum",1318,"(American, 1935–2004)",(American),(1935),(2004),(male),1969,"Gouache on photograph","20 x 27 1/2" (50.8 x 69.9 cm)",Purchase,372.1969,Architecture,"Architecture & Design",1969-04-24,yes,421,https://www.moma.org/collection/works/421,https://www.moma.org/media/W1siZiIsIjUxOTg4MiJdLFsicCIsImNvbnZlcnQiLCItcmVzaXplIDEwMjR4MTAyNFx1MDAzZSJdXQ.jpg?sha=7f3dc1f099df6809,NULL,NULL,NULL,NULL,50.80,NULL,NULL,69.90,NULL,NULL
"Casa de Retiro Espiritual, Córdoba, Spain (Section)","Emilio Ambasz",141,"(Argentine, born 1943)",(Argentine),(1943),NULL,(male),1979,"Airbrush, graphite on paper mounted on foamcore","24 x 25 1/2" (61 x 64.8 cm)","Gift of the architect in honor of Lily Auchincloss",372.1994,Architecture,"Architecture & Design",1994-09-21,yes,422,https://www.moma.org/collection/works/422,NULL,NULL,NULL,NULL,NULL,61.00,NULL,NULL,64.80,NULL,NULL
"Exodus, or the Voluntary Prisoners of Architecture: The Park of Aggression","Rem Koolhaas, Elia Zenghelis, Zoe Zenghelis, Madelon Vriesendorp","6956, 7558, 7559, 6957","(Dutch, born 1944) (British, born Greece 1937) (British, born Greece 1937) (Dutch, born 1945)","(Dutch) (British) (British) (Dutch)","(1944) (1937) (1937) (1945)","(0) (0) (0) (0)","(male) (male) (female) (female)",1972,"Graphite and watercolor on paper","16 1/2 x 11 3/8" (41.9 x 28.9 cm)","Gift of Patricia Phelps de Cisneros, Takeo Ohbayashi Purchase Fund, and Susan de Menil Purchase Fund",372.1996,Architecture,"Architecture & Design",1996-09-25,yes,423,https://www.moma.org/collection/works/423,https://www.moma.org/media/W1siZiIsIjIxMTIwNiJdLFsicCIsImNvbnZlcnQiLCItcmVzaXplIDEwMjR4MTAyNFx1MDAzZSJdXQ.jpg?sha=e57013de8e117135,NULL,NULL,NULL,NULL,45.70,NULL,NULL,33.30,NULL,NULL
"Tribune Review Publishing Company Building, Greensburg, Pennsylvania, Elevation sketch","Louis I. Kahn",2964,"(American, born Estonia. 1901–1974)",(American),(1901),(1974),(male),1958,"Graphite on tracing paper","11 3/4 x 18 1/8" (29.8 x 46 cm)","Gift of the architect",373.1967,Architecture,"Architecture & Design",1967-04-11,yes,424,https://www.moma.org/collection/works/424,https://www.moma.org/media/W1siZiIsIjUxOTY5MyJdLFsicCIsImNvbnZlcnQiLCItcmVzaXplIDEwMjR4MTAyNFx1MDAzZSJdXQ.jpg?sha=6cbba7211905c1c7,NULL,NULL,NULL,NULL,29.80,NULL,NULL,46.00,NULL,NULL
"Project for a Painted Wall, New York City, New York (Perspective)","Jason Crum",1318,"(American, 1935–2004)",(American),(1935),(2004),(male),1969,"Gouache on photograph","30 x 20" (76.2 x 50.8 cm)",Purchase,373.1969,Architecture,"Architecture & Design",1969-04-24,yes,425,https://www.moma.org/collection/works/425,https://www.moma.org/media/W1siZiIsIjUxOTg4MyJdLFsicCIsImNvbnZlcnQiLCItcmVzaXplIDEwMjR4MTAyNFx1MDAzZSJdXQ.jpg?sha=482b207f5027499c,NULL,NULL,NULL,NULL,76.20,NULL,NULL,50.80,NULL,NULL
"Chikatsu-Asuka Historical Museum, Minami-Kawachi, Osaka, Japan, Perspective sketch","Tadao Ando",7055,"(Japanese, born 1941)",(Japanese),(1941),NULL,(male),1991,"Crayon on mulberry paper","11 7/8 x 18 11/16" (30.2 x 47.5 cm)","Gift of the architect in honor of Lily Auchincloss",373.1994,Architecture,"Architecture & Design",1994-09-21,yes,426,https://www.moma.org/collection/works/426,https://www.moma.org/media/W1siZiIsIjUyNzYwOCJdLFsicCIsImNvbnZlcnQiLCItcmVzaXplIDEwMjR4MTAyNFx1MDAzZSJdXQ.jpg?sha=8e990697af5196de,NULL,NULL,NULL,NULL,30.20,NULL,NULL,47.50,NULL,NULL
"Exodus, or the Voluntary Prisoners of Architecture: The Central Area (Plan)","Rem Koolhaas, Elia Zenghelis, Zoe Zenghelis, Madelon Vriesendorp","6956, 7558, 7559, 6957","(Dutch, born 1944) (British, born Greece 1937) (British, born Greece 1937) (Dutch, born 1945)","(Dutch) (British) (British) (Dutch)","(1944) (1937) (1937) (1945)","(0) (0) (0) (0)","(male) (male) (female) (female)",1972,"Graphite and watercolor on paper","11 1/2 x 16 3/8" (29.2 x 41.6 cm)","Gift of Patricia Phelps de Cisneros, Takeo Ohbayashi Purchase Fund, and Susan de Menil Purchase Fund",373.1996,Architecture,"Architecture & Design",1996-09-25,yes,427,https://www.moma.org/collection/works/427,https://www.moma.org/media/W1siZiIsIjUyNzYwOSJdLFsicCIsImNvbnZlcnQiLCItcmVzaXplIDEwMjR4MTAyNFx1MDAzZSJdXQ.jpg?sha=612577bbef64a087,NULL,NULL,NULL,NULL,33.30,NULL,NULL,45.70,NULL,NULL
"Tribune Review Publishing Company Building, Greensburg, Pennsylvania, Elevation sketch","Louis I. Kahn",2964,"(American, born Estonia. 1901–1974)",(American),(1901),(1974),(male),1958,"Graphite on tracing paper","17 7/8 x 29 1/2" (45.4 x 74.9 cm)","Gift of the architect",374.1967,Architecture,"Architecture & Design",1967-04-11,yes,428,https://www.moma.org/collection/works/428,https://www.moma.org/media/W1siZiIsIjUxOTY5NCJdLFsicCIsImNvbnZlcnQiLCItcmVzaXplIDEwMjR4MTAyNFx1MDAzZSJdXQ.jpg?sha=872494f893a47a75,NULL,NULL,NULL,NULL,45.40,NULL,NULL,74.90,NULL,NULL
"Project for a Painted Wall, Fox Department Store, Hartford, Connecticut (Perspective)","Jason Crum",1318,"(American, 1935–2004)",(American),(1935),(2004),(male),1969,"Gouache on photograph","13 3/4 x 16 7/8" (34.9 x 42.9 cm)",Purchase,374.1969,Architecture,"Architecture & Design",1969-04-24,yes,429,https://www.moma.org/collection/works/429,https://www.moma.org/media/W1siZiIsIjUxOTg4NCJdLFsicCIsImNvbnZlcnQiLCItcmVzaXplIDEwMjR4MTAyNFx1MDAzZSJdXQ.jpg?sha=c5725b0813b0ca86,NULL,NULL,NULL,NULL,34.90,NULL,NULL,42.90,NULL,NULL
"The Tokyo Design Center, Tokyo, Japan, Perspective","Mario Bellini",451,"(Italian, born 1935)",(Italian),(1935),NULL,(male),1989,"Ink on tracing paper","11 3/4 x 16 1/2" (29.8 x 41.9 cm)
","Gift of the architect in honor of Lily Auchincloss",374.1994,Architecture,"Architecture & Design",1994-09-21,yes,430,https://www.moma.org/collection/works/430,https://www.moma.org/media/W1siZiIsIjUyNzYxMCJdLFsicCIsImNvbnZlcnQiLCItcmVzaXplIDEwMjR4MTAyNFx1MDAzZSJdXQ.jpg?sha=d4df89300dcadd61,NULL,NULL,NULL,NULL,29.80,NULL,NULL,41.90,NULL,NULL
"Exodus, or the Voluntary Prisoners of Architecture: The Allotments","Rem Koolhaas, Elia Zenghelis, Zoe Zenghelis, Madelon Vriesendorp","6956, 7558, 7559, 6957","(Dutch, born 1944) (British, born Greece 1937) (British, born Greece 1937) (Dutch, born 1945)","(Dutch) (British) (British) (Dutch)","(1944) (1937) (1937) (1945)","(0) (0) (0) (0)","(male) (male) (female) (female)",1972,"Cut-and-pasted paper, marbleized paper, and photolithographs with ink and watercolor on paper","11 1/2 x 16 1/2" (29.2 x 41.9 cm)","Gift of Patricia Phelps de Cisneros, Takeo Ohbayashi Purchase Fund, and Susan de Menil Purchase Fund",374.1996,Architecture,"Architecture & Design",1996-09-25,yes,431,https://www.moma.org/collection/works/431,https://www.moma.org/media/W1siZiIsIjUyNzYxMSJdLFsicCIsImNvbnZlcnQiLCItcmVzaXplIDEwMjR4MTAyNFx1MDAzZSJdXQ.jpg?sha=383fc1050da06106,NULL,NULL,NULL,NULL,33.30,NULL,NULL,46.00,NULL,NULL
"Tribune Review Publishing Company Building, Greensburg, Pennsylvania, Elevation sketch","Louis I. Kahn",2964,"(American, born Estonia. 1901–1974)",(American),(1901),(1974),(male),1958,"Graphite on tracing paper","12 x 28 1/4" (30.5 x 71.8 cm)","Gift of the architect",375.1967,Architecture,"Architecture & Design",1967-04-11,yes,432,https://www.moma.org/collection/works/432,https://www.moma.org/media/W1siZiIsIjUxOTY5NSJdLFsicCIsImNvbnZlcnQiLCItcmVzaXplIDEwMjR4MTAyNFx1MDAzZSJdXQ.jpg?sha=38f514171b2c7537,NULL,NULL,NULL,NULL,30.50,NULL,NULL,71.80,NULL,NULL
"Airplane Hangar Project (Roof plan)","Konrad Wachsmann",6201,"(American, born Germany. 1901–1980)",(American),(1901),(1980),(male),1963,Lithograph,"27 1/2 × 19 1/2" (69.9 × 49.5 cm)","Gift of Ivan Chermayeff",375.1969,Architecture,"Architecture & Design",1969-04-24,yes,433,https://www.moma.org/collection/works/433,https://www.moma.org/media/W1siZiIsIjUxOTg4NSJdLFsicCIsImNvbnZlcnQiLCItcmVzaXplIDEwMjR4MTAyNFx1MDAzZSJdXQ.jpg?sha=407f44152e819a3b,NULL,NULL,NULL,NULL,69.85,NULL,NULL,49.53,NULL,NULL
"Town Plan Project, Kobe, Japan, Site plan","Ricardo Bofill",632,"(Spanish, born 1939)",(Spanish),(1939),NULL,(male),1994,Lithograph,"22 1/4 x 30" (56.5 x 76.2 cm)","Gift of the architect in honor of Lily Auchincloss",375.1994,Architecture,"Architecture & Design",1994-09-21,yes,434,https://www.moma.org/collection/works/434,https://www.moma.org/media/W1siZiIsIjUyNzYxMiJdLFsicCIsImNvbnZlcnQiLCItcmVzaXplIDEwMjR4MTAyNFx1MDAzZSJdXQ.jpg?sha=2213a81316b328d3,NULL,NULL,NULL,NULL,56.50,NULL,NULL,76.20,NULL,NULL
"Exodus, or the Voluntary Prisoners of Architecture: The Allotments","Rem Koolhaas, Elia Zenghelis, Zoe Zenghelis, Madelon Vriesendorp","6956, 7558, 7559, 6957","(Dutch, born 1944) (British, born Greece 1937) (British, born Greece 1937) (Dutch, born 1945)","(Dutch) (British) (British) (Dutch)","(1944) (1937) (1937) (1945)","(0) (0) (0) (0)","(male) (male) (female) (female)",1972,"Cut-and-pasted photolithographs on paper","11 1/2 x 15 3/4" (29.2 x 40 cm)","Gift of Patricia Phelps de Cisneros, Takeo Ohbayashi Purchase Fund, and Susan de Menil Purchase Fund",375.1996,Architecture,"Architecture & Design",1996-09-25,yes,435,https://www.moma.org/collection/works/435,https://www.moma.org/media/W1siZiIsIjUyNzYxMyJdLFsicCIsImNvbnZlcnQiLCItcmVzaXplIDEwMjR4MTAyNFx1MDAzZSJdXQ.jpg?sha=af3ccf9fbbcd083e,NULL,NULL,NULL,NULL,33.70,NULL,NULL,44.50,NULL,NULL
"Tribune Review Publishing Company Building, Greensburg, Pennsylvania, Elevation sketch","Louis I. Kahn",2964,"(American, born Estonia. 1901–1974)",(American),(1901),(1974),(male),1958,"Crayon on tracing paper","12 x 25 1/4" (30.5 x 64.1 cm)","Gift of the architect",376.1967,Architecture,"Architecture & Design",1967-04-11,yes,436,https://www.moma.org/collection/works/436,https://www.moma.org/media/W1siZiIsIjUxOTY5NiJdLFsicCIsImNvbnZlcnQiLCItcmVzaXplIDEwMjR4MTAyNFx1MDAzZSJdXQ.jpg?sha=850126e36ddf0978,NULL,NULL,NULL,NULL,30.50,NULL,NULL,64.10,NULL,NULL
"San Francisco Museum of Modern Art, San Francisco, California, Exterior elevation","Mario Botta",696,"(Swiss, born 1943)",(Swiss),(1943),NULL,(male),1994,"Charcoal on paper","20 x 28 3/4" (50.8 x 73 cm)","Gift of the architect in honor of Lily Auchincloss",376.1994,Architecture,"Architecture & Design",1994-09-21,yes,437,https://www.moma.org/collection/works/437,https://www.moma.org/media/W1siZiIsIjUyNzYxNCJdLFsicCIsImNvbnZlcnQiLCItcmVzaXplIDEwMjR4MTAyNFx1MDAzZSJdXQ.jpg?sha=ee89e70d01ce59f1,NULL,NULL,NULL,NULL,50.80,NULL,NULL,73.00,NULL,NULL
"Exodus, or the Voluntary Prisoners of Architecture: The Avowal","Rem Koolhaas, Elia Zenghelis, Zoe Zenghelis, Madelon Vriesendorp","6956, 7558, 7559, 6957","(Dutch, born 1944) (British, born Greece 1937) (British, born Greece 1937) (Dutch, born 1945)","(Dutch) (British) (British) (Dutch)","(1944) (1937) (1937) (1945)","(0) (0) (0) (0)","(male) (male) (female) (female)",1972,"Cut-and-pasted photolithographs and gelatin silver photographs with ink and watercolor on paper","11 3/8 x 16" (28.9 x 40.6 cm)","Gift of Patricia Phelps de Cisneros, Takeo Ohbayashi Purchase Fund, and Susan de Menil Purchase Fund",376.1996,Architecture,"Architecture & Design",1996-09-25,yes,438,https://www.moma.org/collection/works/438,https://www.moma.org/media/W1siZiIsIjUyNzYxNSJdLFsicCIsImNvbnZlcnQiLCItcmVzaXplIDEwMjR4MTAyNFx1MDAzZSJdXQ.jpg?sha=b907c216d9244191,NULL,NULL,NULL,NULL,33.00,NULL,NULL,45.70,NULL,NULL
"Tribune Review Publishing Company Building, Greensburg, Pennsylvania, Entrance elevation sketch","Louis I. Kahn",2964,"(American, born Estonia. 1901–1974)",(American),(1901),(1974),(male),1958,"Crayon on tracing paper","12 x 13 1/2" (30.5 x 34.3 cm)","Gift of the architect",377.1967,Architecture,"Architecture & Design",1967-04-11,yes,439,https://www.moma.org/collection/works/439,https://www.moma.org/media/W1siZiIsIjUxOTY5NyJdLFsicCIsImNvbnZlcnQiLCItcmVzaXplIDEwMjR4MTAyNFx1MDAzZSJdXQ.jpg?sha=9cc78d1a9076512a,NULL,NULL,NULL,NULL,30.50,NULL,NULL,34.30,NULL,NULL
"Slow House Project, North Haven, Long Island, New York, Perspective and plans of TV in Picture Window Apparatus,","Diller + Scofidio, Ricardo Scofidio, Elizabeth Diller","8707, 6952, 6951","(est. 1981) (American, born 1935) (American, born Poland 1954)","(American) (American) (American)","(1981) (1935) (1954)","(0) (0) (0)","() (male) (female)",1991,"Cut-and-pasted color electrostatic prints and graphite on frosted polymer sheet taped to board with cut-and-pasted color photograph","12 3/8 x 18 3/8" (31.4 x 46.7 cm)","Gift of the architects in honor of Lily Auchincloss",377.1994,Architecture,"Architecture & Design",1994-09-21,yes,440,https://www.moma.org/collection/works/440,https://www.moma.org/media/W1siZiIsIjUyNzYxNiJdLFsicCIsImNvbnZlcnQiLCItcmVzaXplIDEwMjR4MTAyNFx1MDAzZSJdXQ.jpg?sha=13a8ca4f941d2781,NULL,NULL,NULL,NULL,31.40,NULL,NULL,46.70,NULL,NULL
"Exodus, or the Voluntary Prisoners of Architecture: The Allotments","Rem Koolhaas, Elia Zenghelis, Zoe Zenghelis, Madelon Vriesendorp","6956, 7558, 7559, 6957","(Dutch, born 1944) (British, born Greece 1937) (British, born Greece 1937) (Dutch, born 1945)","(Dutch) (British) (British) (Dutch)","(1944) (1937) (1937) (1945)","(0) (0) (0) (0)","(male) (male) (female) (female)",1972,"Graphite and watercolor on paper","11 3/8 x 16 3/8" (28.9 x 41.6 cm)","Gift of Patricia Phelps de Cisneros, Takeo Ohbayashi Purchase Fund, and Susan de Menil Purchase Fund",377.1996,Architecture,"Architecture & Design",1996-09-25,yes,441,https://www.moma.org/collection/works/441,https://www.moma.org/media/W1siZiIsIjUyNzYxNyJdLFsicCIsImNvbnZlcnQiLCItcmVzaXplIDEwMjR4MTAyNFx1MDAzZSJdXQ.jpg?sha=a2aba63149948993,NULL,NULL,NULL,NULL,33.30,NULL,NULL,46.10,NULL,NULL
"First Unitarian Church and School, Rochester, New York, Plan and elevation sketches","Louis I. Kahn",2964,"(American, born Estonia. 1901–1974)",(American),(1901),(1974),(male),1959,"Graphite on paper","18 x 21 1/4" (45.7 x 54 cm)","Gift of the architect",378.1967,Architecture,"Architecture & Design",1967-04-11,yes,442,https://www.moma.org/collection/works/442,https://www.moma.org/media/W1siZiIsIjUxOTY5OCJdLFsicCIsImNvbnZlcnQiLCItcmVzaXplIDEwMjR4MTAyNFx1MDAzZSJdXQ.jpg?sha=1829a1d4bc9b0f28,NULL,NULL,NULL,NULL,45.70,NULL,NULL,54.00,NULL,NULL
"Les Espaces d'Abraxas: Le Palacio, Le Theatre, L'Arc Marne-la-Vallée, France (Le Palacio: elevation)","Ricardo Bofill",632,"(Spanish, born 1939)",(Spanish),(1939),NULL,(male),1979,"Collage, graphite, marker, and ink on brown print","25 x 54 1/4" (63.5 x 137.8 cm)","Marshall Cogan Purchase Fund",378.1985,Architecture,"Architecture & Design",1985-11-18,yes,443,https://www.moma.org/collection/works/443,https://www.moma.org/media/W1siZiIsIjUyNDA3NCJdLFsicCIsImNvbnZlcnQiLCItcmVzaXplIDEwMjR4MTAyNFx1MDAzZSJdXQ.jpg?sha=cdec715357496cb7,NULL,NULL,NULL,NULL,63.50,NULL,NULL,137.80,NULL,NULL
"University of Toledo Center for the Visual Arts, Toledo, Ohio, Exterior perspective","Frank O. Gehry",2108,"(American, born Canada 1929)",(American),(1929),NULL,(male),1990,"Ink on paper","9 x 12" (22.9 x 30.5 cm)","Gift of the architect in honor of Lily Auchincloss",378.1994,Architecture,"Architecture & Design",1994-09-21,yes,444,https://www.moma.org/collection/works/444,https://www.moma.org/media/W1siZiIsIjUyNzYxOCJdLFsicCIsImNvbnZlcnQiLCItcmVzaXplIDEwMjR4MTAyNFx1MDAzZSJdXQ.jpg?sha=a85cff13408cdf0d,NULL,NULL,NULL,NULL,22.90,NULL,NULL,30.50,NULL,NULL
"Building over Motorway Project, London, England, Perspectives","Leon Krier",3250,"(Luxembourger, born 1946)",(Luxembourger),(1946),NULL,(male),1969,"Ink on paper","19 x 15 5/8" (48.3 x 39.7 cm) (frame)","Gift of the architect in honor of Philip Johnson",378.1996,Architecture,"Architecture & Design",1996-09-25,yes,445,https://www.moma.org/collection/works/445,https://www.moma.org/media/W1siZiIsIjUyNzYxOSJdLFsicCIsImNvbnZlcnQiLCItcmVzaXplIDEwMjR4MTAyNFx1MDAzZSJdXQ.jpg?sha=8d034b0c4f145420,NULL,NULL,NULL,NULL,48.26,NULL,NULL,39.69,NULL,NULL
"First Unitarian Church and School, Rochester, New York, Roof-structure and light-element sketches","Louis I. Kahn",2964,"(American, born Estonia. 1901–1974)",(American),(1901),(1974),(male),1969,"Graphite on tracing paper","12 x 25" (30.5 x 63.5 cm)","Gift of the architect",379.1967,Architecture,"Architecture & Design",1967-04-11,yes,446,https://www.moma.org/collection/works/446,https://www.moma.org/media/W1siZiIsIjUxOTY5OSJdLFsicCIsImNvbnZlcnQiLCItcmVzaXplIDEwMjR4MTAyNFx1MDAzZSJdXQ.jpg?sha=cdbe4e3bb4c8ffa3,NULL,NULL,NULL,NULL,30.50,NULL,NULL,63.50,NULL,NULL
"Les Espaces d'Abraxas: Le Palacio, Le Theatre, L'Arc, Marne-la-Vallée, France, Le Palacio: elevation","Ricardo Bofill",632,"(Spanish, born 1939)",(Spanish),(1939),NULL,(male),1979,"Collage, graphite, marker, and ink on brown print","24 3/8 x 54" (61.9 x 137.2 cm)","Marshall Cogan Purchase Fund",379.1985,Architecture,"Architecture & Design",1985-11-18,yes,447,https://www.moma.org/collection/works/447,https://www.moma.org/media/W1siZiIsIjUyNDA3NSJdLFsicCIsImNvbnZlcnQiLCItcmVzaXplIDEwMjR4MTAyNFx1MDAzZSJdXQ.jpg?sha=512501a54f6ee522,NULL,NULL,NULL,NULL,61.90,NULL,NULL,137.20,NULL,NULL
"Video Clip Folly Project, Groningen, The Netherlands, Exterior perspective","Wolf D. Prix, Helmut Swiczinsky","7572, 7573","(Austrian, born 1942) (Polish, born 1944)","(Austrian) (Polish)","(1942) (1944)",NULL,"(male) (male)",1993,"Graphite on spiral-bound notepad paper","7 3/8 x 5 3/8" (18.7 x 13.7 cm)","Gift of the architects in honor of Lily Auchincloss",379.1994,Architecture,"Architecture & Design",1994-09-21,yes,448,https://www.moma.org/collection/works/448,https://www.moma.org/media/W1siZiIsIjUyNzYyMCJdLFsicCIsImNvbnZlcnQiLCItcmVzaXplIDEwMjR4MTAyNFx1MDAzZSJdXQ.jpg?sha=e297c0d1fe7ce5e5,NULL,NULL,NULL,NULL,18.70,NULL,NULL,13.70,NULL,NULL
"House for Venice Biennale project, Venice, Italy (Title board: aerial view of model)","Cesar Pelli",7528,"(American, born Argentina 1926)",(American),(1926),NULL,(male),1976,Photomontage,"40 x 40" (101.6 x 101.6 cm)","Gift of the architect in honor of Philip Johnson",379.1996,Architecture,"Architecture & Design",1996-09-25,yes,449,https://www.moma.org/collection/works/449,NULL,NULL,NULL,NULL,NULL,101.60,NULL,NULL,101.60,NULL,NULL
"First Unitarian Church and School, Rochester, New York, Roof-structure and light-element sketches","Louis I. Kahn",2964,"(American, born Estonia. 1901–1974)",(American),(1901),(1974),(male),1960,"Graphite on tracing paper","12 x 20 1/4" (30.5 x 51.4 cm)","Gift of the architect",380.1967,Architecture,"Architecture & Design",1967-04-11,yes,450,https://www.moma.org/collection/works/450,https://www.moma.org/media/W1siZiIsIjUxOTcwMCJdLFsicCIsImNvbnZlcnQiLCItcmVzaXplIDEwMjR4MTAyNFx1MDAzZSJdXQ.jpg?sha=81f3a91fa45d5d65,NULL,NULL,NULL,NULL,30.50,NULL,NULL,51.40,NULL,NULL
"Les Espaces d'Abraxas: Le Palacio, Le Théâtre, L'Arc, Marne-la-Vallée, France, Le Theatre and L'Arc: facade detail","Ricardo Bofill",632,"(Spanish, born 1939)",(Spanish),(1939),NULL,(male),1979,"Ink and colored pencil on tracing paper","16 3/8 x 9 3/8" (41.6 x 23.8 cm)","Gift of Ricardo Bofill Taller de Arquitectura",380.1985,Architecture,"Architecture & Design",1985-11-18,yes,451,https://www.moma.org/collection/works/451,https://www.moma.org/media/W1siZiIsIjUyNDA3NiJdLFsicCIsImNvbnZlcnQiLCItcmVzaXplIDEwMjR4MTAyNFx1MDAzZSJdXQ.jpg?sha=29148be3831fb3d1,NULL,NULL,NULL,NULL,41.60,NULL,NULL,23.80,NULL,NULL
"Iris Dome Project, Interior perspective","Chuck Hoberman",7418,"(American, born 1956)",(American),(1956),NULL,(male),1994,"Computer-generated print","31 1/2 x 43 1/2" (80 x 110.5 cm)","Gift of the architect in honor of Lily Auchincloss",380.1994,Architecture,"Architecture & Design",1994-09-21,yes,452,https://www.moma.org/collection/works/452,https://www.moma.org/media/W1siZiIsIjUyNzYyMiJdLFsicCIsImNvbnZlcnQiLCItcmVzaXplIDEwMjR4MTAyNFx1MDAzZSJdXQ.jpg?sha=b316da1641e8a471,NULL,NULL,NULL,NULL,80.00,NULL,NULL,110.50,NULL,NULL
"House for Venice Biennale, project, Venice, Italy, Axonometric","Cesar Pelli",7528,"(American, born Argentina 1926)",(American),(1926),NULL,(male),1976,"Watercolor and ink on paper","40 x 40" (101.6 x 101.6 cm)","Gift of the architect in honor of Philip Johnson",380.1996,Architecture,"Architecture & Design",1996-09-25,yes,453,https://www.moma.org/collection/works/453,https://www.moma.org/media/W1siZiIsIjUyNzYyMyJdLFsicCIsImNvbnZlcnQiLCItcmVzaXplIDEwMjR4MTAyNFx1MDAzZSJdXQ.jpg?sha=d9240710e13407d0,NULL,NULL,NULL,NULL,101.60,NULL,NULL,101.60,NULL,NULL
"Salk Institute for Biological Studies, La Jolla, California (Perspective of meeting house)","Louis I. Kahn",2964,"(American, born Estonia. 1901–1974)",(American),(1901),(1974),(male),1961,"Graphite and crayon on paper","23 7/8 x 31 1/2" (67 x 80 cm)","Gift of the architect",381.1967,Architecture,"Architecture & Design",1967-04-11,yes,454,https://www.moma.org/collection/works/454,https://www.moma.org/media/W1siZiIsIjUxOTcwMSJdLFsicCIsImNvbnZlcnQiLCItcmVzaXplIDEwMjR4MTAyNFx1MDAzZSJdXQ.jpg?sha=1c177edfdedb766f,NULL,NULL,NULL,NULL,67.00,NULL,NULL,80.00,NULL,NULL
"New York Tower, project, New York,  New York, Plan","Ricardo Bofill",632,"(Spanish, born 1939)",(Spanish),(1939),NULL,(male),1985,"Graphite on print","37 7/8 x 37 7/8" (96.2 x 96.2 cm)","Gift of Ricardo Bofill Taller de Arquitectura",381.1985,Architecture,"Architecture & Design",1985-11-18,yes,455,https://www.moma.org/collection/works/455,https://www.moma.org/media/W1siZiIsIjUyNDA3NyJdLFsicCIsImNvbnZlcnQiLCItcmVzaXplIDEwMjR4MTAyNFx1MDAzZSJdXQ.jpg?sha=85229345b45fdba1,NULL,NULL,NULL,NULL,96.20,NULL,NULL,96.20,NULL,NULL
"Void Space/Hinge Space Housing, Fukuoka, Japan, Exterior perspective","Steven Holl",2702,"(American, born 1947)",(American),(1947),NULL,(male),1989,"Watercolor, black pencil, and graphite on paper","22 x 30" (55.9 x 76.2 cm)","Gift of the architect in honor of Lily Auchincloss",381.1994,Architecture,"Architecture & Design",1994-09-21,yes,456,https://www.moma.org/collection/works/456,https://www.moma.org/media/W1siZiIsIjUyNzYyNCJdLFsicCIsImNvbnZlcnQiLCItcmVzaXplIDEwMjR4MTAyNFx1MDAzZSJdXQ.jpg?sha=1a76dcee517ae3e9,NULL,NULL,NULL,NULL,55.90,NULL,NULL,76.20,NULL,NULL
"House for Venice Biennale project, Venice, Italy (Written analysis of project)","Cesar Pelli",7528,"(American, born Argentina 1926)",(American),(1926),NULL,(male),1976,"Photostat on board","40 x 40" (101.6 x 101.6 cm)","Gift of the architect in honor of Philip Johnson",381.1996,Architecture,"Architecture & Design",1996-09-25,yes,457,https://www.moma.org/collection/works/457,NULL,NULL,NULL,NULL,NULL,101.60,NULL,NULL,101.60,NULL,NULL
"Salk Institute for Biological Studies (laboratory, meeting house, and housing), La Jolla, California (Laboratory: elevation of studies)","Louis I. Kahn",2964,"(American, born Estonia. 1901–1974)",(American),(1901),(1974),(male),1962,"Charcoal on tracing paper","15 x 21 1/2" (38.1 x 54.6 cm)","Gift of the architect",382.1967,Architecture,"Architecture & Design",1967-04-11,yes,458,https://www.moma.org/collection/works/458,https://www.moma.org/media/W1siZiIsIjUxOTcwMiJdLFsicCIsImNvbnZlcnQiLCItcmVzaXplIDEwMjR4MTAyNFx1MDAzZSJdXQ.jpg?sha=056c017f1567e969,NULL,NULL,NULL,NULL,38.10,NULL,NULL,54.60,NULL,NULL
"New York Tower, project, New York, New York, Office plan","Ricardo Bofill",632,"(Spanish, born 1939)",(Spanish),(1939),NULL,(male),1985,"Graphite on print","37 7/8 x 37 7/8" (96.2 x 96.2 cm)","Gift of Ricardo Bofill Taller de Arquitectura",382.1985,Architecture,"Architecture & Design",1985-11-18,yes,459,https://www.moma.org/collection/works/459,https://www.moma.org/media/W1siZiIsIjUyNDA3OCJdLFsicCIsImNvbnZlcnQiLCItcmVzaXplIDEwMjR4MTAyNFx1MDAzZSJdXQ.jpg?sha=dc39b29bdbfe376b,NULL,NULL,NULL,NULL,96.20,NULL,NULL,96.20,NULL,NULL
"Museum of Vulcanism, Saint-Ours-les-Roches, Auvergne, France, Exterior perspective","Hans Hollein",2705,"(Austrian, 1934–2014)",(Austrian),(1934),(2014),(male),1994,"Graphite on electrostatic print","11 3/4 x 15 15/16" (29.8 x 40.5 cm)","Gift of the architect in honor of Lily Auchincloss",382.1994,Architecture,"Architecture & Design",1994-09-21,yes,460,https://www.moma.org/collection/works/460,https://www.moma.org/media/W1siZiIsIjUyNzYyNSJdLFsicCIsImNvbnZlcnQiLCItcmVzaXplIDEwMjR4MTAyNFx1MDAzZSJdXQ.jpg?sha=ff75da1d0cb7db88,NULL,NULL,NULL,NULL,29.80,NULL,NULL,40.50,NULL,NULL
"House for Venice Biennale, project, Venice, Italy, Plans","Cesar Pelli",7528,"(American, born Argentina 1926)",(American),(1926),NULL,(male),1976,"Color pencil and photostat on board","40 x 40" (101.6 x 101.6 cm)","Gift of the architect in honor of Philip Johnson",382.1996,Architecture,"Architecture & Design",1996-09-25,yes,461,https://www.moma.org/collection/works/461,https://www.moma.org/media/W1siZiIsIjUyNzYyNiJdLFsicCIsImNvbnZlcnQiLCItcmVzaXplIDEwMjR4MTAyNFx1MDAzZSJdXQ.jpg?sha=d602836e460ad1fd,NULL,NULL,NULL,NULL,102.60,NULL,NULL,102.60,NULL,NULL
"Salk Institute for Biological Studies (laboratory, meeting house, and housing), La Jolla, California (Laboratory: elevation of studies)","Louis I. Kahn",2964,"(American, born Estonia. 1901–1974)",(American),(1901),(1974),(male),1962,"Charcoal on tracing paper","24 1/8 x 12" (61.3 x 30.5 cm)","Gift of the architect",383.1967,Architecture,"Architecture & Design",1967-04-11,yes,462,https://www.moma.org/collection/works/462,https://www.moma.org/media/W1siZiIsIjEyMzkyNiJdLFsicCIsImNvbnZlcnQiLCItcmVzaXplIDEwMjR4MTAyNFx1MDAzZSJdXQ.jpg?sha=cd212fae848df8bf,NULL,NULL,NULL,NULL,61.30,NULL,NULL,30.50,NULL,NULL
"New York Tower, project, New York, New York, Exterior perspective","Ricardo Bofill",632,"(Spanish, born 1939)",(Spanish),(1939),NULL,(male),1985,"Colored pencil on print","37 7/8 x 37 7/8" (96.2 x 96.2 cm)","Gift of Ricardo Bofill Taller de Arquitectura",383.1985,Architecture,"Architecture & Design",1985-11-18,yes,463,https://www.moma.org/collection/works/463,https://www.moma.org/media/W1siZiIsIjUyNDA3OSJdLFsicCIsImNvbnZlcnQiLCItcmVzaXplIDEwMjR4MTAyNFx1MDAzZSJdXQ.jpg?sha=932969d50ee78414,NULL,NULL,NULL,NULL,96.20,NULL,NULL,96.20,NULL,NULL
"The Completion of Washington, D.C. Project, Washington, D.C., Perspective","Leon Krier",3250,"(Luxembourger, born 1946)",(Luxembourger),(1946),NULL,(male),1984,"Ink and graphite on tracing paper","8 1/4 x w. 11 1/4" (21 x 28.6 cm)","Gift of the architect in honor of Lily Auchincloss",383.1994,Architecture,"Architecture & Design",1994-09-21,yes,464,https://www.moma.org/collection/works/464,https://www.moma.org/media/W1siZiIsIjUyNzYyOCJdLFsicCIsImNvbnZlcnQiLCItcmVzaXplIDEwMjR4MTAyNFx1MDAzZSJdXQ.jpg?sha=72019590d00999dd,NULL,NULL,NULL,NULL,21.00,NULL,NULL,28.60,NULL,NULL
"House for Venice Biennale project, Venice, Italy (Aerial views)","Cesar Pelli",7528,"(American, born Argentina 1926)",(American),(1926),NULL,(male),1976,Photomontage,"40 x 40" (101.6 x 101.6 cm)","Gift of the architect in honor of Philip Johnson",383.1996,Architecture,"Architecture & Design",1996-09-25,yes,465,https://www.moma.org/collection/works/465,NULL,NULL,NULL,NULL,NULL,101.60,NULL,NULL,101.60,NULL,NULL
"Salk Institute for Biological Studies (Laboratory, Meeting House, and Housing), La Jolla, California (Laboratory: perspective)","Louis I. Kahn",2964,"(American, born Estonia. 1901–1974)",(American),(1901),(1974),(male),1962,"Charcoal on tracing paper","19 1/2 x 38 3/4"  (49.5 x 98.4 cm)","Gift of the architect",384.1967,Architecture,"Architecture & Design",1967-04-11,yes,466,https://www.moma.org/collection/works/466,https://www.moma.org/media/W1siZiIsIjUxOTcwMyJdLFsicCIsImNvbnZlcnQiLCItcmVzaXplIDEwMjR4MTAyNFx1MDAzZSJdXQ.jpg?sha=c1d9a1daa0692c74,NULL,NULL,NULL,NULL,49.50,NULL,NULL,98.40,NULL,NULL
"New York Tower, project, New York, New York, Interior perspective","Ricardo Bofill",632,"(Spanish, born 1939)",(Spanish),(1939),NULL,(male),1985,"Colored pencil on print","37 7/8 x 37 7/8" (96.2 x 96.2 cm)","Gift of Ricardo Bofill Taller de Arquitectura",384.1985,Architecture,"Architecture & Design",1985-11-18,yes,467,https://www.moma.org/collection/works/467,https://www.moma.org/media/W1siZiIsIjIyOTQ5MCJdLFsicCIsImNvbnZlcnQiLCItcmVzaXplIDEwMjR4MTAyNFx1MDAzZSJdXQ.jpg?sha=68324699c34003dc,NULL,NULL,NULL,NULL,96.20,NULL,NULL,96.20,NULL,NULL
"Nara Convention Hall Project, Nara, Japan, Competition drawing: east elevation and cross-sections of large and medium halls","Scott Marble, Karen Fairbanks","7419, 7423","(American, born 1960) (American, born 1959)","(American) (American)","(1960) (1959)",NULL,"(male) (female)",1992,"Computer-generated print with Pantone adhesive","28 x 36" (71.1 x 91.4 cm)","Gift of the architects in honor of Lily Auchincloss",384.1994,Architecture,"Architecture & Design",1994-09-21,yes,468,https://www.moma.org/collection/works/468,https://www.moma.org/media/W1siZiIsIjUyNzYyOSJdLFsicCIsImNvbnZlcnQiLCItcmVzaXplIDEwMjR4MTAyNFx1MDAzZSJdXQ.jpg?sha=a3d598e71767549f,NULL,NULL,NULL,NULL,71.10,NULL,NULL,91.40,NULL,NULL
"House for Venice Biennale project, Venice, Italy (View of Model: multiple exterior views of project)","Cesar Pelli",7528,"(American, born Argentina 1926)",(American),(1926),NULL,(male),1976,"Photomontage with colored pencil on board","40 x 40" (101.6 x 101.6 cm)","Gift of the architect in honor of Philip Johnson",384.1996,Architecture,"Architecture & Design",1996-09-25,yes,469,https://www.moma.org/collection/works/469,NULL,NULL,NULL,NULL,NULL,101.60,NULL,NULL,101.60,NULL,NULL
"Eleanor Donnelley Erdman Hall, Bryn Mawr College, Bryn Mawr, Pennsylvania, Plan and elevation sketches","Louis I. Kahn",2964,"(American, born Estonia. 1901–1974)",(American),(1901),(1974),(male),1960-61,"Crayon on tracing paper","12 1/8 x 16" (30.8 x 40.6 cm)","Gift of the architect",385.1967,Architecture,"Architecture & Design",1967-04-11,yes,470,https://www.moma.org/collection/works/470,https://www.moma.org/media/W1siZiIsIjUxOTcwNSJdLFsicCIsImNvbnZlcnQiLCItcmVzaXplIDEwMjR4MTAyNFx1MDAzZSJdXQ.jpg?sha=40f52563f773954f,NULL,NULL,NULL,NULL,30.80,NULL,NULL,40.60,NULL,NULL
"New York Tower project, New York, NY (Tower façade)","Ricardo Bofill, Rogelio Jimenez, Gregory Baird","632, 8823, 8822","(Spanish, born 1939)","(Spanish) () ()","(1939) (0) (0)","(0) (0) (0)","(male) (male) (male)",1985,"Ink and airbrush on paper","38 × 37 3/4" (96.5 × 95.9 cm)","Gift of Ricardo Bofill Taller de Arquitectura",385.1985,Architecture,"Architecture & Design",1985-11-18,yes,471,https://www.moma.org/collection/works/471,NULL,NULL,NULL,NULL,NULL,96.52,NULL,NULL,95.89,NULL,NULL
"Nara Convention Hall Project, Nara, Japan, Perspective","Yoshito Takahashi",7420,"(Japanese, born 1962)",(Japanese),(1962),NULL,(male),1992,"Computer-generated print with airbrush on paper","14 1/4 x 30" (36.2 x 76.2 cm)","Gift of the architect in honor of Lily Auchincloss",385.1994,Architecture,"Architecture & Design",1994-09-21,yes,472,https://www.moma.org/collection/works/472,https://www.moma.org/media/W1siZiIsIjUyNzYzMSJdLFsicCIsImNvbnZlcnQiLCItcmVzaXplIDEwMjR4MTAyNFx1MDAzZSJdXQ.jpg?sha=9f9bf9bf2a35d325,NULL,NULL,NULL,NULL,36.20,NULL,NULL,76.20,NULL,NULL
"House for Venice Biennale project, Venice, Italy (Multiple views of project)","Cesar Pelli",7528,"(American, born Argentina 1926)",(American),(1926),NULL,(male),1976,"Photomontage with colored pencil on board","40 x 40" (101.6 x 101.6 cm)","Gift of the architect in honor of Philip Johnson",385.1996,Architecture,"Architecture & Design",1996-09-25,yes,473,https://www.moma.org/collection/works/473,NULL,NULL,NULL,NULL,NULL,101.60,NULL,NULL,101.60,NULL,NULL
"Eleanor Donnelley Erdman Hall, Bryn Mawr College, Bryn Mawr, Pennsylvania, Plan sketches","Louis I. Kahn",2964,"(American, born Estonia. 1901–1974)",(American),(1901),(1974),(male),1960-61,"Charcoal on tracing paper","12 1/8 x 14 3/4" (30.8 x 37.5 cm)","Gift of the architect",386.1967,Architecture,"Architecture & Design",1967-04-11,yes,474,https://www.moma.org/collection/works/474,https://www.moma.org/media/W1siZiIsIjUxOTcwNyJdLFsicCIsImNvbnZlcnQiLCItcmVzaXplIDEwMjR4MTAyNFx1MDAzZSJdXQ.jpg?sha=9a607a67159701ef,NULL,NULL,NULL,NULL,30.80,NULL,NULL,37.50,NULL,NULL
"New York Tower, project, New York, New York, Window wall detail","Ricardo Bofill",632,"(Spanish, born 1939)",(Spanish),(1939),NULL,(male),1985,"Graphite, colored pencil, and airbrush on print","37 7/8 x 37 7/8" (96.2 x 96.2 cm)","Gift of Ricardo Bofill Taller de Arquitectura",386.1985,Architecture,"Architecture & Design",1985-11-18,yes,475,https://www.moma.org/collection/works/475,https://www.moma.org/media/W1siZiIsIjUyNDA4MCJdLFsicCIsImNvbnZlcnQiLCItcmVzaXplIDEwMjR4MTAyNFx1MDAzZSJdXQ.jpg?sha=45ebd3eb94ce2d29,NULL,NULL,NULL,NULL,96.20,NULL,NULL,96.20,NULL,NULL
"Le Fresnoy, National Studio for Contemporary Arts, Tourcoing, France, Cinematic beams elevation","Bernard Tschumi",7056,"(French and Swiss, born Switzerland 1944)",NULL,(1944),NULL,(male),1992,"Color ink on photographic line print","23 1/4 x 31 1/4" (59 x 79.4 cm)","Gift of the architect in honor of Lily Auchincloss",386.1994,Architecture,"Architecture & Design",1994-09-21,yes,476,https://www.moma.org/collection/works/476,https://www.moma.org/media/W1siZiIsIjUyNzYzMiJdLFsicCIsImNvbnZlcnQiLCItcmVzaXplIDEwMjR4MTAyNFx1MDAzZSJdXQ.jpg?sha=c835098eb95f22b0,NULL,NULL,NULL,NULL,59.00,NULL,NULL,79.40,NULL,NULL
"House for Venice Biennale project, Venice, Italy (Aerial view)","Cesar Pelli",7528,"(American, born Argentina 1926)",(American),(1926),NULL,(male),1976,Photomontage,"40 x 40" (101.6 x 101.6 cm)","Gift of the architect in honor of Philip Johnson",386.1996,Architecture,"Architecture & Design",1996-09-25,yes,477,https://www.moma.org/collection/works/477,NULL,NULL,NULL,NULL,NULL,101.60,NULL,NULL,101.60,NULL,NULL
"Eleanor Donnelley Erdman Hall, Bryn Mawr College, Bryn Mawr, Pennsylvania, Plan sketch","Louis I. Kahn",2964,"(American, born Estonia. 1901–1974)",(American),(1901),(1974),(male),1962,"Charcoal on tracing paper","18 x 53 3/8" (45.7 x 135.6 cm)","Gift of the architect",387.1967,Architecture,"Architecture & Design",1967-04-11,yes,478,https://www.moma.org/collection/works/478,https://www.moma.org/media/W1siZiIsIjUxOTcwOCJdLFsicCIsImNvbnZlcnQiLCItcmVzaXplIDEwMjR4MTAyNFx1MDAzZSJdXQ.jpg?sha=1e5ab65b05f86737,NULL,NULL,NULL,NULL,45.70,NULL,NULL,135.60,NULL,NULL
"New York Tower, project, New York, New York, Arch facade","Ricardo Bofill",632,"(Spanish, born 1939)",(Spanish),(1939),NULL,(male),1985,"Graphite and colored pencil on print","37 7/8 x 37 7/8" (96.2 x 96.2 cm)","Gift of Ricardo Bofill Taller de Arquitectura",387.1985,Architecture,"Architecture & Design",1985-11-18,yes,479,https://www.moma.org/collection/works/479,https://www.moma.org/media/W1siZiIsIjUyNDA4MSJdLFsicCIsImNvbnZlcnQiLCItcmVzaXplIDEwMjR4MTAyNFx1MDAzZSJdXQ.jpg?sha=d1cbd1a2bf41439a,NULL,NULL,NULL,NULL,96.20,NULL,NULL,96.20,NULL,NULL
"Tokyo International Forum, Tokyo, Japan (View of plaza with glass hall)","Rafael Viñoly",7229,"(American, born Uruguay 1944)",(American),(1944),NULL,(male),1991,"Crayon on paper","11 1/2 x 8" (29.2 x 20.3 cm)","Gift of the architect in honor of Lily Auchincloss",387.1994.1,Architecture,"Architecture & Design",1994-09-21,yes,480,https://www.moma.org/collection/works/480,NULL,NULL,NULL,NULL,NULL,29.20,NULL,NULL,20.30,NULL,NULL
"Tokyo International Forum, Tokyo, Japan, Exterior perspectives","Rafael Viñoly",7229,"(American, born Uruguay 1944)",(American),(1944),NULL,(male),1991,"Crayon on paper","11 1/2 x 8" (29.2 x 20.3 cm)","Gift of the architect in honor of Lily Auchincloss",387.1994.1-2,Architecture,"Architecture & Design",1994-09-21,yes,481,https://www.moma.org/collection/works/481,https://www.moma.org/media/W1siZiIsIjUyNzYzMyJdLFsicCIsImNvbnZlcnQiLCItcmVzaXplIDEwMjR4MTAyNFx1MDAzZSJdXQ.jpg?sha=c11befb5bbf8c456,NULL,NULL,NULL,NULL,29.20,NULL,NULL,20.30,NULL,NULL
"Tokyo International Forum, Tokyo, Japan (Exterior perspective)","Rafael Viñoly",7229,"(American, born Uruguay 1944)",(American),(1944),NULL,(male),1991,"Crayon on paper","11 1/2 x 8" (29.2 x 20.3 cm)","Gift of the architect in honor of Lily Auchincloss",387.1994.2,Architecture,"Architecture & Design",1994-09-21,yes,482,https://www.moma.org/collection/works/482,NULL,NULL,NULL,NULL,NULL,29.20,NULL,NULL,20.30,NULL,NULL
"House for Venice Biennale project, Venice, Italy (Aerial view)","Cesar Pelli",7528,"(American, born Argentina 1926)",(American),(1926),NULL,(male),1976,Watercolor,"40 x 40" (101.6 x 101.6 cm)","Gift of the architect in honor of Philip Johnson",387.1996,Architecture,"Architecture & Design",1996-09-25,yes,483,https://www.moma.org/collection/works/483,NULL,NULL,NULL,NULL,NULL,101.60,NULL,NULL,101.60,NULL,NULL
"Traffic Studies, project, Philadelphia, Pennsylvania, Plan of existing movement pattern (MISSING DRAWING)","Louis I. Kahn",2964,"(American, born Estonia. 1901–1974)",(American),(1901),(1974),(male),1952-53,"Ink on white paper","25 1/4 x 42" (64.1 x 106.7 cm)","Gift of the architect",388.1964,Architecture,"Architecture & Design",1964-04-14,no,484,NULL,NULL,NULL,NULL,NULL,NULL,50.80,NULL,NULL,106.68,NULL,NULL
"Fine Arts Center, School, and Performing Arts Theater, Fort Wayne, Indiana (Site-plan sketch)","Louis I. Kahn",2964,"(American, born Estonia. 1901–1974)",(American),(1901),(1974),(male),1963,"Charcoal on tracing paper","12 x 23 1/4" (30.5 x 59.1 cm)","Gift of the architect",388.1967,Architecture,"Architecture & Design",1967-04-11,yes,485,https://www.moma.org/collection/works/485,https://www.moma.org/media/W1siZiIsIjUxOTcwOSJdLFsicCIsImNvbnZlcnQiLCItcmVzaXplIDEwMjR4MTAyNFx1MDAzZSJdXQ.jpg?sha=47b946d4b903f3a5,NULL,NULL,NULL,NULL,30.48,NULL,NULL,59.06,NULL,NULL
"New York Tower, project, New York, New York, Arch plan and section","Ricardo Bofill",632,"(Spanish, born 1939)",(Spanish),(1939),NULL,(male),1985,"Graphite and colored pencil on print","37 7/8 x 37 7/8" (96.2 x 96.2 cm)","Gift of Ricardo Bofill Taller de Arquitectura",388.1985,Architecture,"Architecture & Design",1985-11-18,yes,486,https://www.moma.org/collection/works/486,https://www.moma.org/media/W1siZiIsIjUyNDA4MiJdLFsicCIsImNvbnZlcnQiLCItcmVzaXplIDEwMjR4MTAyNFx1MDAzZSJdXQ.jpg?sha=bf4f0f0d3952d447,NULL,NULL,NULL,NULL,96.20,NULL,NULL,96.20,NULL,NULL
"House for Venice Biennale, project, Venice, Italy, Aerial view","Cesar Pelli",7528,"(American, born Argentina 1926)",(American),(1926),NULL,(male),1976,"Watercolor and ink on paper","40 x 40" (101.6 x 101.6 cm)","Gift of the architect in honor of Philip Johnson",388.1996,Architecture,"Architecture & Design",1996-09-25,yes,487,https://www.moma.org/collection/works/487,https://www.moma.org/media/W1siZiIsIjUyNzYzNCJdLFsicCIsImNvbnZlcnQiLCItcmVzaXplIDEwMjR4MTAyNFx1MDAzZSJdXQ.jpg?sha=66483f338e83cb0f,NULL,NULL,NULL,NULL,102.60,NULL,NULL,102.60,NULL,NULL
"Traffic Study project , Philadelphia, PA (Plan of proposed traffic-movement pattern)","Louis I. Kahn",2964,"(American, born Estonia. 1901–1974)",(American),(1901),(1974),(male),1952,"Ink, graphite, and cut-and-pasted papers on paper","24 1/2 x 42 3/4" (62.2 x 108.6 cm)","Gift of the architect",389.1964,Architecture,"Architecture & Design",1964-04-14,yes,488,https://www.moma.org/collection/works/488,https://www.moma.org/media/W1siZiIsIjUxODUxNCJdLFsicCIsImNvbnZlcnQiLCItcmVzaXplIDEwMjR4MTAyNFx1MDAzZSJdXQ.jpg?sha=a65e0b16a0f4c45e,NULL,NULL,NULL,NULL,52.10,NULL,NULL,108.60,NULL,NULL
"Mikveh Israel Synagogue, project, Philadelphia, Pennsylvania, Plan sketches","Louis I. Kahn",2964,"(American, born Estonia. 1901–1974)",(American),(1901),(1974),(male),1963,"Charcoal on tracing paper","18 x 33 1/2" (45.7 x 85.1 cm)","Gift of the architect",389.1967,Architecture,"Architecture & Design",1967-04-11,yes,489,https://www.moma.org/collection/works/489,https://www.moma.org/media/W1siZiIsIjUxOTcxMCJdLFsicCIsImNvbnZlcnQiLCItcmVzaXplIDEwMjR4MTAyNFx1MDAzZSJdXQ.jpg?sha=11044ff976f4aeac,NULL,NULL,NULL,NULL,45.70,NULL,NULL,85.10,NULL,NULL
"Antigone: La Place du Nombre d'Or, Montpellier, France, Elevation","Ricardo Bofill",632,"(Spanish, born 1939)",(Spanish),(1939),NULL,(male),"c. 1978-84","Ink on vellum","14 7/8 x 70 1/2" (37.8 x 179.1 cm)","Gift of Ricardo Bofill Taller de Arquitectura",389.1985,Architecture,"Architecture & Design",1985-11-18,yes,490,https://www.moma.org/collection/works/490,https://www.moma.org/media/W1siZiIsIjUyNDA4MyJdLFsicCIsImNvbnZlcnQiLCItcmVzaXplIDEwMjR4MTAyNFx1MDAzZSJdXQ.jpg?sha=a3a591b642bb4fca,NULL,NULL,NULL,NULL,37.80,NULL,NULL,179.10,NULL,NULL
"House for Venice Biennale project, Venice, Italy (Analysis of project)","Cesar Pelli",7528,"(American, born Argentina 1926)",(American),(1926),NULL,(male),1976,Photomontage,"40 x 40" (101.6 x 101.6 cm)","Gift of the architect in honor of Philip Johnson",389.1996,Architecture,"Architecture & Design",1996-09-25,yes,491,https://www.moma.org/collection/works/491,NULL,NULL,NULL,NULL,NULL,101.60,NULL,NULL,101.60,NULL,NULL
"Sher-e-Bangla Nagar, Capital of Bangladesh, Dhaka, Bangladesh (Prayer Hall: plan and elevation sketches)","Louis I. Kahn",2964,"(American, born Estonia. 1901–1974)",(American),(1901),(1974),(male),1964,"Charcoal and graphite on tracing paper","14 3/4 x 14 1/8" (37.5 x 35.9 cm)","Gift of the architect",390.1964,Architecture,"Architecture & Design",1964-04-14,yes,492,https://www.moma.org/collection/works/492,https://www.moma.org/media/W1siZiIsIjUxODUxNSJdLFsicCIsImNvbnZlcnQiLCItcmVzaXplIDEwMjR4MTAyNFx1MDAzZSJdXQ.jpg?sha=74f55d538acbce95,NULL,NULL,NULL,NULL,37.47,NULL,NULL,35.88,NULL,NULL
"Mikveh Israel Synagogue, project, Philadelphia, Pennsylvania, Perspective drawing","Louis I. Kahn",2964,"(American, born Estonia. 1901–1974)",(American),(1901),(1974),(male),1962,"Charcoal on tracing paper","23 7/8 x 36 5/8" (60.6 x 93 cm)","Gift of the architect",390.1967,Architecture,"Architecture & Design",1967-04-11,yes,493,https://www.moma.org/collection/works/493,https://www.moma.org/media/W1siZiIsIjUxOTcxMSJdLFsicCIsImNvbnZlcnQiLCItcmVzaXplIDEwMjR4MTAyNFx1MDAzZSJdXQ.jpg?sha=0163f59ca6425c58,NULL,NULL,NULL,NULL,60.60,NULL,NULL,93.00,NULL,NULL
"Preliminary color scheme for ceiling and short walls of dance hall in Café Aubette, Strasbourg, France","Theo van Doesburg",6076,"(Dutch, 1883–1931)",(Dutch),(1883),(1931),(male),1926–1928,"Ink and gouache on paper","10 3/4 x 24 3/4" (27.3 x 62.9 cm)","Gift of Lily Auchincloss, Celeste Bartos, and Marshall Cogan",390.1982,Architecture,"Architecture & Design",1982-10-27,yes,494,https://www.moma.org/collection/works/494,https://www.moma.org/media/W1siZiIsIjUyMTQ0MyJdLFsicCIsImNvbnZlcnQiLCItcmVzaXplIDEwMjR4MTAyNFx1MDAzZSJdXQ.jpg?sha=74bd6bbb8ac627ce,NULL,NULL,NULL,NULL,27.30,NULL,NULL,62.90,NULL,NULL
"Antigone: La Place du Nombre d'Or, Montpellier, France, Interior-court elevation","Ricardo Bofill",632,"(Spanish, born 1939)",(Spanish),(1939),NULL,(male),"c. 1978-84","Ink on vellum","15 3/8 x 70 1/8" (39.1 x 178.1 cm)","Gift of Ricardo Bofill Taller de Arquitectura",390.1985,Architecture,"Architecture & Design",1985-11-18,yes,495,https://www.moma.org/collection/works/495,https://www.moma.org/media/W1siZiIsIjUyNDA4NCJdLFsicCIsImNvbnZlcnQiLCItcmVzaXplIDEwMjR4MTAyNFx1MDAzZSJdXQ.jpg?sha=d03b0880070457b3,NULL,NULL,NULL,NULL,39.10,NULL,NULL,178.10,NULL,NULL
"House for Venice Biennale project, Venice, Italy (Analysis of project)","Cesar Pelli",7528,"(American, born Argentina 1926)",(American),(1926),NULL,(male),1976,Photomontage,"40 x 40" (101.6 x 101.6 cm)","Gift of the architect in honor of Philip Johnson",390.1996,Architecture,"Architecture & Design",1996-09-25,yes,496,https://www.moma.org/collection/works/496,NULL,NULL,NULL,NULL,NULL,101.60,NULL,NULL,101.60,NULL,NULL
"Sher-e-Bangla Nagar, Capital of Bangladesh, Dhaka, Bangladesh (Site plan and elevation sketches)","Louis I. Kahn",2964,"(American, born Estonia. 1901–1974)",(American),(1901),(1974),(male),1962,"Graphite and crayon on tracing paper","10 3/8 x 18 3/4" (26.4 x 47.6 cm)","Gift of the architect",391.1964,Architecture,"Architecture & Design",1964-04-14,yes,497,https://www.moma.org/collection/works/497,https://www.moma.org/media/W1siZiIsIjUxODUxNiJdLFsicCIsImNvbnZlcnQiLCItcmVzaXplIDEwMjR4MTAyNFx1MDAzZSJdXQ.jpg?sha=56d4cf9e9385bd10,NULL,NULL,NULL,NULL,26.40,NULL,NULL,47.60,NULL,NULL
"Mikveh Israel Synagogue, project, Philadelphia, Pennsylvania, Interior perspective sketch","Louis I. Kahn",2964,"(American, born Estonia. 1901–1974)",(American),(1901),(1974),(male),1963,"Charcoal on tracing paper","18 x 23" (45.7 x 58.4 cm)","Gift of the architect",391.1967,Architecture,"Architecture & Design",1967-04-11,yes,498,https://www.moma.org/collection/works/498,https://www.moma.org/media/W1siZiIsIjUxOTcxMiJdLFsicCIsImNvbnZlcnQiLCItcmVzaXplIDEwMjR4MTAyNFx1MDAzZSJdXQ.jpg?sha=8e3a51ead0269fbd,NULL,NULL,NULL,NULL,45.70,NULL,NULL,58.40,NULL,NULL
"Preliminary color scheme for floor and long walls of dance hall in Café Aubette, Strasbourg, France","Theo van Doesburg",6076,"(Dutch, 1883–1931)",(Dutch),(1883),(1931),(male),1927,"Ink, gouache, and metallic gouache on paper","21 x 14 3/4" (53.3 x 37.5 cm)","Gift of Lily Auchincloss, Celeste Bartos, and Marshall Cogan",391.1982,Architecture,"Architecture & Design",1982-10-27,yes,499,https://www.moma.org/collection/works/499,https://www.moma.org/media/W1siZiIsIjQwNDc2MSJdLFsicCIsImNvbnZlcnQiLCItcmVzaXplIDEwMjR4MTAyNFx1MDAzZSJdXQ.jpg?sha=471f3853b6913f80,NULL,NULL,NULL,NULL,53.30,NULL,NULL,37.50,NULL,NULL
"La Place du Nombre d'Or, Antigone, Montpellier, France, Aerial perspective","Ricardo Bofill",632,"(Spanish, born 1939)",(Spanish),(1939),NULL,(male),"c. 1978-84","Ink and felt-tipped pen on tracing paper","16 5/8 x 21 7/8" (42.2 x 55.6 cm)","Gift of the architect",391.1985,Architecture,"Architecture & Design",1985-11-18,yes,500,https://www.moma.org/collection/works/500,https://www.moma.org/media/W1siZiIsIjUyNDA4NSJdLFsicCIsImNvbnZlcnQiLCItcmVzaXplIDEwMjR4MTAyNFx1MDAzZSJdXQ.jpg?sha=3fd3e312a6c60fd9,NULL,NULL,NULL,NULL,42.20,NULL,NULL,55.60,NULL,NULL
"House for Venice Biennale project, Venice, Italy (Collaborators on project)","Cesar Pelli",7528,"(American, born Argentina 1926)",(American),(1926),NULL,(male),1976,Photomontage,"40 x 40" (101.6 x 101.6 cm)","Gift of the architect in honor of Philip Johnson",391.1996,Architecture,"Architecture & Design",1996-09-25,yes,501,https://www.moma.org/collection/works/501,NULL,NULL,NULL,NULL,NULL,101.60,NULL,NULL,101.60,NULL,NULL
"Sher-e-Bangla Nagar, Capital of Bangladesh, Dhaka, Bangladesh (Site-plan and elevation sketches)","Louis I. Kahn",2964,"(American, born Estonia. 1901–1974)",(American),(1901),(1974),(male),1963,"Charcoal on yellow tracing paper","17 3/4 x 24 1/2" (45.1 x 62.2 cm)","Gift of the architect",392.1964,Architecture,"Architecture & Design",1964-04-14,yes,502,https://www.moma.org/collection/works/502,https://www.moma.org/media/W1siZiIsIjUxODUxNyJdLFsicCIsImNvbnZlcnQiLCItcmVzaXplIDEwMjR4MTAyNFx1MDAzZSJdXQ.jpg?sha=36451bf531861742,NULL,NULL,NULL,NULL,45.10,NULL,NULL,62.20,NULL,NULL
"Mikveh Israel Synagogue, project, Philadelphia, Pennsylvania, Ceiling sketch","Louis I. Kahn",2964,"(American, born Estonia. 1901–1974)",(American),(1901),(1974),(male),1965,"Charcoal and graphite on tracing paper","12 x 15 1/2" (30.5 x 39.4 cm)","Gift of the architect",392.1967,Architecture,"Architecture & Design",1967-04-11,yes,503,https://www.moma.org/collection/works/503,https://www.moma.org/media/W1siZiIsIjUxOTcxMyJdLFsicCIsImNvbnZlcnQiLCItcmVzaXplIDEwMjR4MTAyNFx1MDAzZSJdXQ.jpg?sha=5adbda82b1bd236f,NULL,NULL,NULL,NULL,30.50,NULL,NULL,39.40,NULL,NULL
"Staatsgalerie Stuttgart, Stuttgart, Germany, Elevation of gallery entrance","James Stirling",5668,"(British, born Scotland 1926–1992)",(British),(1926),(1992),(male),1978,"Graphite and color pencil on tracing paper","25 1/4 x 16 7/8" (64.1 x 42.9 cm)","Gift of the architect",392.1982,Architecture,"Architecture & Design",1982-10-27,yes,504,https://www.moma.org/collection/works/504,https://www.moma.org/media/W1siZiIsIjUyMTQ0NCJdLFsicCIsImNvbnZlcnQiLCItcmVzaXplIDEwMjR4MTAyNFx1MDAzZSJdXQ.jpg?sha=dfc955230dbbcbdb,NULL,NULL,NULL,NULL,64.10,NULL,NULL,42.90,NULL,NULL
"Les Eschelles du Baroque Apartment Building, Paris, France, Plan study","Ricardo Bofill",632,"(Spanish, born 1939)",(Spanish),(1939),NULL,(male),1979–1985,"Felt-tippped pen on tracing paper","16 3/4 x 18 3/8" (42.5 x 46.7 cm)","Gift of Ricardo Bofill Taller de Arquitectura",392.1985,Architecture,"Architecture & Design",1985-11-18,yes,505,https://www.moma.org/collection/works/505,https://www.moma.org/media/W1siZiIsIjUyNDA4NiJdLFsicCIsImNvbnZlcnQiLCItcmVzaXplIDEwMjR4MTAyNFx1MDAzZSJdXQ.jpg?sha=185e50f6adb00c81,NULL,NULL,NULL,NULL,42.50,NULL,NULL,46.70,NULL,NULL
"House for Venice Biennale project, Venice, Italy (Aerial view of model)","Cesar Pelli",7528,"(American, born Argentina 1926)",(American),(1926),NULL,(male),1976,"Photograph on board","40 x 40" (101.6 x 101.6 cm)","Gift of the architect in honor of Philip Johnson",392.1996,Architecture,"Architecture & Design",1996-09-25,yes,506,https://www.moma.org/collection/works/506,NULL,NULL,NULL,NULL,NULL,101.60,NULL,NULL,101.60,NULL,NULL
"Sher-e-Bangla Nagar, Capital of Bangladesh, Dhaka, Bangladesh (Plan sketch)","Louis I. Kahn",2964,"(American, born Estonia. 1901–1974)",(American),(1901),(1974),(male),1963,"Charcoal on tracing paper","12 x 18" (30.5 x 45.7 cm)","Gift of the architect",393.1964,Architecture,"Architecture & Design",1964-04-14,yes,507,https://www.moma.org/collection/works/507,https://www.moma.org/media/W1siZiIsIjUxODUxOCJdLFsicCIsImNvbnZlcnQiLCItcmVzaXplIDEwMjR4MTAyNFx1MDAzZSJdXQ.jpg?sha=cdffd5ca5695649b,NULL,NULL,NULL,NULL,28.60,NULL,NULL,31.80,NULL,NULL
"Mikveh Israel Synagogue, project, Philadelphia, Pennsylvania, Plan and perspective sketches","Louis I. Kahn",2964,"(American, born Estonia. 1901–1974)",(American),(1901),(1974),(male),1965,"Graphite on tracing paper","18 1/8 x 30 1/2" (46 x 77.5 cm)","Gift of the architect",393.1967,Architecture,"Architecture & Design",1967-04-11,yes,508,https://www.moma.org/collection/works/508,https://www.moma.org/media/W1siZiIsIjUxOTcxNCJdLFsicCIsImNvbnZlcnQiLCItcmVzaXplIDEwMjR4MTAyNFx1MDAzZSJdXQ.jpg?sha=c8948261c55da64d,NULL,NULL,NULL,NULL,46.00,NULL,NULL,77.50,NULL,NULL
"Staatsgalerie Stuttgart, Stuttgart, Germany, Elevation of gallery entrance and perspective of canopy from below","James Stirling",5668,"(British, born Scotland 1926–1992)",(British),(1926),(1992),(male),1978,"Graphite and color pencil on tracing paper","21 x 19 7/8" (53.3 x 50.5 cm)","Gift of the architect",393.1982,Architecture,"Architecture & Design",1982-10-27,yes,509,https://www.moma.org/collection/works/509,https://www.moma.org/media/W1siZiIsIjU1MDA0NiJdLFsicCIsImNvbnZlcnQiLCItcmVzaXplIDEwMjR4MTAyNFx1MDAzZSJdXQ.jpg?sha=49ce722c9314e440,NULL,NULL,NULL,NULL,53.34,NULL,NULL,50.48,NULL,NULL
"Les Eschelles du Baroque Apartment Building, Paris, France, Facade detail with column","Ricardo Bofill",632,"(Spanish, born 1939)",(Spanish),(1939),NULL,(male),1987,"Felt-tipped pen and colored pencil on tracing paper","16 1/2 x 23 1/4" (41.9 x 59.1 cm)","Gift of Ricardo Bofill Taller de Arquitectura",393.1985,Architecture,"Architecture & Design",1985-11-18,yes,510,https://www.moma.org/collection/works/510,https://www.moma.org/media/W1siZiIsIjUyNDA4NyJdLFsicCIsImNvbnZlcnQiLCItcmVzaXplIDEwMjR4MTAyNFx1MDAzZSJdXQ.jpg?sha=eee47e12af51d0be,NULL,NULL,NULL,NULL,41.90,NULL,NULL,59.10,NULL,NULL
"Beach Road II Office Tower Project, Singapore (Exterior perspective)","Paul Rudolph",5076,"(American, 1918–1997)",(American),(1918),(1997),(male),1981,"Ink and graphite on tracing paper","79 1/2 x 39 1/2" (201.9 x 100.3 cm)","Gift of the architect in honor of Philip Johnson",393.1996,Architecture,"Architecture & Design",1996-09-25,yes,511,https://www.moma.org/collection/works/511,https://www.moma.org/media/W1siZiIsIjIxMTIzOSJdLFsicCIsImNvbnZlcnQiLCItcmVzaXplIDEwMjR4MTAyNFx1MDAzZSJdXQ.jpg?sha=e2a0ae35343f16b5,NULL,NULL,5.10,NULL,210.80,NULL,NULL,108.30,NULL,NULL
"Sher-e-Bangla Nagar, Capital of Bangladesh, Dhaka, Bangladesh (Plan sketch)","Louis I. Kahn",2964,"(American, born Estonia. 1901–1974)",(American),(1901),(1974),(male),1963,"Charcoal on tracing paper","13 x 19 1/2" (33 x 49.5 cm)","Gift of the architect",394.1964,Architecture,"Architecture & Design",1964-04-14,yes,512,https://www.moma.org/collection/works/512,https://www.moma.org/media/W1siZiIsIjUxOTI1NyJdLFsicCIsImNvbnZlcnQiLCItcmVzaXplIDEwMjR4MTAyNFx1MDAzZSJdXQ.jpg?sha=c1455c63f1c4885a,NULL,NULL,NULL,NULL,27.90,NULL,NULL,33.00,NULL,NULL
"Mikveh Israel Synagogue, project, Philadelphia, Pennsylvania, Perspective sketch","Louis I. Kahn",2964,"(American, born Estonia. 1901–1974)",(American),(1901),(1974),(male),1965,"Crayon on tracing paper","18 x 35 7/8" (45.7 x 91.1 cm)","Gift of the architect",394.1967,Architecture,"Architecture & Design",1967-04-11,yes,513,https://www.moma.org/collection/works/513,https://www.moma.org/media/W1siZiIsIjUxOTcxNSJdLFsicCIsImNvbnZlcnQiLCItcmVzaXplIDEwMjR4MTAyNFx1MDAzZSJdXQ.jpg?sha=9fb72065c28c4339,NULL,NULL,NULL,NULL,45.70,NULL,NULL,91.10,NULL,NULL
"Staatsgalerie Stuttgart, Stuttgart, Germany, View of library from below","James Stirling",5668,"(British, born Scotland 1926–1992)",(British),(1926),(1992),(male),1978,"Graphite and color pencil on tracing paper","31 x 32" (78.7 x 81.3 cm)","Gift of the architect",394.1982,Architecture,"Architecture & Design",1982-10-27,yes,514,https://www.moma.org/collection/works/514,https://www.moma.org/media/W1siZiIsIjUyMTQ0NSJdLFsicCIsImNvbnZlcnQiLCItcmVzaXplIDEwMjR4MTAyNFx1MDAzZSJdXQ.jpg?sha=eb9c832f9a85c787,NULL,NULL,NULL,NULL,78.70,NULL,NULL,81.30,NULL,NULL
"Arkhitekturnye Fantazii","Iakov Chernikhov",1093,"(Russian, born Ukraine. 1889–1951)",(Russian),(1889),(1951),(male),"before 1933",Letterpress,"12 x 8 7/8" (30.5 x 22.5 cm)","Arthur A. Cohen Purchase Fund",394.1985,Architecture,"Architecture & Design",1985-11-18,yes,515,https://www.moma.org/collection/works/515,https://www.moma.org/media/W1siZiIsIjUyNDA4OCJdLFsicCIsImNvbnZlcnQiLCItcmVzaXplIDEwMjR4MTAyNFx1MDAzZSJdXQ.jpg?sha=8628f632e6f7520c,NULL,NULL,NULL,NULL,30.50,NULL,NULL,22.50,NULL,NULL
"Formmutation I, project","Wolf D. Prix, Helmut Swiczinsky","7572, 7573","(Austrian, born 1942) (Polish, born 1944)","(Austrian) (Polish)","(1942) (1944)",NULL,"(male) (male)",1981,"Graphite on paper","11 3/4 x 16 1/2" (29.8 x 41.9 cm)","Frederieke Taylor Purchase Fund",394.1988,Architecture,"Architecture & Design",1988-11-22,yes,516,https://www.moma.org/collection/works/516,https://www.moma.org/media/W1siZiIsIjUyNzEyMyJdLFsicCIsImNvbnZlcnQiLCItcmVzaXplIDEwMjR4MTAyNFx1MDAzZSJdXQ.jpg?sha=92457aef6918d040,NULL,NULL,NULL,NULL,29.80,NULL,NULL,41.90,NULL,NULL
"Feature Animation Building, The Walt Disney Company, Burbank, California, South elevation, preliminary study","Robert A. M. Stern",7606,"(American, born 1939)",(American),(1939),NULL,(male),1992,"Color pencil on paper","9 3/4 x 38 7/8" (24.8 x 98.7 cm)","Gift of the architect in honor of Philip Johnson",394.1996,Architecture,"Architecture & Design",1996-09-25,yes,517,https://www.moma.org/collection/works/517,https://www.moma.org/media/W1siZiIsIjUyNzYzOSJdLFsicCIsImNvbnZlcnQiLCItcmVzaXplIDEwMjR4MTAyNFx1MDAzZSJdXQ.jpg?sha=5b542fcb86c195b7,NULL,NULL,NULL,NULL,24.80,NULL,NULL,98.70,NULL,NULL
"Sher-e-Bangla Nagar, Capital of Bangladesh, Dhaka, Bangladesh (National Assembly Building: plan sketch)","Louis I. Kahn",2964,"(American, born Estonia. 1901–1974)",(American),(1901),(1974),(male),1963,"Charcoal on tracing paper","10 1/8 x 11 7/8" (25.7 x 30.2 cm)","Gift of the architect",395.1964,Architecture,"Architecture & Design",1964-04-14,yes,518,https://www.moma.org/collection/works/518,https://www.moma.org/media/W1siZiIsIjUxOTI1OCJdLFsicCIsImNvbnZlcnQiLCItcmVzaXplIDEwMjR4MTAyNFx1MDAzZSJdXQ.jpg?sha=3abd424826f16b86,NULL,NULL,NULL,NULL,25.70,NULL,NULL,30.20,NULL,NULL
"Sher-e-Bangla Nagar, Capital of Bangladesh, Dhaka, Bangladesh, Preliminary sketches of the Citadel of the Assembly","Louis I. Kahn",2964,"(American, born Estonia. 1901–1974)",(American),(1901),(1974),(male),1962,"Crayon, charcoal, and graphite on tracing paper","24 x 38 1/2" (61 x 97.8 cm)","Gift of the architect",395.1967,Architecture,"Architecture & Design",1967-04-11,yes,519,https://www.moma.org/collection/works/519,https://www.moma.org/media/W1siZiIsIjUxOTcxNiJdLFsicCIsImNvbnZlcnQiLCItcmVzaXplIDEwMjR4MTAyNFx1MDAzZSJdXQ.jpg?sha=0faa57280b07b2cc,NULL,NULL,NULL,NULL,61.00,NULL,NULL,97.80,NULL,NULL
"Staatsgalerie Stuttgart, Stuttgart, Germany, View of administration entrance from below","James Stirling",5668,"(British, born Scotland 1926–1992)",(British),(1926),(1992),(male),1978,"Graphite and color pencil on tracing paper","31 1/2 x 20 1/8 (80 x 51.1 cm)","Gift of the architect",395.1982,Architecture,"Architecture & Design",1982-10-27,yes,520,https://www.moma.org/collection/works/520,https://www.moma.org/media/W1siZiIsIjUyMTQ0NiJdLFsicCIsImNvbnZlcnQiLCItcmVzaXplIDEwMjR4MTAyNFx1MDAzZSJdXQ.jpg?sha=8b8b0a99ba1db768,NULL,NULL,NULL,NULL,80.00,NULL,NULL,51.10,NULL,NULL
"The Completion of Washington, D.C., project, Washington, D.C., Aerial perspective","Leon Krier",3250,"(Luxembourger, born 1946)",(Luxembourger),(1946),NULL,(male),1985,"Ink, crayon, and colored pencil on vellum","30 x 42" (76.2 x 106.7 cm)",Purchase,395.1985,Architecture,"Architecture & Design",1985-11-18,yes,521,https://www.moma.org/collection/works/521,https://www.moma.org/media/W1siZiIsIjUyNDA4OSJdLFsicCIsImNvbnZlcnQiLCItcmVzaXplIDEwMjR4MTAyNFx1MDAzZSJdXQ.jpg?sha=8eb7cd66b783511f,NULL,NULL,NULL,NULL,76.20,NULL,NULL,106.70,NULL,NULL
"Eclectic House Facade, project","Venturi and Rauch, John Rauch, Robert Venturi","8213, 8214, 6132","(American, est. 1964–1979) (American, born 1930) (American, 1925–2018)","(American) (American) (American)","(1964) (1930) (1925)","(1979) (0) (2018)","() (male) (male)",1977,"Color overlay on photostat, mounted on Fome-Cor","18 x 18 (45.7 x 45.7 cm)","Gift of Kenneth Walker",395.1988,Architecture,"Architecture & Design",1988-11-22,yes,522,https://www.moma.org/collection/works/522,https://www.moma.org/media/W1siZiIsIjUyNzEyNCJdLFsicCIsImNvbnZlcnQiLCItcmVzaXplIDEwMjR4MTAyNFx1MDAzZSJdXQ.jpg?sha=7a07d53ac3ce4c73,NULL,NULL,NULL,NULL,45.70,NULL,NULL,45.70,NULL,NULL
"Seville World Fair, Oman Pavilion, project, Seville, Spain, Axonometric","James Wines, Alison Sky, Michelle Stone, Emilio Sousa","7570, 8225, 8226, 8227","(American, born 1932) (American) (American, born 1944) (American, born 1944)","(American) (American) (American) (American)","(1932) (0) (1944) (1944)","(0) (0) (0) (0)","(male) (female) (female) (male)",1989,"Watercolor on paper","17 x 22" (43.2 x 55.9 cm)","Gift of the architect in honor of Philip Johnson",395.1996,Architecture,"Architecture & Design",1996-09-25,yes,523,https://www.moma.org/collection/works/523,https://www.moma.org/media/W1siZiIsIjUyNzY0MCJdLFsicCIsImNvbnZlcnQiLCItcmVzaXplIDEwMjR4MTAyNFx1MDAzZSJdXQ.jpg?sha=43b153e32073f239,NULL,NULL,NULL,NULL,43.18,NULL,NULL,55.88,NULL,NULL
"Sher-e-Bangla Nagar, Capital of Bangladesh, Dhaka, Bangladesh, National Assembly Building: plan and sketches","Louis I. Kahn",2964,"(American, born Estonia. 1901–1974)",(American),(1901),(1974),(male),1963,"Graphite on tracing paper","12 x 17" (30.5 x 43.2 cm)","Gift of the architect",396.1964,Architecture,"Architecture & Design",1964-04-14,yes,524,https://www.moma.org/collection/works/524,https://www.moma.org/media/W1siZiIsIjUxOTI1OSJdLFsicCIsImNvbnZlcnQiLCItcmVzaXplIDEwMjR4MTAyNFx1MDAzZSJdXQ.jpg?sha=56989528afd3f9b1,NULL,NULL,NULL,NULL,30.48,NULL,NULL,43.18,NULL,NULL
"Sher-e-Bangla Nagar, Capital of Bangladesh, Dhaka, Bangladesh, Site-plan sketch","Louis I. Kahn",2964,"(American, born Estonia. 1901–1974)",(American),(1901),(1974),(male),1964,"Charcoal and graphite on tracing paper","12 x 23 1/2" (30.5 x 59.7 cm)","Gift of the architect",396.1967,Architecture,"Architecture & Design",1967-04-11,yes,525,https://www.moma.org/collection/works/525,https://www.moma.org/media/W1siZiIsIjUxOTcxNyJdLFsicCIsImNvbnZlcnQiLCItcmVzaXplIDEwMjR4MTAyNFx1MDAzZSJdXQ.jpg?sha=7cd39addb991d1f6,NULL,NULL,NULL,NULL,30.50,NULL,NULL,59.70,NULL,NULL
"Staatsgalerie Stuttgart, Stuttgart, Germany, View of the theater arch from below","James Stirling",5668,"(British, born Scotland 1926–1992)",(British),(1926),(1992),(male),1978,"Graphite and color pencil on tracing paper","23 3/8 x 19 7/8" (59.4 x 50.5 cm)","Gift of the architect",396.1982,Architecture,"Architecture & Design",1982-10-27,yes,526,https://www.moma.org/collection/works/526,https://www.moma.org/media/W1siZiIsIjUyMTQ0NyJdLFsicCIsImNvbnZlcnQiLCItcmVzaXplIDEwMjR4MTAyNFx1MDAzZSJdXQ.jpg?sha=d8cd32ed7a57d44d,NULL,NULL,NULL,NULL,59.40,NULL,NULL,50.50,NULL,NULL
"The Completion of Washington, D.C., project, Washington, D.C., Plan","Leon Krier",3250,"(Luxembourger, born 1946)",(Luxembourger),(1946),NULL,(male),1985,"Ink, crayon, and colored pencil on vellum","22 1/2 x 42 1/4" (57.2 x 107.3 cm)",Purchase,396.1985,Architecture,"Architecture & Design",1985-11-18,yes,527,https://www.moma.org/collection/works/527,https://www.moma.org/media/W1siZiIsIjUyNDA5MCJdLFsicCIsImNvbnZlcnQiLCItcmVzaXplIDEwMjR4MTAyNFx1MDAzZSJdXQ.jpg?sha=a85c6554e223ce64,NULL,NULL,NULL,NULL,57.20,NULL,NULL,107.30,NULL,NULL
"ABN-AMRO Bank Project, Amsterdam, The Netherlands, Elevation of Nederlander Boogie Woogie","Harry C. Wolf",7571,"(American, born 1935)",(American),(1935),NULL,(male),1996,"Ink on Mylar","23 1/4 x 23 7/8" (59.1 x 60.6 cm)","Gift of the architect in honor of Philip Johnson",396.1996,Architecture,"Architecture & Design",1996-09-25,yes,528,https://www.moma.org/collection/works/528,https://www.moma.org/media/W1siZiIsIjUyNzY0MiJdLFsicCIsImNvbnZlcnQiLCItcmVzaXplIDEwMjR4MTAyNFx1MDAzZSJdXQ.jpg?sha=f0492c3571714e57,NULL,NULL,NULL,NULL,70.80,NULL,NULL,71.10,NULL,NULL
"Fine Arts Center, School, and Performing Arts Theater, Fort Wayne, Indiana (Site-plan sketch)","Louis I. Kahn",2964,"(American, born Estonia. 1901–1974)",(American),(1901),(1974),(male),1963,"Charcoal on tracing paper","12 x 23 3/8" (30.5 x 59.4 cm)","Gift of the architect",397.1964,Architecture,"Architecture & Design",1964-04-14,yes,529,https://www.moma.org/collection/works/529,https://www.moma.org/media/W1siZiIsIjUxOTI2MCJdLFsicCIsImNvbnZlcnQiLCItcmVzaXplIDEwMjR4MTAyNFx1MDAzZSJdXQ.jpg?sha=c30cf4f0d99d0caf,NULL,NULL,NULL,NULL,30.50,NULL,NULL,54.60,NULL,NULL
"Sher-e-Bangla Nagar, Capital of Bangladesh, Dhaka, Bangladesh, Site-plan sketch","Louis I. Kahn",2964,"(American, born Estonia. 1901–1974)",(American),(1901),(1974),(male),1964,"Charcoal, crayon, and graphite on tracing paper","18 x 33 1/2" (45.7 x 85.1 cm)","Gift of the architect",397.1967,Architecture,"Architecture & Design",1967-04-11,yes,530,https://www.moma.org/collection/works/530,https://www.moma.org/media/W1siZiIsIjUxOTcxOCJdLFsicCIsImNvbnZlcnQiLCItcmVzaXplIDEwMjR4MTAyNFx1MDAzZSJdXQ.jpg?sha=d8ef2eb4e36d253b,NULL,NULL,NULL,NULL,45.70,NULL,NULL,85.10,NULL,NULL
"Staatsgalerie Stuttgart, Stuttgart, Germany, View of theater arch with garage entrance from below","James Stirling",5668,"(British, born Scotland 1926–1992)",(British),(1926),(1992),(male),1978,"Graphite and color pencil on tracing paper","22 7/8 x 35 1/4" (58.1 x 89.5 cm)","Gift of the architect",397.1982,Architecture,"Architecture & Design",1982-10-27,yes,531,https://www.moma.org/collection/works/531,https://www.moma.org/media/W1siZiIsIjU1MDA0NyJdLFsicCIsImNvbnZlcnQiLCItcmVzaXplIDEwMjR4MTAyNFx1MDAzZSJdXQ.jpg?sha=cef82324b2067426,NULL,NULL,NULL,NULL,58.10,NULL,NULL,89.50,NULL,NULL
"The Completion of Washington, D.C., project, Washington, D.C., Plans","Leon Krier",3250,"(Luxembourger, born 1946)",(Luxembourger),(1946),NULL,(male),1985,"Ink and crayon on vellum","38 1/8 x 29 1/2" (96.8 x 74.9 cm)",Purchase,397.1985,Architecture,"Architecture & Design",1985-11-18,yes,532,https://www.moma.org/collection/works/532,https://www.moma.org/media/W1siZiIsIjUyNDA5MSJdLFsicCIsImNvbnZlcnQiLCItcmVzaXplIDEwMjR4MTAyNFx1MDAzZSJdXQ.jpg?sha=9b19578886cdf1ea,NULL,NULL,NULL,NULL,96.80,NULL,NULL,74.90,NULL,NULL
Untitled,"Mehrdad Yazdani",7530,"(Iranian, born 1959)",(Iranian),(1959),NULL,(male),1996,"Acrylic paint on plywood","46 3/4 x 24" (118.7 x 61 cm)","Gift of the architect in honor of Philip Johnson",397.1996,Architecture,"Architecture & Design",1996-09-25,yes,533,https://www.moma.org/collection/works/533,https://www.moma.org/media/W1siZiIsIjUyOTU1NyJdLFsicCIsImNvbnZlcnQiLCItcmVzaXplIDEwMjR4MTAyNFx1MDAzZSJdXQ.jpg?sha=cef987426501f67b,NULL,NULL,7.80,NULL,122.00,NULL,NULL,63.50,NULL,NULL
"Fine Arts Center, School, and Performing Arts Theater, Fort Wayne, Indiana, Site-plan and elevation sketches","Louis I. Kahn",2964,"(American, born Estonia. 1901–1974)",(American),(1901),(1974),(male),1963,"Charcoal and crayon on tracing paper","12 x 22" (30.5 x 55.9 cm)","Gift of the architect",398.1964,Architecture,"Architecture & Design",1964-04-14,yes,534,https://www.moma.org/collection/works/534,https://www.moma.org/media/W1siZiIsIjUxOTI2MSJdLFsicCIsImNvbnZlcnQiLCItcmVzaXplIDEwMjR4MTAyNFx1MDAzZSJdXQ.jpg?sha=72b27feba4dbdd36,NULL,NULL,NULL,NULL,22.80,NULL,NULL,50.80,NULL,NULL
"Sher-e-Bangla Nagar, Capital of Bangladesh, Dhaka, Bangladesh, National Assembly Building: plan sketch","Louis I. Kahn",2964,"(American, born Estonia. 1901–1974)",(American),(1901),(1974),(male),1964,"Charcoal on tracing paper","18 x 24 1/2" (45.7 x 62.2 cm)","Gift of the architect",398.1967,Architecture,"Architecture & Design",1967-04-11,yes,535,https://www.moma.org/collection/works/535,https://www.moma.org/media/W1siZiIsIjUxOTcxOSJdLFsicCIsImNvbnZlcnQiLCItcmVzaXplIDEwMjR4MTAyNFx1MDAzZSJdXQ.jpg?sha=58940f2e92fc13d4,NULL,NULL,NULL,NULL,45.70,NULL,NULL,62.20,NULL,NULL
"The Completion of Washington, D.C., project, Washington, D.C., Plans","Leon Krier",3250,"(Luxembourger, born 1946)",(Luxembourger),(1946),NULL,(male),1985,"Ink and crayon on vellum","38 1/8 x 30" (96.8 x 76.2 cm)",Purchase,398.1985,Architecture,"Architecture & Design",1985-11-18,yes,536,https://www.moma.org/collection/works/536,https://www.moma.org/media/W1siZiIsIjUyNDA5MiJdLFsicCIsImNvbnZlcnQiLCItcmVzaXplIDEwMjR4MTAyNFx1MDAzZSJdXQ.jpg?sha=3c5e3e7fd523c582,NULL,NULL,NULL,NULL,96.80,NULL,NULL,76.20,NULL,NULL
"Fine Arts Center, School, and Performing Arts Theater, Fort Wayne, Indiana, Plan sketches","Louis I. Kahn",2964,"(American, born Estonia. 1901–1974)",(American),(1901),(1974),(male),1963,"Graphite on paper","10 x 7 1/2" (25.4 x 19.1 cm)
","Gift of the architect",399.1964,Architecture,"Architecture & Design",1964-04-14,yes,538,https://www.moma.org/collection/works/538,https://www.moma.org/media/W1siZiIsIjUxOTI2MiJdLFsicCIsImNvbnZlcnQiLCItcmVzaXplIDEwMjR4MTAyNFx1MDAzZSJdXQ.jpg?sha=252342a93b384ba4,NULL,NULL,NULL,NULL,25.40,NULL,NULL,19.05,NULL,NULL
"Sher-e-Bangla Nagar, Capital of Bangladesh, Dhaka, Bangladesh, National Assembly Building: plan and elevation sketches","Louis I. Kahn",2964,"(American, born Estonia. 1901–1974)",(American),(1901),(1974),(male),1963,"Charcoal on tracing paper","18 1/8 x 25 1/8" (46 x 63.8 cm)","Gift of the architect",399.1967,Architecture,"Architecture & Design",1967-04-11,yes,539,https://www.moma.org/collection/works/539,https://www.moma.org/media/W1siZiIsIjUxOTcyMCJdLFsicCIsImNvbnZlcnQiLCItcmVzaXplIDEwMjR4MTAyNFx1MDAzZSJdXQ.jpg?sha=0323ccfd1cb42fc6,NULL,NULL,NULL,NULL,46.00,NULL,NULL,63.80,NULL,NULL
"The Completion of Washington, D.C., project, The National Gallery; The National Pantheon; The Grand Canal; The Mall, Perspective","Leon Krier",3250,"(Luxembourger, born 1946)",(Luxembourger),(1946),NULL,(male),1985,"Ink and graphite on paper","11 7/8 x 15 5/8" (30.2 x 39.7 cm)",Purchase,399.1985,Architecture,"Architecture & Design",1985-11-18,yes,540,https://www.moma.org/collection/works/540,https://www.moma.org/media/W1siZiIsIjUyNDA5MyJdLFsicCIsImNvbnZlcnQiLCItcmVzaXplIDEwMjR4MTAyNFx1MDAzZSJdXQ.jpg?sha=5e5afcef76c93e57,NULL,NULL,NULL,NULL,45.70,NULL,NULL,55.90,NULL,NULL
"Mikveh Israel Synagogue project, Philadelphia, Pennsylvania, (Interior perspective)","Louis I. Kahn",2964,"(American, born Estonia. 1901–1974)",(American),(1901),(1974),(male),1963,"Charcoal on tracing paper on board","23 1/8 x 21" (58.7 x 53.3 cm)","Gift of the architect",400.1964,Architecture,"Architecture & Design",1964-04-14,yes,542,https://www.moma.org/collection/works/542,https://www.moma.org/media/W1siZiIsIjUxOTI2MyJdLFsicCIsImNvbnZlcnQiLCItcmVzaXplIDEwMjR4MTAyNFx1MDAzZSJdXQ.jpg?sha=e23c1ef4ad2d950a,NULL,NULL,NULL,NULL,53.30,NULL,NULL,50.20,NULL,NULL
"Sher-e-Bangla Nagar, Capital of Bangladesh, Dhaka, Bangladesh, National Assembly Building: plan sketch","Louis I. Kahn",2964,"(American, born Estonia. 1901–1974)",(American),(1901),(1974),(male),1963,"Charocal on tracing paper","17 3/4 x 23" (45.1 x 58.4 cm)","Gift of the architect",400.1967,Architecture,"Architecture & Design",1967-04-11,yes,543,https://www.moma.org/collection/works/543,https://www.moma.org/media/W1siZiIsIjIwODg3OCJdLFsicCIsImNvbnZlcnQiLCItcmVzaXplIDEwMjR4MTAyNFx1MDAzZSJdXQ.jpg?sha=fe3035afab1c0ca4,NULL,NULL,NULL,NULL,45.10,NULL,NULL,58.40,NULL,NULL
"The Completion of Washington, D.C., project, Corrections to the Capitol Buildings, The Grand Perron, The New Constitution Square, Perspective","Leon Krier",3250,"(Luxembourger, born 1946)",(Luxembourger),(1946),NULL,(male),1985,"Ink on paper","16 1/2 x 11 3/4" (41.9 x 29.8 cm)",Purchase,400.1985,Architecture,"Architecture & Design",1985-11-18,yes,544,https://www.moma.org/collection/works/544,https://www.moma.org/media/W1siZiIsIjUyNDA5NCJdLFsicCIsImNvbnZlcnQiLCItcmVzaXplIDEwMjR4MTAyNFx1MDAzZSJdXQ.jpg?sha=d34cb4f08d810e44,NULL,NULL,NULL,NULL,41.90,NULL,NULL,29.80,NULL,NULL
"Mikveh Israel Synagogue, project, Philadelphia, Pennsylvania, Interior perspective","Louis I. Kahn",2964,"(American, born Estonia. 1901–1974)",(American),(1901),(1974),(male),1963,"Charcoal on tracing paper","20 3/8 x 15 3/4" (51.8 x 40 cm)","Gift of the architect",401.1964,Architecture,"Architecture & Design",1964-04-14,yes,546,https://www.moma.org/collection/works/546,https://www.moma.org/media/W1siZiIsIjUxOTI2NCJdLFsicCIsImNvbnZlcnQiLCItcmVzaXplIDEwMjR4MTAyNFx1MDAzZSJdXQ.jpg?sha=ba7c654836134226,NULL,NULL,NULL,NULL,45.70,NULL,NULL,33.00,NULL,NULL
"Sher-e-Bangla Nagar, Capital of Bangladesh, Dhaka, Bangladesh, National Assembly Building: section sketches","Louis I. Kahn",2964,"(American, born Estonia. 1901–1974)",(American),(1901),(1974),(male),1963,"Crayon on tracing paper","18 x 16 1/2" (45.7 x 41.9 cm)","Gift of the architect",401.1967,Architecture,"Architecture & Design",1967-04-11,yes,547,https://www.moma.org/collection/works/547,https://www.moma.org/media/W1siZiIsIjUxOTcyMSJdLFsicCIsImNvbnZlcnQiLCItcmVzaXplIDEwMjR4MTAyNFx1MDAzZSJdXQ.jpg?sha=a1a28c175a48e8df,NULL,NULL,NULL,NULL,45.70,NULL,NULL,41.90,NULL,NULL
"The Completion of Washington, D.C., project, Pyramid Lake as Seen from the Loggia of the White House, Washington, D.C., Perspective","Leon Krier",3250,"(Luxembourger, born 1946)",(Luxembourger),(1946),NULL,(male),1985,"Ink on paper","15 5/8 x 11 7/8" (39.7 x 30.2 cm)",Purchase,401.1985,Architecture,"Architecture & Design",1985-11-18,yes,548,https://www.moma.org/collection/works/548,https://www.moma.org/media/W1siZiIsIjUyNDA5NSJdLFsicCIsImNvbnZlcnQiLCItcmVzaXplIDEwMjR4MTAyNFx1MDAzZSJdXQ.jpg?sha=1ffc7d500979e021,NULL,NULL,NULL,NULL,39.70,NULL,NULL,30.20,NULL,NULL
"Mikveh Israel Synagogue, project, Philadelphia, Pennsylvania, Perspective","Louis I. Kahn",2964,"(American, born Estonia. 1901–1974)",(American),(1901),(1974),(male),1963,"Charcoal on tracing paper","14 1/2 x 22 1/8" (36.8 x 56.2 cm)","Gift of the architect",402.1964,Architecture,"Architecture & Design",1964-04-14,yes,550,https://www.moma.org/collection/works/550,https://www.moma.org/media/W1siZiIsIjUxOTI2NSJdLFsicCIsImNvbnZlcnQiLCItcmVzaXplIDEwMjR4MTAyNFx1MDAzZSJdXQ.jpg?sha=8cb46a4da7899f3a,NULL,NULL,NULL,NULL,30.50,NULL,NULL,50.80,NULL,NULL
"Sher-e-Bangla Nagar, Capital of Bangladesh, Dhaka, Bangladesh, National Assembly Building: perspective sketch of light elements","Louis I. Kahn",2964,"(American, born Estonia. 1901–1974)",(American),(1901),(1974),(male),1963,"Charcoal on tracing paper","9 x 17 3/4" (22.9 x 45.1 cm)","Gift of the architect",402.1967,Architecture,"Architecture & Design",1967-04-11,yes,551,https://www.moma.org/collection/works/551,https://www.moma.org/media/W1siZiIsIjUxOTcyMiJdLFsicCIsImNvbnZlcnQiLCItcmVzaXplIDEwMjR4MTAyNFx1MDAzZSJdXQ.jpg?sha=120ab5c008bc5dd1,NULL,NULL,NULL,NULL,22.90,NULL,NULL,45.10,NULL,NULL
"The Completion of Washington, D.C., project, The Proposed Civil War Memorial and New Stylobate of Washington Monument in Pyramid Lake, Washington, D.C., Perspective","Leon Krier",3250,"(Luxembourger, born 1946)",(Luxembourger),(1946),NULL,(male),1985,"Ink on paper","19 3/4 x 16 1/4" (50.2 x 41.3 cm)",Purchase,402.1985,Architecture,"Architecture & Design",1985-11-18,yes,552,https://www.moma.org/collection/works/552,https://www.moma.org/media/W1siZiIsIjUyNDA5NiJdLFsicCIsImNvbnZlcnQiLCItcmVzaXplIDEwMjR4MTAyNFx1MDAzZSJdXQ.jpg?sha=ae30dec64bf7b3a0,NULL,NULL,NULL,NULL,50.20,NULL,NULL,41.30,NULL,NULL
"Mikveh Israel Synagogue, project, Philadelphia, Pennsylvania, Perspective of entrance","Louis I. Kahn",2964,"(American, born Estonia. 1901–1974)",(American),(1901),(1974),(male),1961,"Charcoal on tracing paper","14 7/8 x 17" (37.8 x 43.2 cm)","Gift of the architect",403.1964,Architecture,"Architecture & Design",1964-04-14,yes,553,https://www.moma.org/collection/works/553,https://www.moma.org/media/W1siZiIsIjUxOTI2NiJdLFsicCIsImNvbnZlcnQiLCItcmVzaXplIDEwMjR4MTAyNFx1MDAzZSJdXQ.jpg?sha=b5fc5483aa11de5b,NULL,NULL,NULL,NULL,37.80,NULL,NULL,43.20,NULL,NULL
"Sher-e-Bangla Nagar, Capital of Bangladesh, Dhaka, Bangladesh, National Assembly Building: elevation sketch of light elements","Louis I. Kahn",2964,"(American, born Estonia. 1901–1974)",(American),(1901),(1974),(male),1963,"Charcoal and graphite on tracing paper","12 x 24" (30.5 x 61 cm)","Gift of the architect",403.1967,Architecture,"Architecture & Design",1967-04-11,yes,554,https://www.moma.org/collection/works/554,https://www.moma.org/media/W1siZiIsIjUxOTcyMyJdLFsicCIsImNvbnZlcnQiLCItcmVzaXplIDEwMjR4MTAyNFx1MDAzZSJdXQ.jpg?sha=aba137ff49de31bf,NULL,NULL,NULL,NULL,30.50,NULL,NULL,61.00,NULL,NULL
"The Completion of Washington, D.C., project, Washington, D.C., Nine hand-lettered pages of text","Leon Krier",3250,"(Luxembourger, born 1946)",(Luxembourger),(1946),NULL,(male),1985,"Ink on paper","Each: 19 5/8 x 16" (49.9 x 40.6 cm)",Purchase,403.1985.1-9,Architecture,"Architecture & Design",1985-11-18,yes,555,https://www.moma.org/collection/works/555,https://www.moma.org/media/W1siZiIsIjUyNDA5NyJdLFsicCIsImNvbnZlcnQiLCItcmVzaXplIDEwMjR4MTAyNFx1MDAzZSJdXQ.jpg?sha=76bbfb30ae434608,NULL,NULL,NULL,NULL,49.90,NULL,NULL,40.60,NULL,NULL
"Mikveh Israel Synagogue, project, Philadelphia, Pennsylvania, Elevation with school building at left","Louis I. Kahn",2964,"(American, born Estonia. 1901–1974)",(American),(1901),(1974),(male),1962,"Charcoal on tracing paper","23 3/4 x 113 1/2" (60.3 x 288.3 cm)","Gift of the architect",404.1964,Architecture,"Architecture & Design",1964-04-14,yes,556,https://www.moma.org/collection/works/556,https://www.moma.org/media/W1siZiIsIjUxOTI2NyJdLFsicCIsImNvbnZlcnQiLCItcmVzaXplIDEwMjR4MTAyNFx1MDAzZSJdXQ.jpg?sha=43c2d5c63810997b,NULL,NULL,NULL,NULL,60.30,NULL,NULL,240.00,NULL,NULL
"Sher-e-Bangla Nagar, Capital of Bangladesh, Dhaka, Bangladesh, National Assembly Building: section sketch of roof structure and light elements","Louis I. Kahn",2964,"(American, born Estonia. 1901–1974)",(American),(1901),(1974),(male),1965,"Crayon and graphite on tracing paper","18 x 19" (45.7 x 48.2 cm)","Gift of the architect",404.1967,Architecture,"Architecture & Design",1967-04-11,yes,557,https://www.moma.org/collection/works/557,https://www.moma.org/media/W1siZiIsIjUxOTcyNCJdLFsicCIsImNvbnZlcnQiLCItcmVzaXplIDEwMjR4MTAyNFx1MDAzZSJdXQ.jpg?sha=8449b7598b916c90,NULL,NULL,NULL,NULL,45.70,NULL,NULL,48.20,NULL,NULL
"Urban projects for Montevideo and São Paulo, Brazil. Aerial perspectives","Le Corbusier (Charles-Édouard Jeanneret)",3426,"(French, born Switzerland. 1887–1965)",(French),(1887),(1965),(male),1929,"Ink on paper","10 5/8 x 6 1/2" (27 x 16.5 cm)","Emilio Ambasz Fund",404.1985,Architecture,"Architecture & Design",1985-11-18,yes,558,https://www.moma.org/collection/works/558,https://www.moma.org/media/W1siZiIsIjIxMTI2NyJdLFsicCIsImNvbnZlcnQiLCItcmVzaXplIDEwMjR4MTAyNFx1MDAzZSJdXQ.jpg?sha=81a094bbba87ee44,NULL,NULL,NULL,NULL,27.00,NULL,NULL,16.50,NULL,NULL
"First Unitarian Church and School, Rochester, New York, Plan, elevation, and interior perspective sketches","Louis I. Kahn",2964,"(American, born Estonia. 1901–1974)",(American),(1901),(1974),(male),1959,"Graphite on tracing paper","16 x 35" (40.6 x 88.9 cm)","Gift of the architect",405.1964,Architecture,"Architecture & Design",1964-04-14,yes,559,https://www.moma.org/collection/works/559,https://www.moma.org/media/W1siZiIsIjUxOTI2OCJdLFsicCIsImNvbnZlcnQiLCItcmVzaXplIDEwMjR4MTAyNFx1MDAzZSJdXQ.jpg?sha=0ca99cf854b0e845,NULL,NULL,NULL,NULL,27.90,NULL,NULL,80.00,NULL,NULL
"Sher-e-Bangla Nagar, Capital of Bangladesh, Dhaka, Bangladesh, National Assembly Building: elevation sketch of light element","Louis I. Kahn",2964,"(American, born Estonia. 1901–1974)",(American),(1901),(1974),(male),1965,"Charcoal and graphite on tracing paper","18 x 31 3/4" (45.7 x 80.6 cm)","Gift of the architect",405.1967,Architecture,"Architecture & Design",1967-04-11,yes,560,https://www.moma.org/collection/works/560,https://www.moma.org/media/W1siZiIsIjUxOTcyNSJdLFsicCIsImNvbnZlcnQiLCItcmVzaXplIDEwMjR4MTAyNFx1MDAzZSJdXQ.jpg?sha=57683d807063176b,NULL,NULL,NULL,NULL,45.70,NULL,NULL,80.60,NULL,NULL
"Art and Architecture Building, Yale University, New Haven, CT","Paul Rudolph",5076,"(American, 1918–1997)",(American),(1918),(1997),(male),1958,"Ink on board","30 x 40" (76.2 x 101.6 cm)","Gift of the architect",405.1985,Architecture,"Architecture & Design",1985-11-18,yes,561,https://www.moma.org/collection/works/561,https://www.moma.org/media/W1siZiIsIjUyNDA5OCJdLFsicCIsImNvbnZlcnQiLCItcmVzaXplIDEwMjR4MTAyNFx1MDAzZSJdXQ.jpg?sha=469ceb518e05b0fc,NULL,NULL,NULL,NULL,76.20,NULL,NULL,101.60,NULL,NULL
"First Unitarian Church and School, Rochester, New York, Plan, elevation, and perspective sketches","Louis I. Kahn",2964,"(American, born Estonia. 1901–1974)",(American),(1901),(1974),(male),1959,"Graphite on tracing paper",".1: 16 x 22" (40.6 x 55.9 cm)
.2: 5 5/8 x 12 1/2"  (14.3 x 31.8 cm)
.3: 10 5/8 x 12 3/4" (27 x  32.4 cm)","Gift of the architect",406.1964.1-3,Architecture,"Architecture & Design",1964-04-14,yes,562,https://www.moma.org/collection/works/562,https://www.moma.org/media/W1siZiIsIjUxOTI2OSJdLFsicCIsImNvbnZlcnQiLCItcmVzaXplIDEwMjR4MTAyNFx1MDAzZSJdXQ.jpg?sha=4812d50a1f3e29dc,NULL,NULL,NULL,NULL,40.64,NULL,NULL,55.88,NULL,NULL
"Sher-e-Bangla Nagar, Capital of Bangladesh, Dhaka, Bangladesh, Prayer Hall: preliminary version: elevation sketches","Louis I. Kahn",2964,"(American, born Estonia. 1901–1974)",(American),(1901),(1974),(male),1964,"Charcoal on tracing paper","18 x 15" (45.7 x 38.1 cm)","Gift of the architect",406.1967,Architecture,"Architecture & Design",1967-04-11,yes,563,https://www.moma.org/collection/works/563,https://www.moma.org/media/W1siZiIsIjUxOTcyNiJdLFsicCIsImNvbnZlcnQiLCItcmVzaXplIDEwMjR4MTAyNFx1MDAzZSJdXQ.jpg?sha=3f59dad3cd0fbe7f,NULL,NULL,NULL,NULL,45.70,NULL,NULL,38.10,NULL,NULL
"Arthur W. Milam Residence, Ponte Vedra Beach, Florida, Exterior perspective from beach","Paul Rudolph",5076,"(American, 1918–1997)",(American),(1918),(1997),(male),"c. 1960-62","Ink on board","33 x 30" (83.8 x 76.2 cm)","Gift of the architect",406.1985,Architecture,"Architecture & Design",1985-11-18,yes,564,https://www.moma.org/collection/works/564,https://www.moma.org/media/W1siZiIsIjUyNDA5OSJdLFsicCIsImNvbnZlcnQiLCItcmVzaXplIDEwMjR4MTAyNFx1MDAzZSJdXQ.jpg?sha=4be00e9400a3fea5,NULL,NULL,NULL,NULL,83.80,NULL,NULL,76.20,NULL,NULL
"First Unitarian Church and School, Rochester, New York, Final version: elevation","Louis I. Kahn",2964,"(American, born Estonia. 1901–1974)",(American),(1901),(1974),(male),1961,"Graphite on tracing paper","16 1/8 x 27 1/2" (41 x 69.9 cm)","Gift of the architect",407.1964,Architecture,"Architecture & Design",1964-04-14,yes,565,https://www.moma.org/collection/works/565,https://www.moma.org/media/W1siZiIsIjUxOTI3MCJdLFsicCIsImNvbnZlcnQiLCItcmVzaXplIDEwMjR4MTAyNFx1MDAzZSJdXQ.jpg?sha=79b1a581f5d142c1,NULL,NULL,NULL,NULL,15.20,NULL,NULL,57.20,NULL,NULL
"Sher-e-Bangla Nagar, Capital of Bangladesh, Dhaka, Bangladesh, Prayer Hall: plan sketches","Louis I. Kahn",2964,"(American, born Estonia. 1901–1974)",(American),(1901),(1974),(male),1965,"Charcoal on tracing paper","18 x 23 1/2" (45.7 x 59.7 cm)","Gift of the architect",407.1967,Architecture,"Architecture & Design",1967-04-11,yes,566,https://www.moma.org/collection/works/566,https://www.moma.org/media/W1siZiIsIjUxOTcyNyJdLFsicCIsImNvbnZlcnQiLCItcmVzaXplIDEwMjR4MTAyNFx1MDAzZSJdXQ.jpg?sha=6f822f8d950b336e,NULL,NULL,NULL,NULL,45.70,NULL,NULL,59.70,NULL,NULL
"Graphic Arts Center Project, New York, New York, Elevation","Paul Rudolph",5076,"(American, 1918–1997)",(American),(1918),(1997),(male),1967,"Ink on tracing paper","42 3/4 x 51 3/4" (108.6 x 131.4 cm)","Gift of the architect",407.1985,Architecture,"Architecture & Design",1985-11-18,yes,567,https://www.moma.org/collection/works/567,https://www.moma.org/media/W1siZiIsIjUyNDEwMCJdLFsicCIsImNvbnZlcnQiLCItcmVzaXplIDEwMjR4MTAyNFx1MDAzZSJdXQ.jpg?sha=88eb9eb1c7cbfb49,NULL,NULL,NULL,NULL,108.59,NULL,NULL,131.45,NULL,NULL
"First Unitarian Church and School, Rochester, New York, Final version: elevation","Louis I. Kahn",2964,"(American, born Estonia. 1901–1974)",(American),(1901),(1974),(male),1961,"Graphite on tracing paper","17 3/4 x 29 1/8" (45.1 x 74 cm)","Gift of the architect",408.1964,Architecture,"Architecture & Design",1964-04-14,yes,568,https://www.moma.org/collection/works/568,https://www.moma.org/media/W1siZiIsIjUxOTI3MSJdLFsicCIsImNvbnZlcnQiLCItcmVzaXplIDEwMjR4MTAyNFx1MDAzZSJdXQ.jpg?sha=855d7b357f2af5c0,NULL,NULL,NULL,NULL,45.10,NULL,NULL,74.00,NULL,NULL
"Sher-e-Bangla Nagar, Capital of Bangladesh, Dhaka, Bangladesh, Prayer Hall: plan sketch","Louis I. Kahn",2964,"(American, born Estonia. 1901–1974)",(American),(1901),(1974),(male),1965,"Graphite and charcoal on tracing paper","12 x 19 1/2" (30.5 x 49.5 cm)","Gift of the architect",408.1967,Architecture,"Architecture & Design",1967-04-11,yes,569,https://www.moma.org/collection/works/569,https://www.moma.org/media/W1siZiIsIjUxOTcyOCJdLFsicCIsImNvbnZlcnQiLCItcmVzaXplIDEwMjR4MTAyNFx1MDAzZSJdXQ.jpg?sha=17d82b85d97e3fc4,NULL,NULL,NULL,NULL,30.50,NULL,NULL,49.50,NULL,NULL
"Dharmala Office Building, Jakarta, Indonesia, Entrance perspective","Paul Rudolph",5076,"(American, 1918–1997)",(American),(1918),(1997),(male),1983,"Ink on tracing paper","35 1/4 x 44 1/4" (89.5 x 112.4 cm)","Gift of the architect",408.1985,Architecture,"Architecture & Design",1985-11-18,yes,570,https://www.moma.org/collection/works/570,https://www.moma.org/media/W1siZiIsIjUyNDEwMSJdLFsicCIsImNvbnZlcnQiLCItcmVzaXplIDEwMjR4MTAyNFx1MDAzZSJdXQ.jpg?sha=aad03abbb4dac48f,NULL,NULL,NULL,NULL,89.50,NULL,NULL,112.40,NULL,NULL
"First Unitarian Church and School, Rochester, New York, Final version: elevation","Louis I. Kahn",2964,"(American, born Estonia. 1901–1974)",(American),(1901),(1974),(male),1961,"Graphite on tracing paper","17 3/4 x 29 1/8" (45.1x 74 cm)","Gift of the architect",409.1964,Architecture,"Architecture & Design",1964-04-14,yes,571,https://www.moma.org/collection/works/571,https://www.moma.org/media/W1siZiIsIjUxOTI3MiJdLFsicCIsImNvbnZlcnQiLCItcmVzaXplIDEwMjR4MTAyNFx1MDAzZSJdXQ.jpg?sha=570991d2ed8444f3,NULL,NULL,NULL,NULL,15.20,NULL,NULL,54.30,NULL,NULL
"Sher-e-Bangla Nagar, Capital of Bangladesh, Dhaka, Bangladesh, Prayer Hall: plan sketch","Louis I. Kahn",2964,"(American, born Estonia. 1901–1974)",(American),(1901),(1974),(male),1965,"Charcoal on tracing paper","12 x 16" (30.5 x 40.6 cm)","Gift of the architect",409.1967,Architecture,"Architecture & Design",1967-04-11,yes,572,https://www.moma.org/collection/works/572,https://www.moma.org/media/W1siZiIsIjUxOTcyOSJdLFsicCIsImNvbnZlcnQiLCItcmVzaXplIDEwMjR4MTAyNFx1MDAzZSJdXQ.jpg?sha=49bd5a2cbe7b41d2,NULL,NULL,NULL,NULL,30.50,NULL,NULL,40.60,NULL,NULL
"First Unitarian Church and School, Rochester, New York, Final version: elevation","Louis I. Kahn",2964,"(American, born Estonia. 1901–1974)",(American),(1901),(1974),(male),1961,"Graphite on tracing paper","17 3/4 x 29 1/8" (45.1 x 74 cm)","Gift of the architect",410.1964,Architecture,"Architecture & Design",1964-04-14,yes,573,https://www.moma.org/collection/works/573,https://www.moma.org/media/W1siZiIsIjUxOTI3MyJdLFsicCIsImNvbnZlcnQiLCItcmVzaXplIDEwMjR4MTAyNFx1MDAzZSJdXQ.jpg?sha=99f520c0e429bd50,NULL,NULL,NULL,NULL,15.20,NULL,NULL,40.60,NULL,NULL
"Sher-e-Bangla Nagar, Capital of Bangladesh, Dhaka, Bangladesh, Prayer Hall: plan sketch","Louis I. Kahn",2964,"(American, born Estonia. 1901–1974)",(American),(1901),(1974),(male),1965,"Charcoal on tracing paper","9 x 17 5/8" (22.9 x 44.8 cm)","Gift of the architect",410.1967,Architecture,"Architecture & Design",1967-04-11,yes,574,https://www.moma.org/collection/works/574,https://www.moma.org/media/W1siZiIsIjUxOTczMCJdLFsicCIsImNvbnZlcnQiLCItcmVzaXplIDEwMjR4MTAyNFx1MDAzZSJdXQ.jpg?sha=5a6b4f9bbae6d154,NULL,NULL,NULL,NULL,22.90,NULL,NULL,44.80,NULL,NULL
"Civic Center Studies, project, Philadelphia, Pennsylvania, Aerial perspective","Louis I. Kahn",2964,"(American, born Estonia. 1901–1974)",(American),(1901),(1974),(male),1956-57,"Ink on tracing paper","8 1/4 x 17" (20.9 x 43.1 cm)","Gift of the architect",411.1964,Architecture,"Architecture & Design",1964-04-14,yes,575,https://www.moma.org/collection/works/575,https://www.moma.org/media/W1siZiIsIjUxOTI3NCJdLFsicCIsImNvbnZlcnQiLCItcmVzaXplIDEwMjR4MTAyNFx1MDAzZSJdXQ.jpg?sha=28a9dff0ad7ef0f1,NULL,NULL,NULL,NULL,20.90,NULL,NULL,43.10,NULL,NULL
"Sher-e-Bangla Nagar, Capital of Bangladesh, Dhaka, Bangladesh, Prayer Hall: plan sketch","Louis I. Kahn",2964,"(American, born Estonia. 1901–1974)",(American),(1901),(1974),(male),1964,"Charcoal and graphite on tracing paper","12 x 22 3/4" (30.5 x 57.8 cm)","Gift of the architect",411.1967,Architecture,"Architecture & Design",1967-04-11,yes,576,https://www.moma.org/collection/works/576,https://www.moma.org/media/W1siZiIsIjUxOTczMSJdLFsicCIsImNvbnZlcnQiLCItcmVzaXplIDEwMjR4MTAyNFx1MDAzZSJdXQ.jpg?sha=029625fed42ea57e,NULL,NULL,NULL,NULL,30.50,NULL,NULL,57.80,NULL,NULL
"Civic Center Studies, project, Philadelphia, Pennsylvania, Aerial perspective","Louis I. Kahn",2964,"(American, born Estonia. 1901–1974)",(American),(1901),(1974),(male),1956,"Ink and graphite on tracing paper","11 x 17" (27.9 x 43.2 cm)","Gift of the architect",412.1964,Architecture,"Architecture & Design",1964-04-14,yes,577,https://www.moma.org/collection/works/577,https://www.moma.org/media/W1siZiIsIjUxOTI3NSJdLFsicCIsImNvbnZlcnQiLCItcmVzaXplIDEwMjR4MTAyNFx1MDAzZSJdXQ.jpg?sha=470e3c2ba872d36d,NULL,NULL,NULL,NULL,NULL,NULL,NULL,33.00,NULL,NULL
"Sher-e-Bangla Nagar, Capital of Bangladesh, Dhaka, Bangladesh, Prayer Hall: plan sketch","Louis I. Kahn",2964,"(American, born Estonia. 1901–1974)",(American),(1901),(1974),(male),1965,"Charcoal on tracing paper","12 x 17 1/4" (30.5 x 43.8 cm)","Gift of the architect",412.1967,Architecture,"Architecture & Design",1967-04-11,yes,578,https://www.moma.org/collection/works/578,https://www.moma.org/media/W1siZiIsIjUxOTczMiJdLFsicCIsImNvbnZlcnQiLCItcmVzaXplIDEwMjR4MTAyNFx1MDAzZSJdXQ.jpg?sha=585725f500d9579d,NULL,NULL,NULL,NULL,30.50,NULL,NULL,43.80,NULL,NULL
"Civic Center, project, Philadelphia, Pennsylvania, Aerial perspective","Louis I. Kahn",2964,"(American, born Estonia. 1901–1974)",(American),(1901),(1974),(male),1957,"Ink on tracing paper","11 x 14" (27.9 x 35.6 cm)","Gift of the architect",413.1964,Architecture,"Architecture & Design",1964-04-14,yes,579,https://www.moma.org/collection/works/579,https://www.moma.org/media/W1siZiIsIjUxOTI3NiJdLFsicCIsImNvbnZlcnQiLCItcmVzaXplIDEwMjR4MTAyNFx1MDAzZSJdXQ.jpg?sha=d6ac4a10ec62e853,NULL,NULL,NULL,NULL,8.90,NULL,NULL,28.60,NULL,NULL
"Sher-e-Bangla Nagar, Capital of Bangladesh, Dhaka, Bangladesh, Prayer Hall: plan sketch","Louis I. Kahn",2964,"(American, born Estonia. 1901–1974)",(American),(1901),(1974),(male),1965,"Charcoal on tracing paper","12 1/8 x 22 5/8" (30.8 x 57.5 cm)","Gift of the architect",413.1967,Architecture,"Architecture & Design",1967-04-11,yes,580,https://www.moma.org/collection/works/580,https://www.moma.org/media/W1siZiIsIjUxOTczMyJdLFsicCIsImNvbnZlcnQiLCItcmVzaXplIDEwMjR4MTAyNFx1MDAzZSJdXQ.jpg?sha=f9029440e3dbe6d7,NULL,NULL,NULL,NULL,30.80,NULL,NULL,57.50,NULL,NULL
"Civic Center Studies, project, Philadelphia, Pennsylvania, Perspective of promenade","Louis I. Kahn",2964,"(American, born Estonia. 1901–1974)",(American),(1901),(1974),(male),Unknown,"Ink on tracing paper","8 3/4 x 14 1/2" (22.2 x 36.8 cm)","Gift of the architect",414.1964,Architecture,"Architecture & Design",1964-04-14,yes,581,https://www.moma.org/collection/works/581,https://www.moma.org/media/W1siZiIsIjUxOTI3NyJdLFsicCIsImNvbnZlcnQiLCItcmVzaXplIDEwMjR4MTAyNFx1MDAzZSJdXQ.jpg?sha=c16a5774171739d7,NULL,NULL,NULL,NULL,22.23,NULL,NULL,36.83,NULL,NULL
"Sher-e-Bangla Nagar, Capital of Bangladesh, Dhaka, Bangladesh, Plan sketch of Prayer Hall","Louis I. Kahn",2964,"(American, born Estonia. 1901–1974)",(American),(1901),(1974),(male),1965,"Charcoal on tracing paper","12 x 20" (30.5 x 50.8 cm)","Gift of the architect",414.1967,Architecture,"Architecture & Design",1967-04-11,yes,582,https://www.moma.org/collection/works/582,https://www.moma.org/media/W1siZiIsIjUxOTczNCJdLFsicCIsImNvbnZlcnQiLCItcmVzaXplIDEwMjR4MTAyNFx1MDAzZSJdXQ.jpg?sha=dda67cca392f0b7e,NULL,NULL,NULL,NULL,30.48,NULL,NULL,50.80,NULL,NULL
"Travel Sketch for Sainte Cécile Cathedral, Albi, France, Exterior perspective","Louis I. Kahn",2964,"(American, born Estonia. 1901–1974)",(American),(1901),(1974),(male),1959,"Ink on paper","10 3/8 x 8 1/4" (26.4 x 21 cm)","Gift of the architect",415.1964,Architecture,"Architecture & Design",1964-04-14,yes,583,https://www.moma.org/collection/works/583,https://www.moma.org/media/W1siZiIsIjUxOTI3OCJdLFsicCIsImNvbnZlcnQiLCItcmVzaXplIDEwMjR4MTAyNFx1MDAzZSJdXQ.jpg?sha=37d41905abc97f24,NULL,NULL,NULL,NULL,24.80,NULL,NULL,16.50,NULL,NULL
"Sher-e-Bangla Nagar, Capital of Bangladesh, Dhaka, Bangladesh, Prayer Hall: plan sketch","Louis I. Kahn",2964,"(American, born Estonia. 1901–1974)",(American),(1901),(1974),(male),1965,"Charcoal on tracing paper","12 x 16" (30.5 x 40.6 cm)","Gift of the architect",415.1967,Architecture,"Architecture & Design",1967-04-11,yes,584,https://www.moma.org/collection/works/584,https://www.moma.org/media/W1siZiIsIjUxOTczNSJdLFsicCIsImNvbnZlcnQiLCItcmVzaXplIDEwMjR4MTAyNFx1MDAzZSJdXQ.jpg?sha=d56c80041becc6e6,NULL,NULL,NULL,NULL,30.50,NULL,NULL,40.60,NULL,NULL
"General Motors Exhibit, 1964 World's Fair, project, New York (Queens), New York, Elevation and plans","Louis I. Kahn",2964,"(American, born Estonia. 1901–1974)",(American),(1901),(1974),(male),1961,"Ink on tracing paper","12 x 21 3/4" (30.5 x 55.2 cm)","Gift of the architect",416.1964,Architecture,"Architecture & Design",1964-04-14,yes,585,https://www.moma.org/collection/works/585,https://www.moma.org/media/W1siZiIsIjUxOTI3OSJdLFsicCIsImNvbnZlcnQiLCItcmVzaXplIDEwMjR4MTAyNFx1MDAzZSJdXQ.jpg?sha=f39f8f5881d6c9c6,NULL,NULL,NULL,NULL,19.10,NULL,NULL,41.90,NULL,NULL
"Sher-e-Bangla Nagar, Capital of Bangladesh, Dhaka, Bangladesh, Prayer Hall: plan sketch","Louis I. Kahn",2964,"(American, born Estonia. 1901–1974)",(American),(1901),(1974),(male),1965,"Charcoal on tracing paper","12 1/8 x 17 3/8" (30.8 x 44.1 cm)","Gift of the architect",416.1967,Architecture,"Architecture & Design",1967-04-11,yes,586,https://www.moma.org/collection/works/586,https://www.moma.org/media/W1siZiIsIjUxOTczNiJdLFsicCIsImNvbnZlcnQiLCItcmVzaXplIDEwMjR4MTAyNFx1MDAzZSJdXQ.jpg?sha=bf2bac8c6b467534,NULL,NULL,NULL,NULL,30.80,NULL,NULL,44.10,NULL,NULL
"Salk Institute for Biological Studies (laboratory, meeting house, and housing), La Jolla, California (Two elevations of meeting house)","Louis I. Kahn",2964,"(American, born Estonia. 1901–1974)",(American),(1901),(1974),(male),1960,"Ink and graphite on tracing paper","12 x 24 11/16" (30.5 x 62.7 cm)","Gift of the architect",417.1964,Architecture,"Architecture & Design",1964-04-14,yes,587,https://www.moma.org/collection/works/587,https://www.moma.org/media/W1siZiIsIjUxOTI4MCJdLFsicCIsImNvbnZlcnQiLCItcmVzaXplIDEwMjR4MTAyNFx1MDAzZSJdXQ.jpg?sha=84a0cc5df960bc8d,NULL,NULL,NULL,NULL,17.70,NULL,NULL,46.30,NULL,NULL
"Sher-e-Bangla Nagar, Capital of Bangladesh, Dhaka, Bangladesh, Perspective of hostels","Louis I. Kahn",2964,"(American, born Estonia. 1901–1974)",(American),(1901),(1974),(male),1963,"Charcoal and crayon on tracing paper","18 x 20" (45.7 x 50.8 cm)","Gift of the architect",417.1967,Architecture,"Architecture & Design",1967-04-11,yes,588,https://www.moma.org/collection/works/588,https://www.moma.org/media/W1siZiIsIjUxOTczNyJdLFsicCIsImNvbnZlcnQiLCItcmVzaXplIDEwMjR4MTAyNFx1MDAzZSJdXQ.jpg?sha=259ab75c3ecb9959,NULL,NULL,NULL,NULL,45.70,NULL,NULL,50.80,NULL,NULL
"Salk Institute for Biological Studies (laboratory, meeting house, and housing), La Jolla, California (Elevation of meeting house)","Louis I. Kahn",2964,"(American, born Estonia. 1901–1974)",(American),(1901),(1974),(male),1960,"Ink on tracing paper","12 x 21 3/4" (30.5 x 55.2 cm)","Gift of the architect",418.1964,Architecture,"Architecture & Design",1964-04-14,yes,589,https://www.moma.org/collection/works/589,https://www.moma.org/media/W1siZiIsIjUxOTI4MSJdLFsicCIsImNvbnZlcnQiLCItcmVzaXplIDEwMjR4MTAyNFx1MDAzZSJdXQ.jpg?sha=12f31d1053df0b14,NULL,NULL,NULL,NULL,30.50,NULL,NULL,55.20,NULL,NULL
"Sher-e-Bangla Nagar, Capital of Bangladesh, Dhaka, Bangladesh, Sketch of light elements for hostels","Louis I. Kahn",2964,"(American, born Estonia. 1901–1974)",(American),(1901),(1974),(male),1964,"Charcoal on tracing paper","17 3/4 x 19 1/2" (45.1 x 49.5 cm)","Gift of the architect",418.1967,Architecture,"Architecture & Design",1967-04-11,yes,590,https://www.moma.org/collection/works/590,https://www.moma.org/media/W1siZiIsIjUxOTczOCJdLFsicCIsImNvbnZlcnQiLCItcmVzaXplIDEwMjR4MTAyNFx1MDAzZSJdXQ.jpg?sha=a87b761da0be7f72,NULL,NULL,NULL,NULL,45.10,NULL,NULL,49.50,NULL,NULL
"Salk Institute for Biological Studies (laboratory, meeting house, and housing), La Jolla, California (Two elevations of meeting house)","Louis I. Kahn",2964,"(American, born Estonia. 1901–1974)",(American),(1901),(1974),(male),1960,"Ink on tracing paper","12 x 18" (30.5 x 45.7 cm)","Gift of the architect",419.1964,Architecture,"Architecture & Design",1964-04-14,yes,591,https://www.moma.org/collection/works/591,https://www.moma.org/media/W1siZiIsIjUxOTI4MiJdLFsicCIsImNvbnZlcnQiLCItcmVzaXplIDEwMjR4MTAyNFx1MDAzZSJdXQ.jpg?sha=8de8217b911526fb,NULL,NULL,NULL,NULL,11.40,NULL,NULL,40.60,NULL,NULL
"Indian Institute of Management, Ahmedabad, India, Plan sketches of classroom building","Louis I. Kahn",2964,"(American, born Estonia. 1901–1974)",(American),(1901),(1974),(male),1963,"Charcoal on tracing paper","9 1/2 x 17 1/2" (24.1 x 44.5 cm)","Gift of the architect",419.1967,Architecture,"Architecture & Design",1967-04-11,yes,592,https://www.moma.org/collection/works/592,https://www.moma.org/media/W1siZiIsIjUxOTczOSJdLFsicCIsImNvbnZlcnQiLCItcmVzaXplIDEwMjR4MTAyNFx1MDAzZSJdXQ.jpg?sha=ab7ef00bc81e8d04,NULL,NULL,NULL,NULL,24.10,NULL,NULL,44.50,NULL,NULL
"Salk Institute for Biological Studies (laboratory, meeting house, and housing), La Jolla, California (Elevation of laboratory)","Louis I. Kahn",2964,"(American, born Estonia. 1901–1974)",(American),(1901),(1974),(male),"c. 1961","Ink and graphite on tracing paper","12 x 31" (30.5 x 78.7 cm)","Gift of the architect",420.1964,Architecture,"Architecture & Design",1964-04-14,yes,593,https://www.moma.org/collection/works/593,https://www.moma.org/media/W1siZiIsIjUxOTI4MyJdLFsicCIsImNvbnZlcnQiLCItcmVzaXplIDEwMjR4MTAyNFx1MDAzZSJdXQ.jpg?sha=798b4d86a2f8fda6,NULL,NULL,NULL,NULL,8.90,NULL,NULL,61.00,NULL,NULL
"Indian Institute of Management, Ahmedabad, India, Plan and elevation sketches of classroom building","Louis I. Kahn",2964,"(American, born Estonia. 1901–1974)",(American),(1901),(1974),(male),1963,"Charcoal on tracing paper","18 x 26" (45.7 x 66 cm)","Gift of the architect",420.1967,Architecture,"Architecture & Design",1967-04-11,yes,594,https://www.moma.org/collection/works/594,https://www.moma.org/media/W1siZiIsIjUxOTc0MSJdLFsicCIsImNvbnZlcnQiLCItcmVzaXplIDEwMjR4MTAyNFx1MDAzZSJdXQ.jpg?sha=478c73bb5bd47e95,NULL,NULL,NULL,NULL,45.70,NULL,NULL,66.00,NULL,NULL
"Salk Institute for Biological Studies (laboratory, meeting house, and housing), La Jolla, California, (Elevation of laboratory)","Louis I. Kahn",2964,"(American, born Estonia. 1901–1974)",(American),(1901),(1974),(male),1961,"Ink on tracing paper","12 x 30 3/4" (30.5 x 78.1 cm)","Gift of the architect",421.1964,Architecture,"Architecture & Design",1964-04-14,yes,595,https://www.moma.org/collection/works/595,https://www.moma.org/media/W1siZiIsIjUxOTI4NCJdLFsicCIsImNvbnZlcnQiLCItcmVzaXplIDEwMjR4MTAyNFx1MDAzZSJdXQ.jpg?sha=4d8e90f9a7aea392,NULL,NULL,NULL,NULL,8.90,NULL,NULL,55.90,NULL,NULL
"Indian Institute of Management, Ahmedabad, India, Plan and elevation sketches of classroom building","Louis I. Kahn",2964,"(American, born Estonia. 1901–1974)",(American),(1901),(1974),(male),1963,"Crayon on tracing paper","12 x 13 1/4" (30.5 x 33.7 cm)","Gift of the architect",421.1967,Architecture,"Architecture & Design",1967-04-11,yes,596,https://www.moma.org/collection/works/596,https://www.moma.org/media/W1siZiIsIjUxOTc0MiJdLFsicCIsImNvbnZlcnQiLCItcmVzaXplIDEwMjR4MTAyNFx1MDAzZSJdXQ.jpg?sha=61b7a93659e65918,NULL,NULL,NULL,NULL,30.50,NULL,NULL,33.70,NULL,NULL
"Salk Institute for Biological Studies (laboratory, meeting house, and housing), La Jolla, California (Elevation of laboratory)","Louis I. Kahn",2964,"(American, born Estonia. 1901–1974)",(American),(1901),(1974),(male),"c. 1961","Ink on tracing paper","12 x 25" (30.5 x 63.5 cm)","Gift of the architect",422.1964,Architecture,"Architecture & Design",1964-04-14,yes,597,https://www.moma.org/collection/works/597,https://www.moma.org/media/W1siZiIsIjUxOTI4NSJdLFsicCIsImNvbnZlcnQiLCItcmVzaXplIDEwMjR4MTAyNFx1MDAzZSJdXQ.jpg?sha=8d237255d952a118,NULL,NULL,NULL,NULL,30.50,NULL,NULL,63.50,NULL,NULL
"Indian Institute of Managementm, Ahmedabad, India, Plan sketch of classroom building","Louis I. Kahn",2964,"(American, born Estonia. 1901–1974)",(American),(1901),(1974),(male),1964,"Charcoal and crayon on tracing paper","12 x 16" (30.5 x 40.6 cm)","Gift of the architect",422.1967,Architecture,"Architecture & Design",1967-04-11,yes,598,https://www.moma.org/collection/works/598,https://www.moma.org/media/W1siZiIsIjUxOTc0MyJdLFsicCIsImNvbnZlcnQiLCItcmVzaXplIDEwMjR4MTAyNFx1MDAzZSJdXQ.jpg?sha=f871ca3d65e4d8c0,NULL,NULL,NULL,NULL,30.50,NULL,NULL,40.60,NULL,NULL
"Salk Institute for Biological Studies, La Jolla, California (Elevation of Laboratory and Meeting House)","Louis I. Kahn",2964,"(American, born Estonia. 1901–1974)",(American),(1901),(1974),(male),1962,"Charcoal on tracing paper","23 3/4 x 109 1/2" (60.3 x 278.1 cm)","Gift of the architect",423.1964,Architecture,"Architecture & Design",1964-04-14,yes,599,https://www.moma.org/collection/works/599,NULL,NULL,NULL,NULL,NULL,60.33,NULL,NULL,278.13,NULL,NULL
"Indian Institute of Management, Ahmedabad, India, Plan and elevation sketches of classroom building and dormitory","Louis I. Kahn",2964,"(American, born Estonia. 1901–1974)",(American),(1901),(1974),(male),1964,"Charcoal and tracing paper","11 x 16 5/8" (27.9 x 42.2 cm)","Gift of the architect",423.1967,Architecture,"Architecture & Design",1967-04-11,yes,600,https://www.moma.org/collection/works/600,https://www.moma.org/media/W1siZiIsIjUxOTc0NCJdLFsicCIsImNvbnZlcnQiLCItcmVzaXplIDEwMjR4MTAyNFx1MDAzZSJdXQ.jpg?sha=849dd2fe94a44723,NULL,NULL,NULL,NULL,27.90,NULL,NULL,42.20,NULL,NULL
"Indian Institute of Management, Ahmedabad, India, Plan sketch of classroom building","Louis I. Kahn",2964,"(American, born Estonia. 1901–1974)",(American),(1901),(1974),(male),1963,"Charcoal and graphite on tracing paper","18 1/8 x 26 3/4" (46 x 67.9 cm)","Gift of the architect",424.1964,Architecture,"Architecture & Design",1964-04-14,yes,601,https://www.moma.org/collection/works/601,https://www.moma.org/media/W1siZiIsIjUxOTI4NyJdLFsicCIsImNvbnZlcnQiLCItcmVzaXplIDEwMjR4MTAyNFx1MDAzZSJdXQ.jpg?sha=0f532443792c932e,NULL,NULL,NULL,NULL,46.00,NULL,NULL,67.90,NULL,NULL
"Indian Institute of Management, Ahmedabad, India, Elevation sketch of House","Louis I. Kahn",2964,"(American, born Estonia. 1901–1974)",(American),(1901),(1974),(male),1963,"Charcoal on tracing paper","Sheet 11 1/8 x 18" (28.2 x 45.7 cm)","Gift of the architect",424.1967,Architecture,"Architecture & Design",1967-04-11,yes,602,https://www.moma.org/collection/works/602,https://www.moma.org/media/W1siZiIsIjUxOTc0NSJdLFsicCIsImNvbnZlcnQiLCItcmVzaXplIDEwMjR4MTAyNFx1MDAzZSJdXQ.jpg?sha=16bb44bcd00744df,NULL,NULL,NULL,NULL,28.20,NULL,NULL,45.70,NULL,NULL
"Maison de la Publicité Project, Paris, France (Exterior perspective)","Oscar Nitzchke, Hugo Herdeg","4312, 8841","(American, born Germany. 1900–1991) (Swiss, 1909–1953)","(American) (Swiss)","(1900) (1909)","(1991) (1953)","(male) (male)",1936,"Gouache, ink, and cut-and-pasted printed paper on photograph mounted on canvas","28 1/4 x 20" (71.8 x 50.8 cm)","Gift of Lily Auchincloss, Barbara Jakobson, and Walter Randel",424.1976.1,Architecture,"Architecture & Design",1976-10-22,yes,603,https://www.moma.org/collection/works/603,https://www.moma.org/media/W1siZiIsIjExODIxMiJdLFsicCIsImNvbnZlcnQiLCItcmVzaXplIDEwMjR4MTAyNFx1MDAzZSJdXQ.jpg?sha=6797e1796fd3f24a,NULL,NULL,NULL,NULL,71.76,NULL,NULL,50.80,NULL,NULL
"Maison de la Publicité Project, Paris, France (Plan of floor nine with display workshop)","Oscar Nitzchke",4312,"(American, born Germany. 1900–1991)",(American),(1900),(1991),(male),1936,"Ink, color pencil, gouache, and graphite on spiral-notebook card stock","28 x 20 1/2" (71.1 x 52.1 cm)","Gift of Lily Auchincloss, Barbara Jakobson, and Walter Randel",424.1976.10,Architecture,"Architecture & Design",1976-10-22,yes,605,https://www.moma.org/collection/works/605,https://www.moma.org/media/W1siZiIsIjUyMDIwMCJdLFsicCIsImNvbnZlcnQiLCItcmVzaXplIDEwMjR4MTAyNFx1MDAzZSJdXQ.jpg?sha=6494a2e688664e6f,NULL,NULL,NULL,NULL,71.12,NULL,NULL,52.07,NULL,NULL
"Maison de la Publicité Project, Paris, France (Plan of penthouse)","Oscar Nitzchke",4312,"(American, born Germany. 1900–1991)",(American),(1900),(1991),(male),1936,"Ink, color pencil, gouache, and graphite on spiral-notebook card stock","28 x 20 1/2" (71.1 x 52.1 cm)","Gift of Lily Auchincloss, Barbara Jakobson, and Walter Randel",424.1976.11,Architecture,"Architecture & Design",1976-10-22,yes,606,https://www.moma.org/collection/works/606,https://www.moma.org/media/W1siZiIsIjUyMDIwMSJdLFsicCIsImNvbnZlcnQiLCItcmVzaXplIDEwMjR4MTAyNFx1MDAzZSJdXQ.jpg?sha=79d4ee78dc36b085,NULL,NULL,NULL,NULL,71.12,NULL,NULL,52.07,NULL,NULL
"Maison de la Publicité Project, Paris, France (Exterior and interior perspective of upper floors and workshop)","Oscar Nitzchke",4312,"(American, born Germany. 1900–1991)",(American),(1900),(1991),(male),1936,"Ink, color pencil, gouache, and graphite on spiral-notebook card stock","28 x 20 1/2" (71.1 x 52.1 cm)","Gift of Lily Auchincloss, Barbara Jakobson, and Walter Randel",424.1976.12,Architecture,"Architecture & Design",1976-10-22,yes,607,https://www.moma.org/collection/works/607,https://www.moma.org/media/W1siZiIsIjUyMDIwMiJdLFsicCIsImNvbnZlcnQiLCItcmVzaXplIDEwMjR4MTAyNFx1MDAzZSJdXQ.jpg?sha=5cf311fd94661de1,NULL,NULL,NULL,NULL,71.12,NULL,NULL,52.07,NULL,NULL
"Maison de la Publicité Project, Paris, France (Elevation)","Oscar Nitzchke",4312,"(American, born Germany. 1900–1991)",(American),(1900),(1991),(male),1934-36,"Ink, color pencil, gouache, and graphite on lithograph on spiral-notebook card stock","28 x 20 1/2" (71.1 x 52.1 cm)","Gift of Lily Auchincloss, Barbara Jakobson, and Walter Randel",424.1976.2,Architecture,"Architecture & Design",1976-10-22,yes,608,https://www.moma.org/collection/works/608,https://www.moma.org/media/W1siZiIsIjIyMTY4MiJdLFsicCIsImNvbnZlcnQiLCItcmVzaXplIDEwMjR4MTAyNFx1MDAzZSJdXQ.jpg?sha=e2580582d90e1ebf,NULL,NULL,NULL,NULL,71.12,NULL,NULL,52.07,NULL,NULL
"Maison de la Publicité Project, Paris, France (Perspective of entry and exhibition space)","Oscar Nitzchke",4312,"(American, born Germany. 1900–1991)",(American),(1900),(1991),(male),1936,"Ink, color pencil, gouache, and graphite on sprial-notebook card stock","28 x 20 1/2" (71.1 x 52.1 cm)","Gift of Lily Auchincloss, Barbara Jakobson, and Walter Randel",424.1976.3,Architecture,"Architecture & Design",1976-10-22,yes,609,https://www.moma.org/collection/works/609,https://www.moma.org/media/W1siZiIsIjUyMDIwMyJdLFsicCIsImNvbnZlcnQiLCItcmVzaXplIDEwMjR4MTAyNFx1MDAzZSJdXQ.jpg?sha=e4d692c7b102e9f7,NULL,NULL,NULL,NULL,71.12,NULL,NULL,52.07,NULL,NULL
"Maison de la Publicité Project, Paris, France (Section)","Oscar Nitzchke",4312,"(American, born Germany. 1900–1991)",(American),(1900),(1991),(male),1936,"Ink, color pencil, gouache, and graphite on sprial-notebook card stock","Each: 28 x 20 1/2" (71.1 x 52.1 cm)","Gift of Lily Auchincloss, Barbara Jakobson, and Walter Randel",424.1976.4,Architecture,"Architecture & Design",1976-10-22,yes,610,https://www.moma.org/collection/works/610,https://www.moma.org/media/W1siZiIsIjUyMDIwNCJdLFsicCIsImNvbnZlcnQiLCItcmVzaXplIDEwMjR4MTAyNFx1MDAzZSJdXQ.jpg?sha=4585d5a3acb5b30f,NULL,NULL,NULL,NULL,71.12,NULL,NULL,52.07,NULL,NULL
"Maison de la Publicité Project, Paris, France (Plan of basement newsreel theater)","Oscar Nitzchke",4312,"(American, born Germany. 1900–1991)",(American),(1900),(1991),(male),1936,"Ink, color pencil, gouache, and graphite on spiral-notebook card stock","28 x 20 1/2" (71.1 x 52.1 cm)","Gift of Lily Auchincloss, Barbara Jakobson, and Walter Randel",424.1976.5,Architecture,"Architecture & Design",1976-10-22,yes,611,https://www.moma.org/collection/works/611,https://www.moma.org/media/W1siZiIsIjUyMDIwNSJdLFsicCIsImNvbnZlcnQiLCItcmVzaXplIDEwMjR4MTAyNFx1MDAzZSJdXQ.jpg?sha=cbc6850888651f4a,NULL,NULL,NULL,NULL,71.12,NULL,NULL,52.07,NULL,NULL
"Maison de la Publicité Project, Paris, France (Plan of entrance level with bar and exhibition space)","Oscar Nitzchke",4312,"(American, born Germany. 1900–1991)",(American),(1900),(1991),(male),1936,"Ink, color pencil, gouache, and graphite on sprial-notebook card stock","28 x 20 1/2" (71.1 x 52.1 cm)","Gift of Lily Auchincloss, Barbara Jakobson, and Walter Randel",424.1976.6,Architecture,"Architecture & Design",1976-10-22,yes,612,https://www.moma.org/collection/works/612,https://www.moma.org/media/W1siZiIsIjUyMDIwNiJdLFsicCIsImNvbnZlcnQiLCItcmVzaXplIDEwMjR4MTAyNFx1MDAzZSJdXQ.jpg?sha=d6ecb6b9f1854251,NULL,NULL,NULL,NULL,71.12,NULL,NULL,52.07,NULL,NULL
"Maison de la Publicité Project, Paris, France (Plan of mezzanine-level theater)","Oscar Nitzchke",4312,"(American, born Germany. 1900–1991)",(American),(1900),(1991),(male),1936,"Ink, color pencil, gouache, and graphite on sprial-notebook card stock","28 x 20 1/2" (71.1 x 52.1 cm)","Gift of Lily Auchincloss, Barbara Jakobson, and Walter Randel",424.1976.7,Architecture,"Architecture & Design",1976-10-22,yes,613,https://www.moma.org/collection/works/613,https://www.moma.org/media/W1siZiIsIjUyMDIwNyJdLFsicCIsImNvbnZlcnQiLCItcmVzaXplIDEwMjR4MTAyNFx1MDAzZSJdXQ.jpg?sha=814830414fefa69b,NULL,NULL,NULL,NULL,71.12,NULL,NULL,52.07,NULL,NULL
"Maison de la Publicité Project, Paris, France (Cut-away axonometric)","Oscar Nitzchke",4312,"(American, born Germany. 1900–1991)",(American),(1900),(1991),(male),1936,"Ink, color pencil, gouache, and graphite on spiral-notebook card stock","28 x 20 1/2" (71.1 x 52.1 cm)","Gift of Lily Auchincloss, Barbara Jakobson, and Walter Randel",424.1976.8,Architecture,"Architecture & Design",1976-10-22,yes,614,https://www.moma.org/collection/works/614,https://www.moma.org/media/W1siZiIsIjUyMDIwOCJdLFsicCIsImNvbnZlcnQiLCItcmVzaXplIDEwMjR4MTAyNFx1MDAzZSJdXQ.jpg?sha=8fadd443dd0ddc5b,NULL,NULL,NULL,NULL,71.12,NULL,NULL,52.07,NULL,NULL
"Maison de la Publicité Project, Paris, France (Plan of floors three through eight)","Oscar Nitzchke",4312,"(American, born Germany. 1900–1991)",(American),(1900),(1991),(male),1936,"Ink, color pencil, gouache, and graphite on spiral-notebook card stock","28 x 20 1/2" (71.1 x 52.1 cm)","Gift of Lily Auchincloss, Barbara Jakobson, and Walter Randel",424.1976.9,Architecture,"Architecture & Design",1976-10-22,yes,615,https://www.moma.org/collection/works/615,https://www.moma.org/media/W1siZiIsIjUyMDIwOSJdLFsicCIsImNvbnZlcnQiLCItcmVzaXplIDEwMjR4MTAyNFx1MDAzZSJdXQ.jpg?sha=95913c1eff5d566d,NULL,NULL,NULL,NULL,71.12,NULL,NULL,52.07,NULL,NULL
"Indian Institute of Management, Ahmedabad, India, Plan and elevation sketches of dormitory","Louis I. Kahn",2964,"(American, born Estonia. 1901–1974)",(American),(1901),(1974),(male),1964,"Charcoal on tracing paper","11 7/8 x 17 3/4" (30.2 x 45.1 cm)","Gift of the architect",425.1967,Architecture,"Architecture & Design",1967-04-11,yes,616,https://www.moma.org/collection/works/616,https://www.moma.org/media/W1siZiIsIjUxOTc0NiJdLFsicCIsImNvbnZlcnQiLCItcmVzaXplIDEwMjR4MTAyNFx1MDAzZSJdXQ.jpg?sha=6c8dc374508ae45b,NULL,NULL,NULL,NULL,30.20,NULL,NULL,45.10,NULL,NULL
"Haystack Mountain School of Crafts, Deer Isle, Maine, Oblique elevation","Edward Larrabee Barnes",6966,"(American, 1915–2004)",(American),(1915),(2004),(male),1962,"Graphite on tracing paper","11 1/2 x 36 3/4" (29.2 x 93.3 cm)","Gift of the architect",425.1992,Architecture,"Architecture & Design",1992-10-21,yes,617,https://www.moma.org/collection/works/617,https://www.moma.org/media/W1siZiIsIjUyNzY2NCJdLFsicCIsImNvbnZlcnQiLCItcmVzaXplIDEwMjR4MTAyNFx1MDAzZSJdXQ.jpg?sha=80ada16247c7bbe8,NULL,NULL,NULL,NULL,29.20,NULL,NULL,93.30,NULL,NULL
"Indian Institute of Management, Ahmedabad, India, Perspective drawing of dormitories","Louis I. Kahn",2964,"(American, born Estonia. 1901–1974)",(American),(1901),(1974),(male),1964,"Ink and graphite on tracing paper","12 x 18" (30.5 x 45.7 cm)","Gift of the architect",426.1967,Architecture,"Architecture & Design",1967-04-11,yes,618,https://www.moma.org/collection/works/618,https://www.moma.org/media/W1siZiIsIjUxOTc0NyJdLFsicCIsImNvbnZlcnQiLCItcmVzaXplIDEwMjR4MTAyNFx1MDAzZSJdXQ.jpg?sha=4ce979c87cefa8ed,NULL,NULL,NULL,NULL,30.50,NULL,NULL,45.70,NULL,NULL
"The Hague City Hall, project, The Hague, The Netherlands, Exterior perspective","Rem Koolhaas, Götz Keller, Willem Jan Neutelings, Brigitte Kochta, Marty Kohn, Luc Reuse, Ron Steiner, Jeroen Thomas, Garciella Torre","6956, 8173, 8177, 8178, 8174, 8179, 7579, 8175, 8176","(Dutch, born 1944) (German, born 1958) (Dutch, born 1959) (German, born 1958) (Canadian, born 1953) (Belgian, born 1955) (American, born 1952) (Dutch, born 1952) (Spanish, born 1959)","(Dutch) (German) (Dutch) (German) (Canadian) (Belgian) (American) (Dutch) (Spanish)","(1944) (1958) (1959) (1958) (1953) (1955) (1952) (1952) (1959)","(0) (0) (0) (0) (0) (0) (0) (0) (0)","(male) () (male) (female) (male) (male) (male) (male) (female)",1987,"Pastel and graphite on paper","62 x 81" (157.5 x 205.7 cm)",Purchase,426.1992,Architecture,"Architecture & Design",1992-10-21,yes,619,https://www.moma.org/collection/works/619,https://www.moma.org/media/W1siZiIsIjUyNzY2NSJdLFsicCIsImNvbnZlcnQiLCItcmVzaXplIDEwMjR4MTAyNFx1MDAzZSJdXQ.jpg?sha=0c2c43f564b7980e,NULL,NULL,NULL,NULL,157.50,NULL,NULL,205.70,NULL,NULL
"Philadelphia College of Art, project, Philadelphia, Pennsylvania, Elevation sketch","Louis I. Kahn",2964,"(American, born Estonia. 1901–1974)",(American),(1901),(1974),(male),1964,"Charcoal on tracing paper","12 x 18 1/4" (30.5 x 46.4 cm)","Gift of the architect",427.1967,Architecture,"Architecture & Design",1967-04-11,yes,620,https://www.moma.org/collection/works/620,https://www.moma.org/media/W1siZiIsIjUxOTc0OCJdLFsicCIsImNvbnZlcnQiLCItcmVzaXplIDEwMjR4MTAyNFx1MDAzZSJdXQ.jpg?sha=f6ee2dbf30ff26a5,NULL,NULL,NULL,NULL,30.50,NULL,NULL,46.40,NULL,NULL
"Helix City Project, Tokyo, Japan (Plan)","Kisho Kurokawa",6967,"(Japanese, 1934–2007)",(Japanese),(1934),(2007),(male),1961,"Cut-and-pasted gelatin silver photographs and ink on cut-and-pasted tracing paper on paper","21 1/2 x 17 1/2" (54.6 x 44.5 cm)","Gift of the architect",427.1992,Architecture,"Architecture & Design",1992-10-21,yes,621,https://www.moma.org/collection/works/621,https://www.moma.org/media/W1siZiIsIjU4ODc0MyJdLFsicCIsImNvbnZlcnQiLCItcmVzaXplIDEwMjR4MTAyNFx1MDAzZSJdXQ.jpg?sha=aad1d2c759aaa30b,NULL,NULL,NULL,NULL,54.60,NULL,NULL,44.50,NULL,NULL
"Philadelphia College of Art, project, Philadelphia, Pennsylvania, Site-plan and elevation sketches","Louis I. Kahn",2964,"(American, born Estonia. 1901–1974)",(American),(1901),(1974),(male),1965,"Charcoal on tracing paper","12 x 20 3/4" (30.5 x 52.7 cm)","Gift of the architect",428.1967,Architecture,"Architecture & Design",1967-04-11,yes,622,https://www.moma.org/collection/works/622,https://www.moma.org/media/W1siZiIsIjUxOTc0OSJdLFsicCIsImNvbnZlcnQiLCItcmVzaXplIDEwMjR4MTAyNFx1MDAzZSJdXQ.jpg?sha=715141f48f4bca50,NULL,NULL,NULL,NULL,30.50,NULL,NULL,52.70,NULL,NULL
"Floating City project, Kasumigaura, Japan (Plan)","Kisho Kurokawa",6967,"(Japanese, 1934–2007)",(Japanese),(1934),(2007),(male),1961,"Ink and graphite on printed map","32 1/2 x 22 5/8" (82.6 x 57.5 cm)","Gift of the architect",428.1992,Architecture,"Architecture & Design",1992-10-21,yes,623,https://www.moma.org/collection/works/623,https://www.moma.org/media/W1siZiIsIjI1MTE5OSJdLFsicCIsImNvbnZlcnQiLCItcmVzaXplIDEwMjR4MTAyNFx1MDAzZSJdXQ.jpg?sha=4f1cf444787e4ef3,NULL,NULL,NULL,NULL,82.60,NULL,NULL,57.50,NULL,NULL
"Philadelphia College of Art, project, Philadelphia, Pennsylvania, Section sketch of studios","Louis I. Kahn",2964,"(American, born Estonia. 1901–1974)",(American),(1901),(1974),(male),1965,"Charcoal on paper","29 3/4 x 47 3/4" (75.6 x 121.3 cm)","Gift of the architect",429.1967,Architecture,"Architecture & Design",1967-04-11,yes,624,https://www.moma.org/collection/works/624,https://www.moma.org/media/W1siZiIsIjUxOTc1MCJdLFsicCIsImNvbnZlcnQiLCItcmVzaXplIDEwMjR4MTAyNFx1MDAzZSJdXQ.jpg?sha=78dd68ce72507c99,NULL,NULL,NULL,NULL,75.60,NULL,NULL,121.30,NULL,NULL
"Parc de la Villette, Paris, France (Follies and Galleries, isometrics)","Bernard Tschumi",7056,"(French and Swiss, born Switzerland 1944)",NULL,(1944),NULL,(male),1986,"Gouache and color ink on gelatin silver photograph","34 x 50" (86.3 x 127 cm)",Purchase,429.1992,Architecture,"Architecture & Design",1992-10-21,yes,625,https://www.moma.org/collection/works/625,https://www.moma.org/media/W1siZiIsIjUyNzY3MCJdLFsicCIsImNvbnZlcnQiLCItcmVzaXplIDEwMjR4MTAyNFx1MDAzZSJdXQ.jpg?sha=237749042411b859,NULL,NULL,NULL,NULL,86.30,NULL,NULL,127.00,NULL,NULL
"Philadelphia College of Art, Project, Philadelphia, Pennsylvania, Site-plan sketch","Louis I. Kahn",2964,"(American, born Estonia. 1901–1974)",(American),(1901),(1974),(male),1965,"Charcoal and graphite on tracing paper","12 x 17 1/2" (30.5 x 44.5 cm)","Gift of the architect",430.1967,Architecture,"Architecture & Design",1967-04-11,yes,626,https://www.moma.org/collection/works/626,https://www.moma.org/media/W1siZiIsIjUxOTc1MSJdLFsicCIsImNvbnZlcnQiLCItcmVzaXplIDEwMjR4MTAyNFx1MDAzZSJdXQ.jpg?sha=b088c26e45e6096f,NULL,NULL,NULL,NULL,30.50,NULL,NULL,44.50,NULL,NULL
"Cathedral of St. John the Divine Project, New York City, New York, Section","Santiago Calatrava",6968,"(Spanish, born 1951)",(Spanish),(1951),NULL,(male),1992,"Color pencil on tracing paper","24 1/16 x 30" (61.1 x 76.2 cm)","Gift of Lily Auchincloss",430.1992,Architecture,"Architecture & Design",1992-10-21,yes,627,https://www.moma.org/collection/works/627,https://www.moma.org/media/W1siZiIsIjUyNzY3MyJdLFsicCIsImNvbnZlcnQiLCItcmVzaXplIDEwMjR4MTAyNFx1MDAzZSJdXQ.jpg?sha=99da3455a4b025be,NULL,NULL,NULL,NULL,61.10,NULL,NULL,76.20,NULL,NULL
"Philadelphia College of Art, project, Philadelphia, Pennsylvania, Elevation sketches of library tower","Louis I. Kahn",2964,"(American, born Estonia. 1901–1974)",(American),(1901),(1974),(male),1965,"Crayon on tracing paper","12 x 12 3/4" (30.5 x 32.4 cm)","Gift of the architect",431.1967,Architecture,"Architecture & Design",1967-04-11,yes,628,https://www.moma.org/collection/works/628,https://www.moma.org/media/W1siZiIsIjUxOTc1MiJdLFsicCIsImNvbnZlcnQiLCItcmVzaXplIDEwMjR4MTAyNFx1MDAzZSJdXQ.jpg?sha=8ef0c28996b84537,NULL,NULL,NULL,NULL,30.50,NULL,NULL,32.40,NULL,NULL
"House, Pregassona, Switzerland (Plan, preliminary sketch)","Mario Botta",696,"(Swiss, born 1943)",(Swiss),(1943),NULL,(male),1979,"Graphite on tracing paper","11 1/2 x 12" (29.2 x 30.5 cm)","Gift of the architect",431.1987,Architecture,"Architecture & Design",1987-11-18,yes,629,https://www.moma.org/collection/works/629,NULL,NULL,NULL,NULL,NULL,29.20,NULL,NULL,30.50,NULL,NULL
"Beach House Project (Aerial perspective)","Hans Hollein",2705,"(Austrian, 1934–2014)",(Austrian),(1934),(2014),(male),1963,"Marker, graphite, and cut-and-pasted color reproduction on tracing paper","15 1/2 x 21 7/8" (39.4 x 55.6 cm) (irreg.)","Philip Johnson Fund",432.1967,Architecture,"Architecture & Design",1967-04-11,yes,630,https://www.moma.org/collection/works/630,https://www.moma.org/media/W1siZiIsIjUxOTc1MyJdLFsicCIsImNvbnZlcnQiLCItcmVzaXplIDEwMjR4MTAyNFx1MDAzZSJdXQ.jpg?sha=f3e478b6e51660f5,NULL,NULL,NULL,NULL,35.90,NULL,NULL,53.30,NULL,NULL
"House, Viganello, Switzerland (Plan, preliminary sketch)","Mario Botta",696,"(Swiss, born 1943)",(Swiss),(1943),NULL,(male),1981–1982,"Graphite on tracing paper","12 1/4 x 22 1/8" (31.8 x 56.2 cm)","Gift of the architect",432.1987,Architecture,"Architecture & Design",1987-11-18,yes,631,https://www.moma.org/collection/works/631,NULL,NULL,NULL,NULL,NULL,31.80,NULL,NULL,56.20,NULL,NULL
"Urban Renewal in New York Project, New York, New York, Aerial perspective","Hans Hollein",2705,"(Austrian, 1934–2014)",(Austrian),(1934),(2014),(male),1964,"Cut-and-pasted gelatin silver photograph on gelatin silver photograph","8 1/8 x 10" (20.6 x 25.4 cm)","Philip Johnson Fund",433.1967,Architecture,"Architecture & Design",1967-04-11,yes,632,https://www.moma.org/collection/works/632,https://www.moma.org/media/W1siZiIsIjUxOTc1NCJdLFsicCIsImNvbnZlcnQiLCItcmVzaXplIDEwMjR4MTAyNFx1MDAzZSJdXQ.jpg?sha=9a654a4d237e115f,NULL,NULL,NULL,NULL,19.00,NULL,NULL,24.10,NULL,NULL
"House Morbio Superiore, Switzerland (Plan, preliminary sketch)","Mario Botta",696,"(Swiss, born 1943)",(Swiss),(1943),NULL,(male),1982–1983,"Graphite on tracing paper","13 5/8 x 12 1/4" (34.6 x 31.1 cm)","Gift of the architect",433.1987,Architecture,"Architecture & Design",1987-11-18,yes,633,https://www.moma.org/collection/works/633,NULL,NULL,NULL,NULL,NULL,34.61,NULL,NULL,31.12,NULL,NULL
"Aircraft Carrier City in Landscape, project, Exterior perspective","Hans Hollein",2705,"(Austrian, 1934–2014)",(Austrian),(1934),(2014),(male),1964,"Cut-and-pasted printed paper on gelatin silver photographs mounted on board","8 1/2 x 39 3/8" (21.6 x 100 cm)","Philip Johnson Fund",434.1967,Architecture,"Architecture & Design",1967-04-11,yes,634,https://www.moma.org/collection/works/634,https://www.moma.org/media/W1siZiIsIjUxOTc1NSJdLFsicCIsImNvbnZlcnQiLCItcmVzaXplIDEwMjR4MTAyNFx1MDAzZSJdXQ.jpg?sha=d4020c3a4b370901,NULL,NULL,NULL,NULL,21.60,NULL,NULL,100.00,NULL,NULL
"Urban Housing, Turin, Italy, Aerial perspective","Mario Botta",696,"(Swiss, born 1943)",(Swiss),(1943),NULL,(male),1985,"Ink on paper","35 1/4 x 35 7/8" (89.5 x 91.1 cm)","Gift of the architect",434.1987,Architecture,"Architecture & Design",1987-11-18,yes,635,https://www.moma.org/collection/works/635,https://www.moma.org/media/W1siZiIsIjUyNjc2MCJdLFsicCIsImNvbnZlcnQiLCItcmVzaXplIDEwMjR4MTAyNFx1MDAzZSJdXQ.jpg?sha=69a0471eabc39dc2,NULL,NULL,NULL,NULL,89.50,NULL,NULL,91.10,NULL,NULL
"Aircraft Carrier City in Landscape, project, Perspective","Hans Hollein",2705,"(Austrian, 1934–2014)",(Austrian),(1934),(2014),(male),1964,"Cut-and-pasted reproduction on photograph","4 1/2 x 7 1/4" (11.4 x 18.4 cm)","Philip Johnson Fund",435.1967,Architecture,"Architecture & Design",1967-04-11,yes,636,https://www.moma.org/collection/works/636,https://www.moma.org/media/W1siZiIsIjUxOTc1NiJdLFsicCIsImNvbnZlcnQiLCItcmVzaXplIDEwMjR4MTAyNFx1MDAzZSJdXQ.jpg?sha=7efb84fe8d565256,NULL,NULL,NULL,NULL,11.40,NULL,NULL,18.40,NULL,NULL
"Thyssen-Bornemisza Gallery, Lugano, Switzerland, Perspective","Mario Botta",696,"(Swiss, born 1943)",(Swiss),(1943),NULL,(male),1986,"Ink on paper","43 1/2 x 43 1/2" (110.5 x 110.5 cm)","Gift of the architect",435.1987,Architecture,"Architecture & Design",1987-11-18,yes,637,https://www.moma.org/collection/works/637,https://www.moma.org/media/W1siZiIsIjUyNjc2MSJdLFsicCIsImNvbnZlcnQiLCItcmVzaXplIDEwMjR4MTAyNFx1MDAzZSJdXQ.jpg?sha=7b5d4dae8e0dd90f,NULL,NULL,NULL,NULL,110.50,NULL,NULL,110.50,NULL,NULL
"Aircraft Carrier in Landscape, project, Section","Hans Hollein",2705,"(Austrian, 1934–2014)",(Austrian),(1934),(2014),(male),1964,"Cut-and-pasted reproduction and ink on glazed paper","6 3/8 x 15 5/8" (16.2 x 39.7 cm)","Philip Johnson Fund",436.1967,Architecture,"Architecture & Design",1967-04-11,yes,638,https://www.moma.org/collection/works/638,https://www.moma.org/media/W1siZiIsIjUxOTc1NyJdLFsicCIsImNvbnZlcnQiLCItcmVzaXplIDEwMjR4MTAyNFx1MDAzZSJdXQ.jpg?sha=0811e4f0706a1bae,NULL,NULL,NULL,NULL,16.20,NULL,NULL,39.70,NULL,NULL
"Cultural Center, Chambéry, France, Perspective","Mario Botta",696,"(Swiss, born 1943)",(Swiss),(1943),NULL,(male),Unknown,"Ink on paper","29 3/8 x 40 1/2" (74.6 x 102.9 cm)","Gift of the architect",436.1987,Architecture,"Architecture & Design",1987-11-18,yes,639,https://www.moma.org/collection/works/639,https://www.moma.org/media/W1siZiIsIjUyNjc2MiJdLFsicCIsImNvbnZlcnQiLCItcmVzaXplIDEwMjR4MTAyNFx1MDAzZSJdXQ.jpg?sha=ff28989925ff10aa,NULL,NULL,NULL,NULL,74.60,NULL,NULL,102.90,NULL,NULL
"Aircraft Carrier City in Landscape, project, Aerial perspective","Hans Hollein",2705,"(Austrian, 1934–2014)",(Austrian),(1934),(2014),(male),1964,"Cut-and-pasted reproduction on photograph","4 3/4 x 14 1/2" (12.1 x 36.8 cm)","Philip Johnson Fund",437.1967,Architecture,"Architecture & Design",1967-04-11,yes,640,https://www.moma.org/collection/works/640,https://www.moma.org/media/W1siZiIsIjUxOTc1OCJdLFsicCIsImNvbnZlcnQiLCItcmVzaXplIDEwMjR4MTAyNFx1MDAzZSJdXQ.jpg?sha=588aa6a655f5dac9,NULL,NULL,NULL,NULL,12.10,NULL,NULL,36.80,NULL,NULL
"House, Massagno, Switzerland (Plan, preliminary sketch)","Mario Botta",696,"(Swiss, born 1943)",(Swiss),(1943),NULL,(male),1979–1981,"Graphite on tracing paper","11 1/2 x 17 3/8" (29.2 x 44.1 cm)","Gift of the architect",437.1987,Architecture,"Architecture & Design",1987-11-18,yes,641,https://www.moma.org/collection/works/641,NULL,NULL,NULL,NULL,NULL,29.20,NULL,NULL,44.10,NULL,NULL
"Highrise Building, Sparkplug, project (Exterior perspective)","Hans Hollein",2705,"(Austrian, 1934–2014)",(Austrian),(1934),(2014),(male),1964,"Cut-and-pasted printed paper on gelatin silver photograph","4 3/4 x 7 1/4" (12.1 x 18.4 cm)","Philip Johnson Fund",438.1967,Architecture,"Architecture & Design",1967-04-11,yes,642,https://www.moma.org/collection/works/642,https://www.moma.org/media/W1siZiIsIjUxOTc1OSJdLFsicCIsImNvbnZlcnQiLCItcmVzaXplIDEwMjR4MTAyNFx1MDAzZSJdXQ.jpg?sha=5e0875a313298416,NULL,NULL,NULL,NULL,12.10,NULL,NULL,18.40,NULL,NULL
"Mr. and Mrs. Lawrence Morris House, Mount Kisco, New York, Perspective","Louis I. Kahn",2964,"(American, born Estonia. 1901–1974)",(American),(1901),(1974),(male),1958,"Ink on tracing paper","11 1/4 x 17" (28.6 x 43.2 cm)",Purchase,438.1987,Architecture,"Architecture & Design",1987-11-18,yes,643,https://www.moma.org/collection/works/643,https://www.moma.org/media/W1siZiIsIjUyNjc2MyJdLFsicCIsImNvbnZlcnQiLCItcmVzaXplIDEwMjR4MTAyNFx1MDAzZSJdXQ.jpg?sha=827e044642116133,NULL,NULL,NULL,NULL,28.60,NULL,NULL,43.20,NULL,NULL
"Highrise Building, Theodolite, project, Perspective","Hans Hollein",2705,"(Austrian, 1934–2014)",(Austrian),(1934),(2014),(male),1964,"Cut-and-pasted printed papers on gelatin silver photograph mounted on board","6 3/4 x 17 1/2" (17.1 x 44.5 cm)","Philip Johnson Fund",439.1967,Architecture,"Architecture & Design",1967-04-11,yes,644,https://www.moma.org/collection/works/644,https://www.moma.org/media/W1siZiIsIjUxOTc2MCJdLFsicCIsImNvbnZlcnQiLCItcmVzaXplIDEwMjR4MTAyNFx1MDAzZSJdXQ.jpg?sha=32431e10c2f95523,NULL,NULL,NULL,NULL,17.10,NULL,NULL,44.50,NULL,NULL
"Mr. and Mrs. Lawrence Morris House, Mount Kisco, New York, Perspective","Louis I. Kahn",2964,"(American, born Estonia. 1901–1974)",(American),(1901),(1974),(male),1958,"Ink on tracing paper","10 x 17 1/2" (25.4 x 44.5 cm)",Purchase,439.1987,Architecture,"Architecture & Design",1987-11-18,yes,645,https://www.moma.org/collection/works/645,https://www.moma.org/media/W1siZiIsIjUyNjc2NCJdLFsicCIsImNvbnZlcnQiLCItcmVzaXplIDEwMjR4MTAyNFx1MDAzZSJdXQ.jpg?sha=2ddd686cf283cecf,NULL,NULL,NULL,NULL,25.40,NULL,NULL,44.50,NULL,NULL
"Pro Memoria Garden, project for a Labyrinth, Lüdenhausen, Germany, Aerial perspective","Emilio Ambasz",141,"(Argentine, born 1943)",(Argentine),(1943),NULL,(male),1978,"Color pencil, color ink, and graphite on paper","19 5/8 x 58 5/8" (49.8 x 148.9 cm)","Gift of Pierre Apraxine",440.1997,Architecture,"Architecture & Design",1997-10-17,yes,646,https://www.moma.org/collection/works/646,https://www.moma.org/media/W1siZiIsIjIxMTM1OSJdLFsicCIsImNvbnZlcnQiLCItcmVzaXplIDEwMjR4MTAyNFx1MDAzZSJdXQ.jpg?sha=2f50b32839dc8a7b,NULL,NULL,NULL,NULL,49.85,NULL,NULL,148.91,NULL,NULL
"Pro Memoria Garden, project for a Labyrinth, Lüdenhausen, Germany, Aerial perspective","Emilio Ambasz",141,"(Argentine, born 1943)",(Argentine),(1943),NULL,(male),1978,"Color pencil and ink on off-white heavy paper","18 1/2 x 61 3/8" (47 x 155.9 cm)","Gift of Pierre Apraxine",441.1997,Architecture,"Architecture & Design",1997-10-17,yes,647,https://www.moma.org/collection/works/647,https://www.moma.org/media/W1siZiIsIjUyNzY4MyJdLFsicCIsImNvbnZlcnQiLCItcmVzaXplIDEwMjR4MTAyNFx1MDAzZSJdXQ.jpg?sha=a10b91aa49b1b586,NULL,NULL,NULL,NULL,46.99,NULL,NULL,155.89,NULL,NULL
"Pro Memoria Garden, project for a Labyrinth, Lüdenhausen, Germany, Axonometric","Emilio Ambasz",141,"(Argentine, born 1943)",(Argentine),(1943),NULL,(male),1978,"Color pencil and ink on off-white heavy paper","27 1/2 x 66 7/16" (69.9 x 168.8 cm)","Gift of Pierre Apraxine",442.1997,Architecture,"Architecture & Design",1997-10-17,yes,648,https://www.moma.org/collection/works/648,https://www.moma.org/media/W1siZiIsIjIxMTM2NCJdLFsicCIsImNvbnZlcnQiLCItcmVzaXplIDEwMjR4MTAyNFx1MDAzZSJdXQ.jpg?sha=ef67979ea99f8f00,NULL,NULL,NULL,NULL,69.85,NULL,NULL,168.75,NULL,NULL
"Mr. and Mrs. James Bryan Christie House, Bernardsville, New Jersey, Exterior perspective from southwest","Frank Lloyd Wright",6459,"(American, 1867–1959)",(American),(1867),(1959),(male),1940,"Graphite and color pencil on tracing paper","18 x 35 1/2" (45.7 x 90.2 cm)","Gift of Edgar Kaufmann, Jr.",455.1972,Architecture,"Architecture & Design",1972-12-21,yes,649,https://www.moma.org/collection/works/649,https://www.moma.org/media/W1siZiIsIjUxOTk0NSJdLFsicCIsImNvbnZlcnQiLCItcmVzaXplIDEwMjR4MTAyNFx1MDAzZSJdXQ.jpg?sha=6925de40a2bcea30,NULL,NULL,NULL,NULL,45.70,NULL,NULL,90.20,NULL,NULL
"Mr. and Mrs. James Bryan Christie House, Bernardsville, NJ (Exterior perspective from east)","Frank Lloyd Wright",6459,"(American, 1867–1959)",(American),(1867),(1959),(male),1940,"Pencil and colored pencil on tracing paper","18 x 35 1/2" (45.7 x 90.2 cm)","Gift of Edgar Kaufmann, Jr.",456.1972,Architecture,"Architecture & Design",1972-12-21,yes,650,https://www.moma.org/collection/works/650,https://www.moma.org/media/W1siZiIsIjUxOTk0NiJdLFsicCIsImNvbnZlcnQiLCItcmVzaXplIDEwMjR4MTAyNFx1MDAzZSJdXQ.jpg?sha=ce0142b9f9d337b8,NULL,NULL,NULL,NULL,45.70,NULL,NULL,90.20,NULL,NULL
"Row House with Interior Court, project (Interior perspective of living room toward court)","Ludwig Mies van der Rohe",7166,"(American, born Germany. 1886–1969)",(American),(1886),(1969),(male),"after 1938","Graphite and wood veneer on illustration board","30 1/8 x 40 1/8" (76.5 x 101.9 cm)","Mies van der Rohe Archive, gift of the architect",457.1964,"Mies van der Rohe Archive","Architecture & Design",1964-05-12,yes,651,https://www.moma.org/collection/works/651,https://www.moma.org/media/W1siZiIsIjUxOTI5OCJdLFsicCIsImNvbnZlcnQiLCItcmVzaXplIDEwMjR4MTAyNFx1MDAzZSJdXQ.jpg?sha=a092f2fee3deeb5c,NULL,NULL,NULL,NULL,76.50,NULL,NULL,101.90,NULL,NULL
"Mr. and Mrs. Stuart Wells House, project, Long Lake, Minnesota, Plan of upper level","Frank Lloyd Wright",6459,"(American, 1867–1959)",(American),(1867),(1959),(male),1946,"Ink and color crayon on tracing paper","23 1/2 x 30" (59.7 x 76.2 cm)","Gift of Edgar Kaufmann, Jr.",457.1972,Architecture,"Architecture & Design",1972-12-21,yes,652,https://www.moma.org/collection/works/652,https://www.moma.org/media/W1siZiIsIjUxOTk0NyJdLFsicCIsImNvbnZlcnQiLCItcmVzaXplIDEwMjR4MTAyNFx1MDAzZSJdXQ.jpg?sha=20c468a3a6d12e14,NULL,NULL,NULL,NULL,59.70,NULL,NULL,76.20,NULL,NULL
"Court House Project, Interior perspective","Ludwig Mies van der Rohe",7166,"(American, born Germany. 1886–1969)",(American),(1886),(1969),(male),"after 1938","Graphite and cut-and-pasted photography on illustration board","30 1/8 x 40 1/8" (76.5 x 101.9 cm)","Mies van der Rohe Archive, gift of the architect",458.1964,"Mies van der Rohe Archive","Architecture & Design",1964-05-12,yes,653,https://www.moma.org/collection/works/653,https://www.moma.org/media/W1siZiIsIjUxOTI5OSJdLFsicCIsImNvbnZlcnQiLCItcmVzaXplIDEwMjR4MTAyNFx1MDAzZSJdXQ.jpg?sha=a873b8a0250fae64,NULL,NULL,NULL,NULL,76.50,NULL,NULL,101.90,NULL,NULL
"Mr. and Mrs. Stuart Wells House, project, Long Lake, Minnesota, Plan of lower level","Frank Lloyd Wright",6459,"(American, 1867–1959)",(American),(1867),(1959),(male),1946,"Graphite and color crayon on tracing paper","24 1/2 x 34 1/2" (62.2 x 87.6 cm)","Gift of Edgar Kaufmann, Jr.",458.1972,Architecture,"Architecture & Design",1972-12-21,yes,654,https://www.moma.org/collection/works/654,https://www.moma.org/media/W1siZiIsIjUxOTk0OCJdLFsicCIsImNvbnZlcnQiLCItcmVzaXplIDEwMjR4MTAyNFx1MDAzZSJdXQ.jpg?sha=d7efe80771937254,NULL,NULL,NULL,NULL,62.20,NULL,NULL,87.60,NULL,NULL
"Mr. and Mrs. Stuart Wells House, project, Long Lake, Minnesota, Perspective","Frank Lloyd Wright",6459,"(American, 1867–1959)",(American),(1867),(1959),(male),1946,"Graphite and color crayon on tracing paper","24 x 35 1/2" (61 x 90.2 cm)","Gift of Edgar Kaufmann, Jr.",459.1972,Architecture,"Architecture & Design",1972-12-21,yes,655,https://www.moma.org/collection/works/655,https://www.moma.org/media/W1siZiIsIjUxOTk0OSJdLFsicCIsImNvbnZlcnQiLCItcmVzaXplIDEwMjR4MTAyNFx1MDAzZSJdXQ.jpg?sha=d7ae616a8bb35747,NULL,NULL,NULL,NULL,61.00,NULL,NULL,90.20,NULL,NULL
"Miller House, Norristown, Pennsylvania, Rear patio, exterior perspective","Richard Neutra",4277,"(American, born Austria. 1892–1970)",(American),(1892),(1970),(male),"c. 1955","Graphite, color pencil, and pastel on tracing paper","18 5/8 x 28 5/8" (47.3 x 72.7 cm)","Gift of Harvey S. Shipley Miller",461.1985,Architecture,"Architecture & Design",1985-11-18,yes,656,https://www.moma.org/collection/works/656,https://www.moma.org/media/W1siZiIsIjUyNjc4MSJdLFsicCIsImNvbnZlcnQiLCItcmVzaXplIDEwMjR4MTAyNFx1MDAzZSJdXQ.jpg?sha=cfb4687c2bd9052c,NULL,NULL,NULL,NULL,47.31,NULL,NULL,72.71,NULL,NULL
"Miller House, Norristown, Pennsylvania, Exterior perspective of entrance","Richard Neutra",4277,"(American, born Austria. 1892–1970)",(American),(1892),(1970),(male),"c. 1955","Pastel, color pencil, and graphite on tracing paper","16 x 25 5/8" (40.6 x 65.1 cm)","Gift of Harvey S. Shipley Miller",462.1985,Architecture,"Architecture & Design",1985-11-18,yes,657,https://www.moma.org/collection/works/657,https://www.moma.org/media/W1siZiIsIjUyNjc4MiJdLFsicCIsImNvbnZlcnQiLCItcmVzaXplIDEwMjR4MTAyNFx1MDAzZSJdXQ.jpg?sha=002b90361ac0a365,NULL,NULL,NULL,NULL,40.64,NULL,NULL,65.09,NULL,NULL
"Charrette Submission for The Museum of Modern Art Expansion 1997, New York (Manhattan), New York, First Phase","Wiel Arets",8051,"(Dutch, born 1955)",(Dutch),(1955),NULL,(male),1997,"Mixed media","11 x 17" (28 x 43.2 cm) (approx.)","Gift of the architect",472.1997.1-73,Architecture,"Architecture & Design",1997-10-17,no,658,NULL,NULL,NULL,NULL,NULL,NULL,28.00,NULL,NULL,43.20,NULL,NULL
"Charrette Submission for The Museum of Modern Art Expansion 1997, New York (Manhattan), New York, First Phase","Herzog & de Meuron, Basel, Jacques Herzog, Pierre de Meuron","7567, 7421, 7422","(est. 1978) (Swiss, born 1950) (Swiss, born 1950)","(Swiss) (Swiss) (Swiss)","(1978) (1950) (1950)","(0) (0) (0)","() (male) (male)",1997,"Mixed media",".1 model: 19 3/4 x 40 1/2 x 26" (50.2 x 102.9 x 66 cm) includes base: h. 1 3/4"
.2 charrette box: 11 x 17" (28 x 43.2 cm)","Gift of the architect",473.1997.1-2,Architecture,"Architecture & Design",1997-10-17,no,659,NULL,NULL,NULL,NULL,66.04,NULL,50.17,NULL,NULL,102.87,NULL,NULL
"Glass Skyscraper project (Elevation study)","Ludwig Mies van der Rohe",7166,"(American, born Germany. 1886–1969)",(American),(1886),(1969),(male),1922,"Charcoal, Conté crayon, and pencil on paper mounted on board","54 1/2 x 32 3/4" (137.8 x 83.2 cm)","Mies van der Rohe Archive, gift of George Danforth",474.1974,"Mies van der Rohe Archive","Architecture & Design",1974-11-06,yes,660,https://www.moma.org/collection/works/660,https://www.moma.org/media/W1siZiIsIjM0NTcyNyJdLFsicCIsImNvbnZlcnQiLCItcmVzaXplIDEwMjR4MTAyNFx1MDAzZSJdXQ.jpg?sha=c5b79fbf2decfffa,NULL,NULL,NULL,NULL,137.80,NULL,NULL,83.20,NULL,NULL
"National Commercial Bank, Jeddah, Saudi Arabia (Four plans, preliminary study)","Skidmore Owings & Merrill, Gordon Bunshaft","5518, 8170","(American, founded 1936) (American, 1909–1990)","(American) (American)","(1936) (1909)","(0) (1990)","() (male)",1977,"Felt tip pen on tracing paper","12 x 35 1/2" (30.5 x 90.2 cm)","Gift of Skidmore, Owings and Merrill",474.1983,Architecture,"Architecture & Design",1983-05-17,yes,661,https://www.moma.org/collection/works/661,NULL,NULL,NULL,NULL,NULL,30.48,NULL,NULL,90.17,NULL,NULL
"Charrette Submission for The Museum of Modern Art Expansion 1997, New York, NY (First Phase)","Steven Holl",2702,"(American, born 1947)",(American),(1947),NULL,(male),1997,"Mixed media","11 x 17" (28 x 43.2 cm) (approx.)","Gift of the architect",474.1997.1-99,Architecture,"Architecture & Design",1997-10-17,yes,662,https://www.moma.org/collection/works/662,NULL,NULL,NULL,NULL,NULL,28.00,NULL,NULL,43.20,NULL,NULL
"National Commercial Bank, Jeddah, Saudi Arabia (Three plans, preliminary study)","Skidmore Owings & Merrill, Gordon Bunshaft","5518, 8170","(American, founded 1936) (American, 1909–1990)","(American) (American)","(1936) (1909)","(0) (1990)","() (male)",1977,"Felt tip pen and colored pencil on tracing paper","12 x 36" (30.5 x 91.4 cm)","Gift of Skidmore, Owings and Merrill",475.1983,Architecture,"Architecture & Design",1983-05-17,yes,664,https://www.moma.org/collection/works/664,NULL,NULL,NULL,NULL,NULL,30.48,NULL,NULL,91.44,NULL,NULL
"Charrette Submission for The Museum of Modern Art Expansion 1997, New York (Manhattan), New York, First Phase","Toyo Ito",7526,"(Japanese, born 1941)",(Japanese),(1941),NULL,(male),1997,Paper,"11 x 17" (28 x 43.2 cm) (approx.)","Gift of the architect",475.1997.1-4,Architecture,"Architecture & Design",1997-10-17,yes,665,https://www.moma.org/collection/works/665,https://www.moma.org/media/W1siZiIsIjE3OTM0MyJdLFsicCIsImNvbnZlcnQiLCItcmVzaXplIDEwMjR4MTAyNFx1MDAzZSJdXQ.jpg?sha=0a8f88d7adc9f7c9,NULL,NULL,NULL,NULL,28.00,NULL,NULL,43.20,NULL,NULL
"National Commercial Bank, Jeddah, Saudi Arabia (Five plans, preliminary study)","Skidmore Owings & Merrill, Gordon Bunshaft","5518, 8170","(American, founded 1936) (American, 1909–1990)","(American) (American)","(1936) (1909)","(0) (1990)","() (male)",1977,"Felt-tipped pen on tracing paper","12 x 35 1/2" (30.5 x 90.2 cm)","Gift of Skidmore, Owings and Merrill",476.1983,Architecture,"Architecture & Design",1983-05-17,yes,667,https://www.moma.org/collection/works/667,NULL,NULL,NULL,NULL,NULL,30.48,NULL,NULL,90.17,NULL,NULL
"Charrette Submission for The Museum of Modern Art Expansion, New York, NY","Rem Koolhaas",6956,"(Dutch, born 1944)",(Dutch),(1944),NULL,(male),1997,"Mixed media","11 x 17" (28 x 43.2 cm) (approx.)","Gift of the architect",476.1997.1-31,Architecture,"Architecture & Design",1997-10-17,no,668,NULL,NULL,NULL,NULL,NULL,NULL,28.00,NULL,NULL,43.20,NULL,NULL
"National Commercial Bank, Jeddah, Saudi Arabia (Thirteen plans, preliminary study)","Skidmore Owings & Merrill, Gordon Bunshaft","5518, 8170","(American, founded 1936) (American, 1909–1990)","(American) (American)","(1936) (1909)","(0) (1990)","() (male)",1977,"Felt-tipped pen on tracing paper","12 x 35 3/4" (30.5 x 90.8 cm)","Gift of Skidmore, Owings and Merrill",477.1983,Architecture,"Architecture & Design",1983-05-17,yes,669,https://www.moma.org/collection/works/669,https://www.moma.org/media/W1siZiIsIjM0MzE1MCJdLFsicCIsImNvbnZlcnQiLCItcmVzaXplIDEwMjR4MTAyNFx1MDAzZSJdXQ.jpg?sha=20b43b2ee917ab43,NULL,NULL,NULL,NULL,30.48,NULL,NULL,90.81,NULL,NULL
"Charrette Submission for The Museum of Modern Art Expansion 1997, New York (Manhattan), New York, First Phase","Dominique Perrault Architecture, Paris, Dominique Perrault","8053, 8052","(founded 1981) (French, born 1953)","(French) (French)","(1981) (1953)",NULL,"() (male)",1997,"Mixed media","11 x 17" (28 x 43.2 cm) (approx.)","Gift of the architect",477.1997.1-260,Architecture,"Architecture & Design",1997-10-17,no,670,NULL,NULL,NULL,NULL,NULL,NULL,28.00,NULL,NULL,43.20,NULL,NULL
"National Commercial Bank, Jeddah, Saudi Arabia (Four plans, preliminary study)","Skidmore Owings & Merrill, Gordon Bunshaft","5518, 8170","(American, founded 1936) (American, 1909–1990)","(American) (American)","(1936) (1909)","(0) (1990)","() (male)",1977,"Felt tip pen on tracing paper","12 x 35" (30.5 x 88.9 cm)","Gift of Skidmore, Owings and Merrill",478.1983,Architecture,"Architecture & Design",1983-05-17,yes,671,https://www.moma.org/collection/works/671,https://www.moma.org/media/W1siZiIsIjM0MzA4OSJdLFsicCIsImNvbnZlcnQiLCItcmVzaXplIDEwMjR4MTAyNFx1MDAzZSJdXQ.jpg?sha=5e23637ada7f7fb0,NULL,NULL,NULL,NULL,30.48,NULL,NULL,88.90,NULL,NULL
"Center for Applied Computer Research, Las Promesas, Mexico, Axonometric","Emilio Ambasz",141,"(Argentine, born 1943)",(Argentine),(1943),NULL,(male),1975,"Ink, felt-tipped pen, and photostat on acetate","37 1/2 x 38 1/4" (95.3 x 97.2 cm)","Gift of the architect",478.1990,Architecture,"Architecture & Design",1990-10-24,yes,672,https://www.moma.org/collection/works/672,https://www.moma.org/media/W1siZiIsIjUyNzE2MiJdLFsicCIsImNvbnZlcnQiLCItcmVzaXplIDEwMjR4MTAyNFx1MDAzZSJdXQ.jpg?sha=dc332312ae34425e,NULL,NULL,2.00,NULL,2.00,NULL,NULL,2.00,NULL,NULL
"Sit Down (Perspective)","Gaetano Pesce",4570,"(Italian, 1939 - 2024)",(Italian),(1939),(2024),(male),1975,"Colored pencil and ink on paper","29 1/2 x 20 7/8" (75 x 53 cm)","Gift of Pierre Apraxine",478.1997,Architecture,"Architecture & Design",1997-10-17,yes,673,https://www.moma.org/collection/works/673,NULL,NULL,NULL,NULL,NULL,75.00,NULL,NULL,53.00,NULL,NULL
"National Commercial Bank, Jeddah, Saudi Arabia (Five plans, preliminary study)","Skidmore Owings & Merrill, Gordon Bunshaft","5518, 8170","(American, founded 1936) (American, 1909–1990)","(American) (American)","(1936) (1909)","(0) (1990)","() (male)",1977,"Felt tip pen and colored pencil on tracing paper","12 x 35 1/2" (30.5 x 90.2 cm)","Gift of Skidmore, Owings and Merrill",479.1983,Architecture,"Architecture & Design",1983-05-17,yes,674,https://www.moma.org/collection/works/674,https://www.moma.org/media/W1siZiIsIjM0MzA0MyJdLFsicCIsImNvbnZlcnQiLCItcmVzaXplIDEwMjR4MTAyNFx1MDAzZSJdXQ.jpg?sha=afba3cb73ddb25b4,NULL,NULL,NULL,NULL,30.48,NULL,NULL,90.17,NULL,NULL
"Center for Applied Computer Research, Las Promesas, Mexico, Elevation","Emilio Ambasz",141,"(Argentine, born 1943)",(Argentine),(1943),NULL,(male),1975,"Ink, felt-tipped pen, and photostat on acetate","37 7/8 x 47 7/8" (96.2 x 121.6 cm)","Gift of the architect",479.1990,Architecture,"Architecture & Design",1990-10-24,yes,675,https://www.moma.org/collection/works/675,https://www.moma.org/media/W1siZiIsIjUyNzE2MyJdLFsicCIsImNvbnZlcnQiLCItcmVzaXplIDEwMjR4MTAyNFx1MDAzZSJdXQ.jpg?sha=24c69a94df7b3b53,NULL,NULL,NULL,NULL,88.30,NULL,NULL,121.60,NULL,NULL
"Kyle Residence, Houston, Texas, Section","Joel Sanders",7566,"(American, born 1956)",(American),(1956),NULL,(male),1995,"Cut-and-pasted paper, cut-and-pasted pressure sensitive synthetic polymer sheets, and ink on drafting film over photo-electrostatic print","10 5/8 x 29 9/16" (26.9 x 75.1 cm)","Gift of the Peter Norton Family Foundation",479.1997.1,Architecture,"Architecture & Design",1997-10-17,no,676,NULL,NULL,NULL,NULL,NULL,NULL,26.90,NULL,NULL,75.10,NULL,NULL
"Kyle Residence, Houston, Texas, Sections","Joel Sanders, Joel Sanders, Architect","7566, 22874","(American, born 1956)","(American) ()","(1956) (0)",NULL,"(male) ()",1995,"see individual records.",NULL,"Gift of the Peter Norton Family Foundation",479.1997.1-2,Architecture,"Architecture & Design",1997-10-17,no,677,NULL,NULL,NULL,NULL,NULL,NULL,NULL,NULL,NULL,NULL,NULL,NULL
"Kyle Residence, Houston, Texas - Section","Joel Sanders",7566,"(American, born 1956)",(American),(1956),NULL,(male),1995,"Cut-and-pasted paper, cut-and-pasted pressure sensitive synthetic polymer sheets, and ink on drafting film over photo-electrostatic print","10 5/8 x 29 9/16" (27 x 75.1 cm)","Gift of the Peter Norton Family Foundation",479.1997.2,Architecture,"Architecture & Design",1997-10-17,yes,678,https://www.moma.org/collection/works/678,https://www.moma.org/media/W1siZiIsIjI2Njk3OSJdLFsicCIsImNvbnZlcnQiLCItcmVzaXplIDEwMjR4MTAyNFx1MDAzZSJdXQ.jpg?sha=fb020a1ab30bba73,NULL,NULL,NULL,NULL,26.99,NULL,NULL,75.09,NULL,NULL
"National Commercial Bank, Jeddah, Saudi Arabia (Five plans)","Skidmore Owings & Merrill, Gordon Bunshaft","5518, 8170","(American, founded 1936) (American, 1909–1990)","(American) (American)","(1936) (1909)","(0) (1990)","() (male)",1977,"Ink on tracing paper","29 3/4 x 47 3/4" (75.6 x 121.3 cm)","Gift of Skidmore, Owings and Merrill",480.1983,Architecture,"Architecture & Design",1983-05-17,yes,679,https://www.moma.org/collection/works/679,NULL,NULL,NULL,NULL,NULL,75.57,NULL,NULL,121.29,NULL,NULL
"Center for Applied Computer Research, Las Promesas, Mexico, Section","Emilio Ambasz",141,"(Argentine, born 1943)",(Argentine),(1943),NULL,(male),1975,"Ink and photostat on acetate","36 3/4 x 38 1/2" (93.3 x 97.8 cm)
","Gift of the architect",480.1990,Architecture,"Architecture & Design",1990-10-24,yes,680,https://www.moma.org/collection/works/680,https://www.moma.org/media/W1siZiIsIjUyNzE2NSJdLFsicCIsImNvbnZlcnQiLCItcmVzaXplIDEwMjR4MTAyNFx1MDAzZSJdXQ.jpg?sha=c42b958cd0d9e053,NULL,NULL,NULL,NULL,93.30,NULL,NULL,97.80,NULL,NULL
"Charrette Submission for The Museum of Modern Art Expansion 1997, New York (Manhattan), New York, First Phase","Taniguchi & Associates, Yoshio Taniguchi","8055, 8056","(Japanese) (Japanese, born 1931)","(Japanese) (Japanese)","(0) (1931)",NULL,"() (male)",1997,"Mixed media","11 x 17" (28 x 43.2 cm) (approx.)","Gift of the architect",480.1997.1-8,Architecture,"Architecture & Design",1997-10-17,no,681,NULL,NULL,NULL,NULL,NULL,NULL,28.00,NULL,NULL,43.20,NULL,NULL
"National Commercial Bank, Jeddah, Saudi Arabia (Principal elevation)","Skidmore Owings & Merrill, Gordon Bunshaft","5518, 8170","(American, founded 1936) (American, 1909–1990)","(American) (American)","(1936) (1909)","(0) (1990)","() (male)",1977,"Felt-tipped pen and colored pencil on tracing paper","55 1/2 x 30 1/4" (141 x 76.8 cm)","Gift of Skidmore, Owings and Merrill",481.1983,Architecture,"Architecture & Design",1983-05-17,yes,682,https://www.moma.org/collection/works/682,NULL,NULL,NULL,NULL,NULL,140.97,NULL,NULL,76.84,NULL,NULL
"Casa de Retiro Espiritual, Córdoba, Spain, Section","Emilio Ambasz",141,"(Argentine, born 1943)",(Argentine),(1943),NULL,(male),1979,"Ink and graphite on paper","11 1/8 x 15 1/2" (28.3 x 39.4 cm)","Gift of the architect",481.1990,Architecture,"Architecture & Design",1991-10-24,yes,683,https://www.moma.org/collection/works/683,https://www.moma.org/media/W1siZiIsIjUyNzE2NiJdLFsicCIsImNvbnZlcnQiLCItcmVzaXplIDEwMjR4MTAyNFx1MDAzZSJdXQ.jpg?sha=9e80d2abdcc6e276,NULL,NULL,NULL,NULL,28.26,NULL,NULL,39.37,NULL,NULL
"Charrette Submission for The Museum of Modern Art Expansion 1997, New York (Manhattan), New York, First Phase","Bernard Tschumi Architects",8057,(Swiss),(Swiss),NULL,NULL,NULL,1997,"Mixed media","11 x 17" (28 x 43.2 cm) (approx.)","Gift of the architect",481.1997.1-129,Architecture,"Architecture & Design",1997-10-17,no,684,NULL,NULL,NULL,NULL,NULL,NULL,28.00,NULL,NULL,43.20,NULL,NULL
"National Commercial Bank, Jeddah, Saudi Arabia (Elevation)","Skidmore Owings & Merrill, Gordon Bunshaft","5518, 8170","(American, founded 1936) (American, 1909–1990)","(American) (American)","(1936) (1909)","(0) (1990)","() (male)",1978,"Felt-tipped pen and color pencil on tracing paper","55 1/2 x 30 1/4" (141 x 76.8 cm)","Gift of Skidmore, Owings and Merrill",482.1983,Architecture,"Architecture & Design",1983-05-17,yes,685,https://www.moma.org/collection/works/685,https://www.moma.org/media/W1siZiIsIjIxMTUxNyJdLFsicCIsImNvbnZlcnQiLCItcmVzaXplIDEwMjR4MTAyNFx1MDAzZSJdXQ.jpg?sha=c33b737d9c212024,NULL,NULL,NULL,NULL,140.97,NULL,NULL,76.84,NULL,NULL
"Casa de Retiro Espiritual, Córdoba, Spain, Section","Emilio Ambasz",141,"(Argentine, born 1943)",(Argentine),(1943),NULL,(male),1979,"Ink and graphite on paper","11 1/2 x 15 5/8" (29.2 x 39.7 cm)","Gift of the architect",482.1990,Architecture,"Architecture & Design",1991-10-24,yes,686,https://www.moma.org/collection/works/686,https://www.moma.org/media/W1siZiIsIjUyNzE2NyJdLFsicCIsImNvbnZlcnQiLCItcmVzaXplIDEwMjR4MTAyNFx1MDAzZSJdXQ.jpg?sha=1984eb7fc277bb36,NULL,NULL,NULL,NULL,29.21,NULL,NULL,39.69,NULL,NULL
"Charrette Submission for The Museum of Modern Art Expansion 1997, New York (Manhattan), New York, First Phase","Rafael Viñoly Architects",8805,(American),(American),NULL,NULL,NULL,1997,"Mixed media","11 x 17" (28 x 43.2 cm) (approx.)",NULL,482.1997.1-97,Architecture,"Architecture & Design",1997-10-17,no,687,NULL,NULL,NULL,NULL,NULL,NULL,28.00,NULL,NULL,43.20,NULL,NULL
"National Commercial Bank, Jeddah, Saudi Arabia (Elevation of service block)","Skidmore Owings & Merrill, Gordon Bunshaft","5518, 8170","(American, founded 1936) (American, 1909–1990)","(American) (American)","(1936) (1909)","(0) (1990)","() (male)",1977,"Felt-tipped pen and color pencil on tracing paper","56 1/4 x 30" (142.9 x 76.2 cm)","Gift of Skidmore, Owings and Merrill",483.1983,Architecture,"Architecture & Design",1983-05-17,yes,688,https://www.moma.org/collection/works/688,NULL,NULL,NULL,NULL,NULL,142.88,NULL,NULL,76.20,NULL,NULL
"Casa de Retiro Espiritual, Córdoba, Spain, Plan","Emilio Ambasz",141,"(Argentine, born 1943)",(Argentine),(1943),NULL,(male),1979,"Ink on colored paper","12 3/4 x 15 3/4" (32.4 x 40 cm)","Gift of the architect",483.1990,Architecture,"Architecture & Design",1990-10-24,yes,689,https://www.moma.org/collection/works/689,https://www.moma.org/media/W1siZiIsIjUyNzE2OCJdLFsicCIsImNvbnZlcnQiLCItcmVzaXplIDEwMjR4MTAyNFx1MDAzZSJdXQ.jpg?sha=8492ee82e49e78e0,NULL,NULL,NULL,NULL,32.39,NULL,NULL,40.01,NULL,NULL
"Charrette Submission for The Museum of Modern Art Expansion 1997, New York (Manhattan), New York, First Phase","Tod Williams Billie Tsien and Associates",8855,NULL,NULL,NULL,NULL,NULL,1997,"Mixed media","11 x 17" (28 x 43.2 cm) (approx.)","Gift of the architects",483.1997.1-78,Architecture,"Architecture & Design",1997-10-17,no,690,NULL,NULL,NULL,NULL,NULL,NULL,28.00,NULL,NULL,43.20,NULL,NULL
"National Commercial Bank, Jeddah, Saudi Arabia (Section)","Skidmore Owings & Merrill, Gordon Bunshaft","5518, 8170","(American, founded 1936) (American, 1909–1990)","(American) (American)","(1936) (1909)","(0) (1990)","() (male)",1977,"Ink on tracing paper","29 3/4 x 39 3/4" (75.6 x 101 cm)","Gift of Skidmore, Owings and Merrill",484.1983,Architecture,"Architecture & Design",1983-05-17,yes,691,https://www.moma.org/collection/works/691,NULL,NULL,NULL,NULL,NULL,75.57,NULL,NULL,100.97,NULL,NULL
"Woodland Crematorium, Stockholm, Sweden, Exterior elevation","Erik Gunnar Asplund",27,"(Swedish, 1885–1940)",(Swedish),(1885),(1940),(male),Unknown,"Graphite on tracing paper","8 5/8 x 14 1/8" (21.9 x 35.9 cm)","Gift of Celeste and Armand P. Bartos, Mrs. S. I. Newhouse, Jr., and purchase",484.1990,Architecture,"Architecture & Design",1990-10-24,yes,692,https://www.moma.org/collection/works/692,https://www.moma.org/media/W1siZiIsIjUyNzE2OSJdLFsicCIsImNvbnZlcnQiLCItcmVzaXplIDEwMjR4MTAyNFx1MDAzZSJdXQ.jpg?sha=063924c60d17d386,NULL,NULL,NULL,NULL,21.91,NULL,NULL,35.88,NULL,NULL
"Sketch for Fishdance Restaurant, Kobe, Japan, Exterior perspective","Frank O. Gehry",2108,"(American, born Canada 1929)",(American),(1929),NULL,(male),1986-87,"Ink on paper","9 x 12" (22.9 X 30.5 cm)","Gift of Barbara Pine in Memory of Morris Goldman",485.1990,Architecture,"Architecture & Design",1990-10-24,yes,693,https://www.moma.org/collection/works/693,https://www.moma.org/media/W1siZiIsIjUyNzE3MSJdLFsicCIsImNvbnZlcnQiLCItcmVzaXplIDEwMjR4MTAyNFx1MDAzZSJdXQ.jpg?sha=6130b1d1e3cc804e,NULL,NULL,NULL,NULL,22.90,NULL,NULL,30.50,NULL,NULL
"The Atheneum, New Harmony, IN (Interior persepective)","Richard Meier",3910,"(American, born 1934)",(American),(1934),NULL,(male),1975–1979,"Pencil on tracing paper","14 7/8 x 15" (37.8 x 38.1 cm)","Gift of the architect",511.1984,Architecture,"Architecture & Design",1984-10-30,yes,694,https://www.moma.org/collection/works/694,NULL,NULL,NULL,NULL,NULL,37.78,NULL,NULL,38.10,NULL,NULL
"The Atheneum, New Harmony, IN (Preliminary sketch: plan)","Richard Meier",3910,"(American, born 1934)",(American),(1934),NULL,(male),1975-79,"Pencil on tracing paper","12 1/8 x 7 1/2" (30.8 x 19.1 cm)","Gift of the architect",512.1984,Architecture,"Architecture & Design",1984-10-30,yes,695,https://www.moma.org/collection/works/695,NULL,NULL,NULL,NULL,NULL,30.80,NULL,NULL,19.05,NULL,NULL
"Monument to Victims of the Holocaust, project, Exterior perspective","Hans Hollein",2705,"(Austrian, 1934–2014)",(Austrian),(1934),(2014),(male),1963,"Graphite on cut-and-pasted paper and graphite on cut-and-pasted printed paper on printed paper","5 7/8 x 11 1/2" (14.9 x 29.2 cm)","Gift of Philip Johnson",564.1963,Architecture,"Architecture & Design",1963-11-12,yes,696,https://www.moma.org/collection/works/696,https://www.moma.org/media/W1siZiIsIjUxODUxOSJdLFsicCIsImNvbnZlcnQiLCItcmVzaXplIDEwMjR4MTAyNFx1MDAzZSJdXQ.jpg?sha=161c35aa6c83e8f7,NULL,NULL,NULL,NULL,14.90,NULL,NULL,29.20,NULL,NULL
"Building Form Studies, project, Perspectives","Hans Hollein",2705,"(Austrian, 1934–2014)",(Austrian),(1934),(2014),(male),1962,"Graphite on paper","9 3/8 x 12 3/4" (23.8 x 32.4 cm)","Gift of Philip Johnson",565.1963.1-2,Architecture,"Architecture & Design",1963-11-12,yes,697,https://www.moma.org/collection/works/697,https://www.moma.org/media/W1siZiIsIjUxODYzNyJdLFsicCIsImNvbnZlcnQiLCItcmVzaXplIDEwMjR4MTAyNFx1MDAzZSJdXQ.jpg?sha=68904b27fcb8a9c5,NULL,NULL,NULL,NULL,23.80,NULL,NULL,32.40,NULL,NULL
"Underground Building, project (Isometric)","Walter Pichler",4612,"(Austrian, 1936–2012)",(Austrian),(1936),(2012),(male),1963,"Ink and graphite on paper","15 x 27 1/4" (38.1 x 69.2 cm)","Philip Johnson Fund",566.1963,Architecture,"Architecture & Design",1963-11-12,yes,698,https://www.moma.org/collection/works/698,https://www.moma.org/media/W1siZiIsIjUxODUyMSJdLFsicCIsImNvbnZlcnQiLCItcmVzaXplIDEwMjR4MTAyNFx1MDAzZSJdXQ.jpg?sha=5aad80372abf3243,NULL,NULL,NULL,NULL,38.10,NULL,NULL,69.20,NULL,NULL
"Entrance to an Underground City, project (Perspective)","Walter Pichler",4612,"(Austrian, 1936–2012)",(Austrian),(1936),(2012),(male),1963,"Photomontage and graphite on paper","13 3/4 x 11 3/4" (34.9 x 29.8 cm)","Philip Johnson Fund",567.1963,Architecture,"Architecture & Design",1963-11-12,yes,699,https://www.moma.org/collection/works/699,https://www.moma.org/media/W1siZiIsIjUxODUyMiJdLFsicCIsImNvbnZlcnQiLCItcmVzaXplIDEwMjR4MTAyNFx1MDAzZSJdXQ.jpg?sha=61b5d58765377167,NULL,NULL,NULL,NULL,34.90,NULL,NULL,29.80,NULL,NULL
"Nucleus of an Underground Building, project, Perspective","Walter Pichler",4612,"(Austrian, 1936–2012)",(Austrian),(1936),(2012),(male),1962,"Graphite and color pencil on tracing paper","16 3/4 x 19 1/2" (42.5 x 49.5 cm)","Philip Johnson fund",568.1963,Architecture,"Architecture & Design",1963-11-12,yes,700,https://www.moma.org/collection/works/700,https://www.moma.org/media/W1siZiIsIjI0ODcxNCJdLFsicCIsImNvbnZlcnQiLCItcmVzaXplIDEwMjR4MTAyNFx1MDAzZSJdXQ.jpg?sha=311afe3feaf2e6d9,NULL,NULL,NULL,NULL,42.50,NULL,NULL,49.50,NULL,NULL
"Nucleus of an Underground Building, project, Perspective","Walter Pichler",4612,"(Austrian, 1936–2012)",(Austrian),(1936),(2012),(male),1962,"Graphite and color pencil on tracing paper","17 1/2 x 19" (44.5 x 48.3 cm)","Philip Johnson Fund",569.1963,Architecture,"Architecture & Design",1963-11-12,yes,701,https://www.moma.org/collection/works/701,https://www.moma.org/media/W1siZiIsIjUxODUyMyJdLFsicCIsImNvbnZlcnQiLCItcmVzaXplIDEwMjR4MTAyNFx1MDAzZSJdXQ.jpg?sha=8281b28af0d3dd18,NULL,NULL,NULL,NULL,44.50,NULL,NULL,48.30,NULL,NULL
"Concert Hall project (Interior perspective)","Ludwig Mies van der Rohe",7166,"(American, born Germany. 1886–1969)",(American),(1886),(1969),(male),1942,"Graphite, cut-and-pasted photoreproduction, cut-and-pasted papers, cut-and-pasted painted paper, and gouache on gelatin silver photograph mounted on board","29 1/2 x 62" (75 x 157.5 cm)
","Mies van der Rohe Archive, gift of Mrs. Mary Callery",571.1963,"Mies van der Rohe Archive","Architecture & Design",1963-11-12,yes,702,https://www.moma.org/collection/works/702,https://www.moma.org/media/W1siZiIsIjUxODUyNCJdLFsicCIsImNvbnZlcnQiLCItcmVzaXplIDEwMjR4MTAyNFx1MDAzZSJdXQ.jpg?sha=696347f67a3fb3bf,NULL,NULL,157.50,NULL,NULL,NULL,NULL,75.00,NULL,NULL
"Convention Hall Project, Chicago, Illinois (Preliminary version: interior perspective)","Ludwig Mies van der Rohe",7166,"(American, born Germany. 1886–1969)",(American),(1886),(1969),(male),1954,"Collage of cut-and-pasted reproductions, photograph, and paper on composition board","33 x 48" (83.8 x 121.9 cm)","Mies van der Rohe Archive, gift of the architect",572.1963,Architecture,"Architecture & Design",1963-11-12,yes,703,https://www.moma.org/collection/works/703,https://www.moma.org/media/W1siZiIsIjUxODUyNSJdLFsicCIsImNvbnZlcnQiLCItcmVzaXplIDEwMjR4MTAyNFx1MDAzZSJdXQ.jpg?sha=424e6dd4127da5b5,NULL,NULL,NULL,NULL,83.82,NULL,NULL,121.92,NULL,NULL
"Memorial to the Six Million Jewish Martyrs project, New York, New York","Louis I. Kahn",2964,"(American, born Estonia. 1901–1974)",(American),(1901),(1974),(male),1968,"Grease pencil on tracing paper","19 1/2 x 25 3/4" (49.5 x 65.4 cm)","Gift of the architect",576.1981,Architecture,"Architecture & Design",1981-12-10,yes,704,https://www.moma.org/collection/works/704,https://www.moma.org/media/W1siZiIsIjUyMTQ3MCJdLFsicCIsImNvbnZlcnQiLCItcmVzaXplIDEwMjR4MTAyNFx1MDAzZSJdXQ.jpg?sha=7eb0d78bd17d3519,NULL,NULL,NULL,NULL,26.40,NULL,NULL,45.10,NULL,NULL
"Memorial to the Six Million Jewish Martyrs, project, New York (Manhattan), New York, Perspective","Louis I. Kahn",2964,"(American, born Estonia. 1901–1974)",(American),(1901),(1974),(male),1968,"Grease pencil on tracing paper","19 1/2 x 25 3/4" (49.5 x 65.4 cm)","Gift of the architect",577.1981,Architecture,"Architecture & Design",1981-12-10,yes,705,https://www.moma.org/collection/works/705,https://www.moma.org/media/W1siZiIsIjUyMTQ3MSJdLFsicCIsImNvbnZlcnQiLCItcmVzaXplIDEwMjR4MTAyNFx1MDAzZSJdXQ.jpg?sha=5d15aac61032a952,NULL,NULL,NULL,NULL,31.80,NULL,NULL,49.80,NULL,NULL
"Forest Building, Richmond, Virginia (Perspective)","SITE, James Wines","5457, 7570","(American, founded 1970) (American, born 1932)","(American) (American)","(1970) (1932)",NULL,"() (male)",1978,"Felt-tip pen on paper","14 x 17" (35.6 x 43.2 cm)","Best Products Company Inc. Architecture Fund",578.1981,Architecture,"Architecture & Design",1981-12-10,yes,706,https://www.moma.org/collection/works/706,https://www.moma.org/media/W1siZiIsIjUyMTQ3MiJdLFsicCIsImNvbnZlcnQiLCItcmVzaXplIDEwMjR4MTAyNFx1MDAzZSJdXQ.jpg?sha=10d5d1e27c2e5300,NULL,NULL,NULL,NULL,35.60,NULL,NULL,43.20,NULL,NULL
"Ghost Parking Lot, project, Hamden, Connecticut (Perspective)","SITE, James Wines","5457, 7570","(American, founded 1970) (American, born 1932)","(American) (American)","(1970) (1932)",NULL,"() (male)",1978,"Charcoal and wash on paper","14 x 17" (35.6 x 43.2 cm)","Best Products Company Inc. Architecture Fund",579.1981,Architecture,"Architecture & Design",1981-12-10,yes,707,https://www.moma.org/collection/works/707,https://www.moma.org/media/W1siZiIsIjUyMTQ3MyJdLFsicCIsImNvbnZlcnQiLCItcmVzaXplIDEwMjR4MTAyNFx1MDAzZSJdXQ.jpg?sha=e088b4d4ce30b9e1,NULL,NULL,NULL,NULL,35.60,NULL,NULL,43.20,NULL,NULL
"Highrise of Homes, project, Aerial perspective and plan","SITE, James Wines","5457, 7570","(American, founded 1970) (American, born 1932)","(American) (American)","(1970) (1932)",NULL,"() (male)",1981,"Ink and sienna wash on paper","11 x 13 3/4" (27.9 x 34.9 cm)","Best Products Company Inc. Architecture Fund",580.1981,Architecture,"Architecture & Design",1981-12-10,yes,708,https://www.moma.org/collection/works/708,https://www.moma.org/media/W1siZiIsIjUyMTQ3NCJdLFsicCIsImNvbnZlcnQiLCItcmVzaXplIDEwMjR4MTAyNFx1MDAzZSJdXQ.jpg?sha=dc38df089c73b2ba,NULL,NULL,NULL,NULL,27.90,NULL,NULL,34.90,NULL,NULL
"Highrise of Homes, project (Exterior perspective)","SITE, James Wines","5457, 7570","(American, founded 1970) (American, born 1932)","(American) (American)","(1970) (1932)",NULL,"() (male)",1981,"Ink and charcoal on paper","22 x 24" (55.9 x 61 cm)","Best Products Company Inc. Architecture Fund",581.1981,Architecture,"Architecture & Design",1981-12-10,yes,709,https://www.moma.org/collection/works/709,https://www.moma.org/media/W1siZiIsIjUyMTQ3NSJdLFsicCIsImNvbnZlcnQiLCItcmVzaXplIDEwMjR4MTAyNFx1MDAzZSJdXQ.jpg?sha=2a095baf9f7bd21e,NULL,NULL,NULL,NULL,55.90,NULL,NULL,61.00,NULL,NULL
"Terrarium Showroom, Elevations","SITE, James Wines","5457, 7570","(American, founded 1970) (American, born 1932)","(American) (American)","(1970) (1932)",NULL,"() (male)",1979,"Pen and ink on paper","24 x 30" (61 x 76.2 cm)","Best Products Company Inc. Architecture Fund",582.1981,Architecture,"Architecture & Design",1981-12-10,yes,710,https://www.moma.org/collection/works/710,https://www.moma.org/media/W1siZiIsIjUyMTQ3NiJdLFsicCIsImNvbnZlcnQiLCItcmVzaXplIDEwMjR4MTAyNFx1MDAzZSJdXQ.jpg?sha=831a4b0236f10db8,NULL,NULL,NULL,NULL,61.00,NULL,NULL,76.20,NULL,NULL
"Bogk House, Milwaukee, Wisconsin (Rug design)","Frank Lloyd Wright",6459,"(American, 1867–1959)",(American),(1867),(1959),(male),1916–1917,"Color pencil and graphite on tracing paper","19 3/16 x 32 1/8" (48.7 x 81.6 cm)","Marshall Cogan Purchase Fund",583.1981,Architecture,"Architecture & Design",1981-12-10,yes,711,https://www.moma.org/collection/works/711,https://www.moma.org/media/W1siZiIsIjIzMDM2NiJdLFsicCIsImNvbnZlcnQiLCItcmVzaXplIDEwMjR4MTAyNFx1MDAzZSJdXQ.jpg?sha=50f7fe4added81c4,NULL,NULL,NULL,NULL,48.70,NULL,NULL,81.60,NULL,NULL
"Wall House 2 (A. E. Bye House) Project , Ridgefield, Connecticut (Isometric projection)","John Hejduk",2581,"(American, 1929–2000)",(American),(1929),(2000),(male),1973,"Color pencil on sepia diazoprint","Framed: 36 1/4 x 21 1/4" (92.1 x 54 cm)","D. S. and R. H. Gottesman Foundation",668.1980.1,Architecture,"Architecture & Design",1980-10-30,yes,712,https://www.moma.org/collection/works/712,https://www.moma.org/media/W1siZiIsIjUyMDk0OSJdLFsicCIsImNvbnZlcnQiLCItcmVzaXplIDEwMjR4MTAyNFx1MDAzZSJdXQ.jpg?sha=0a865814e2ccf1e9,NULL,NULL,NULL,NULL,92.10,NULL,NULL,54.00,NULL,NULL
"Wall House 2 (A. E. Bye House) Project , Ridgefield, Connecticut (Front and rear axonometric projections)","John Hejduk",2581,"(American, 1929–2000)",(American),(1929),(2000),(male),1973,"Color pencil on sepia diazo print","36 1/4 x 21 1/4" (92.1 x 53.9 cm)","D. S. and R. H. Gottesman Foundation",668.1980.1-2,Architecture,"Architecture & Design",1980-10-30,yes,713,https://www.moma.org/collection/works/713,https://www.moma.org/media/W1siZiIsIjUyMDk0OSJdLFsicCIsImNvbnZlcnQiLCItcmVzaXplIDEwMjR4MTAyNFx1MDAzZSJdXQ.jpg?sha=0a865814e2ccf1e9,NULL,NULL,NULL,NULL,92.10,NULL,NULL,53.90,NULL,NULL
"Wall House 2 (A. E. Bye House) project, Ridgefield, Connecticut (Rear axonometric projection)","John Hejduk",2581,"(American, 1929–2000)",(American),(1929),(2000),(male),1973,"Colored pencil on sepia diazo print","36 1/4 x 21 1/4" (92.1 x 54 cm)","D. S. and R. H. Gottesman Foundation",668.1980.2,Architecture,"Architecture & Design",1980-10-30,yes,714,https://www.moma.org/collection/works/714,NULL,NULL,NULL,NULL,NULL,92.10,NULL,NULL,54.00,NULL,NULL
"House with Three Courts project (Plan)","Ludwig Mies van der Rohe",7166,"(American, born Germany. 1886–1969)",(American),(1886),(1969),(male),"after 1938","Graphite on illustration board","30 x 40" (76.1 x 101.5 cm)","Mies van der Rohe Archive, gift of the architect",685.1963,"Mies van der Rohe Archive","Architecture & Design",1963-12-10,yes,715,https://www.moma.org/collection/works/715,https://www.moma.org/media/W1siZiIsIjUxODUyNyJdLFsicCIsImNvbnZlcnQiLCItcmVzaXplIDEwMjR4MTAyNFx1MDAzZSJdXQ.jpg?sha=b2343045eac62f0f,NULL,NULL,NULL,NULL,76.10,NULL,NULL,101.50,NULL,NULL
"House with Three Courts project (Interior perspective)","Ludwig Mies van der Rohe",7166,"(American, born Germany. 1886–1969)",(American),(1886),(1969),(male),"c. 1938","Graphite and cut-and-pasted reproduction on illustration board","30 x 40" (76.1 x 101.5 cm)","Mies van der Rohe Archive, gift of the architect",686.1963,"Mies van der Rohe Archive","Architecture & Design",1963-12-10,yes,716,https://www.moma.org/collection/works/716,https://www.moma.org/media/W1siZiIsIjUxODUyOCJdLFsicCIsImNvbnZlcnQiLCItcmVzaXplIDEwMjR4MTAyNFx1MDAzZSJdXQ.jpg?sha=a8e0c514a5c12619,NULL,NULL,NULL,NULL,76.10,NULL,NULL,101.50,NULL,NULL
"Courthouse Interior:  5 Perspective Sketches","Ludwig Mies van der Rohe",7166,"(American, born Germany. 1886–1969)",(American),(1886),(1969),(male),1926-36,"Ink on tracing paper","Each: Sheet 8 1/4 x 11 3/4" (20.9 x 29.8 cm)","Mies van der Rohe Archive, gift of the architect",687.1963.1-5,"Mies van der Rohe Archive","Architecture & Design",1963-12-10,no,717,NULL,NULL,NULL,NULL,NULL,NULL,20.90,NULL,NULL,29.80,NULL,NULL
"Courthouse Interior: Perspective Sketch","Ludwig Mies van der Rohe",7166,"(American, born Germany. 1886–1969)",(American),(1886),(1969),(male),1926-36,Pencil,"Sheet 8 1/4 x 11 3/4" (20.9 x 29.8 cm)","Mies van der Rohe Archive, gift of the architect",688.1963,"Mies van der Rohe Archive","Architecture & Design",1963-12-10,no,718,NULL,NULL,NULL,NULL,NULL,NULL,20.90,NULL,NULL,29.80,NULL,NULL
"Court House project (Elevation)","Ludwig Mies van der Rohe",7166,"(American, born Germany. 1886–1969)",(American),(1886),(1969),(male),"c. 1934","Ink on tracing paper","8 1/2 x 11 3/4" (21.6 x 29.8 cm)","Mies van der Rohe Archive, gift of the architect",689.1963.1,"Mies van der Rohe Archive","Architecture & Design",1963-12-10,yes,719,https://www.moma.org/collection/works/719,https://www.moma.org/media/W1siZiIsIjE0ODI4NCJdLFsicCIsImNvbnZlcnQiLCItcmVzaXplIDEwMjR4MTAyNFx1MDAzZSJdXQ.jpg?sha=1d896343802a8753,NULL,NULL,NULL,NULL,21.59,NULL,NULL,29.85,NULL,NULL
"Court House Project, Exterior sketches: elevation, two perspectives, and aerial perspective","Ludwig Mies van der Rohe",7166,"(American, born Germany. 1886–1969)",(American),(1886),(1969),(male),n.d.,".1: ink on tracing paper
.2: ink, graphite on tracing paper
.3: ink on tracing paper","Each: 8 1/4 x 11 3/4" (20.9 x 29.8 cm)","Mies van der Rohe Archive, gift of the architect",689.1963.1-3,"Mies van der Rohe Archive","Architecture & Design",1963-12-10,no,720,NULL,NULL,NULL,NULL,NULL,NULL,20.90,NULL,NULL,29.80,NULL,NULL
"Court House project (Two perspectives)","Ludwig Mies van der Rohe",7166,"(American, born Germany. 1886–1969)",(American),(1886),(1969),(male),"c. 1934","Ink and graphite on tracing paper","8 1/4 x 11 3/4" (21 x 29.8 cm)","Mies van der Rohe Archive, gift of the architect",689.1963.2,"Mies van der Rohe Archive","Architecture & Design",1963-12-10,yes,721,https://www.moma.org/collection/works/721,https://www.moma.org/media/W1siZiIsIjMwMTk2OCJdLFsicCIsImNvbnZlcnQiLCItcmVzaXplIDEwMjR4MTAyNFx1MDAzZSJdXQ.jpg?sha=c1e54a4227eda554,NULL,NULL,NULL,NULL,21.00,NULL,NULL,29.80,NULL,NULL
"Court House project (Aerial perspective)","Ludwig Mies van der Rohe",7166,"(American, born Germany. 1886–1969)",(American),(1886),(1969),(male),"c. 1934","Ink on tracing paper","8 1/4 x 11 3/4" (21 x 29.8 cm)","Mies van der Rohe Archive, gift of the architect",689.1963.3,"Mies van der Rohe Archive","Architecture & Design",1963-12-10,yes,722,https://www.moma.org/collection/works/722,https://www.moma.org/media/W1siZiIsIjE1MTkzMCJdLFsicCIsImNvbnZlcnQiLCItcmVzaXplIDEwMjR4MTAyNFx1MDAzZSJdXQ.jpg?sha=8e62f077bd6d8e76,NULL,NULL,NULL,NULL,21.00,NULL,NULL,29.80,NULL,NULL
"Row House with Interior Court project (Interior perspective)","Ludwig Mies van der Rohe",7166,"(American, born Germany. 1886–1969)",(American),(1886),(1969),(male),"after 1938","Collage of cut-and-pasted reproductions on illustration board","30 x 40" (76.1 x 101.5 cm)","Mies van der Rohe Archive, gift of the architect",690.1963,"Mies van der Rohe Archive","Architecture & Design",1963-12-10,yes,723,https://www.moma.org/collection/works/723,https://www.moma.org/media/W1siZiIsIjExNzM0NiJdLFsicCIsImNvbnZlcnQiLCItcmVzaXplIDEwMjR4MTAyNFx1MDAzZSJdXQ.jpg?sha=48cc2ef4ee569404,NULL,NULL,NULL,NULL,76.10,NULL,NULL,101.50,NULL,NULL
"Court House, project (Interior perspective)","Ludwig Mies van der Rohe",7166,"(American, born Germany. 1886–1969)",(American),(1886),(1969),(male),"c. 1938","Pencil and cut-and-pasted printed paper (a detail from Georges Braque's "Fruit Dish, Sheet Music, and Pitcher," 1926) on board","30 x 40" (76.1 x 101.5 cm)","Mies van der Rohe Archive, gift of the architect",691.1963,"Mies van der Rohe Archive","Architecture & Design",1963-12-10,yes,724,https://www.moma.org/collection/works/724,https://www.moma.org/media/W1siZiIsIjUxODUyOSJdLFsicCIsImNvbnZlcnQiLCItcmVzaXplIDEwMjR4MTAyNFx1MDAzZSJdXQ.jpg?sha=a113c6be217ddf38,NULL,NULL,NULL,NULL,76.10,NULL,NULL,101.50,NULL,NULL
"Row House with Interior Court, project (Interior perspective)","Ludwig Mies van der Rohe",7166,"(American, born Germany. 1886–1969)",(American),(1886),(1969),(male),"after 1938","Graphite and collage of wood veneer and cut-and-pasted reproduction on illustration board","30 x 40" (76.1 x 101.5 cm)","Mies van der Rohe Archive, gift of the architect",692.1963,"Mies van der Rohe Archive","Architecture & Design",1963-12-10,yes,725,https://www.moma.org/collection/works/725,https://www.moma.org/media/W1siZiIsIjE0ODI4NSJdLFsicCIsImNvbnZlcnQiLCItcmVzaXplIDEwMjR4MTAyNFx1MDAzZSJdXQ.jpg?sha=0c6aaa69f5514253,NULL,NULL,NULL,NULL,76.10,NULL,NULL,101.50,NULL,NULL
"Court House, project, Interior perspective","Ludwig Mies van der Rohe",7166,"(American, born Germany. 1886–1969)",(American),(1886),(1969),(male),"after 1938","Graphite and cut-and-pasted reproduction (of a detail from Georges Braque, "Fruit Dish, Sheet Music, and Pitcher," 1926) on illustration board","30 x 40" (76.1 x 101.5 cm)","Mies van der Rohe Archive, gift of the architect",693.1963,"Mies van der Rohe Archive","Architecture & Design",1963-12-10,no,726,NULL,NULL,NULL,NULL,NULL,NULL,76.10,NULL,NULL,101.50,NULL,NULL
"Gericke House Project, Berlin-Wannsee, Germany, Plan of upper floor,","Ludwig Mies van der Rohe",7166,"(American, born Germany. 1886–1969)",(American),(1886),(1969),(male),1932,"Pencil on illustration board","19 x 26 1/2" (48.2 x 67.3 cm)","Mies van der Rohe Archive, gift of the architect",694.1963,"Mies van der Rohe Archive","Architecture & Design",1963-12-10,yes,727,https://www.moma.org/collection/works/727,https://www.moma.org/media/W1siZiIsIjE0MTY5OCJdLFsicCIsImNvbnZlcnQiLCItcmVzaXplIDEwMjR4MTAyNFx1MDAzZSJdXQ.jpg?sha=88cbcd907b1bc3b3,NULL,NULL,NULL,NULL,48.20,NULL,NULL,67.30,NULL,NULL
"Gericke House Project, Wannsee-Berlin, Germany, Main floor plan","Ludwig Mies van der Rohe",7166,"(American, born Germany. 1886–1969)",(American),(1886),(1969),(male),1932,"Graphite on illustration board","19 x 26 1/2" (48.2 x 67.3 cm)","Mies van der Rohe Archive, gift of the architect",695.1963,"Mies van der Rohe Archive","Architecture & Design",1963-12-10,yes,728,https://www.moma.org/collection/works/728,https://www.moma.org/media/W1siZiIsIjUxODUzMCJdLFsicCIsImNvbnZlcnQiLCItcmVzaXplIDEwMjR4MTAyNFx1MDAzZSJdXQ.jpg?sha=278cc9e9d96679d5,NULL,NULL,NULL,NULL,48.20,NULL,NULL,67.30,NULL,NULL
"Gericke House Project, Wannsee-Berlin, Germany, Perspective of street facade","Ludwig Mies van der Rohe",7166,"(American, born Germany. 1886–1969)",(American),(1886),(1969),(male),1932,"Graphite on illustration board","19 x 26 1/2" (48.2 x 67.3 cm)","Mies van der Rohe Archive, gift of the architect",696.1963,"Mies van der Rohe Archive","Architecture & Design",1963-12-10,yes,729,https://www.moma.org/collection/works/729,https://www.moma.org/media/W1siZiIsIjUxODUzMSJdLFsicCIsImNvbnZlcnQiLCItcmVzaXplIDEwMjR4MTAyNFx1MDAzZSJdXQ.jpg?sha=0c37b8a9189f1097,NULL,NULL,NULL,NULL,48.20,NULL,NULL,67.30,NULL,NULL
"Gericke House Project, Berlin-Wannsee, Germany (Perspective of garden)","Ludwig Mies van der Rohe",7166,"(American, born Germany. 1886–1969)",(American),(1886),(1969),(male),1932,"Pencil on illustration board","19 x 26 1/2" (48.2 x 67.3 cm)","Mies van der Rohe Archive, gift of the architect",697.1963,"Mies van der Rohe Archive","Architecture & Design",1963-12-10,yes,730,https://www.moma.org/collection/works/730,https://www.moma.org/media/W1siZiIsIjE0MTY5OSJdLFsicCIsImNvbnZlcnQiLCItcmVzaXplIDEwMjR4MTAyNFx1MDAzZSJdXQ.jpg?sha=4966fc3ebfb0b23f,NULL,NULL,NULL,NULL,48.26,NULL,NULL,67.31,NULL,NULL
"Gericke House project, Wannsee-Berlin, Germany (Perspective of bedroom)","Ludwig Mies van der Rohe",7166,"(American, born Germany. 1886–1969)",(American),(1886),(1969),(male),1932,"Pencil on illustration board","19 x 26 1/2" (48.3 x 67.3 cm)","Mies van der Rohe Archive, gift of the architect",698.1963,"Mies van der Rohe Archive","Architecture & Design",1963-12-10,yes,731,https://www.moma.org/collection/works/731,NULL,NULL,NULL,NULL,NULL,48.26,NULL,NULL,67.31,NULL,NULL
"Gericke House project, Wannsee-Berlin, Germany (Street and terrace elevations)","Ludwig Mies van der Rohe",7166,"(American, born Germany. 1886–1969)",(American),(1886),(1969),(male),1932,"Pencil on illustration board","19 x 26 1/2" (48.3 x 67.3 cm)","Mies van der Rohe Archive, gift of the architect",699.1963,"Mies van der Rohe Archive","Architecture & Design",1963-12-10,yes,732,https://www.moma.org/collection/works/732,NULL,NULL,NULL,NULL,NULL,48.26,NULL,NULL,67.31,NULL,NULL
"Gericke House Project, Wannsee-Berlin, Germany, Elevation from the water","Ludwig Mies van der Rohe",7166,"(American, born Germany. 1886–1969)",(American),(1886),(1969),(male),1932,"Graphite on illustration board","19 x 26 1/2" (48.2 x 67.3 cm)","Mies van der Rohe Archive, gift of the architect",700.1963,"Mies van der Rohe Archive","Architecture & Design",1963-12-10,yes,733,https://www.moma.org/collection/works/733,https://www.moma.org/media/W1siZiIsIjUxODUzMiJdLFsicCIsImNvbnZlcnQiLCItcmVzaXplIDEwMjR4MTAyNFx1MDAzZSJdXQ.jpg?sha=c2b33bc5217c3fc9,NULL,NULL,NULL,NULL,48.20,NULL,NULL,67.30,NULL,NULL
"Gericke House Project, Wannsee-Berlin, Germany, Elevation sketch, view from the water,","Ludwig Mies van der Rohe",7166,"(American, born Germany. 1886–1969)",(American),(1886),(1969),(male),1932,"Pencil on illustration board","19 x 26 1/2" (48.3 x 67.3 cm)","Mies van der Rohe Archive, gift of the architect",701.1963,"Mies van der Rohe Archive","Architecture & Design",1963-12-10,yes,734,https://www.moma.org/collection/works/734,https://www.moma.org/media/W1siZiIsIjIxNjAwMSJdLFsicCIsImNvbnZlcnQiLCItcmVzaXplIDEwMjR4MTAyNFx1MDAzZSJdXQ.jpg?sha=9949dbf2e4e3af46,NULL,NULL,NULL,NULL,48.26,NULL,NULL,67.31,NULL,NULL
"Gericke House project, Wannsee-Berlin, Germany (Perspective view from dining room to living room and garden)","Ludwig Mies van der Rohe",7166,"(American, born Germany. 1886–1969)",(American),(1886),(1969),(male),1932,"Pencil on illustration board","19 x 26 1/2" (48.3 x 67.3 cm)","Mies van der Rohe Archive, gift of the architect",702.1963,"Mies van der Rohe Archive","Architecture & Design",1963-12-10,yes,735,https://www.moma.org/collection/works/735,NULL,NULL,NULL,NULL,NULL,48.26,NULL,NULL,67.31,NULL,NULL
"Gericke House Project, Berlin-Wannsee, Germany, Interior perspective,","Ludwig Mies van der Rohe",7166,"(American, born Germany. 1886–1969)",(American),(1886),(1969),(male),1932,"Pencil on illustration board","19 x 26 1/2" (48.3 x 67.3 cm)","Mies van der Rohe Archive, gift of the architect",703.1963,"Mies van der Rohe Archive","Architecture & Design",1963-12-10,yes,736,https://www.moma.org/collection/works/736,https://www.moma.org/media/W1siZiIsIjE0MTcwMCJdLFsicCIsImNvbnZlcnQiLCItcmVzaXplIDEwMjR4MTAyNFx1MDAzZSJdXQ.jpg?sha=6f7c46b844d87b72,NULL,NULL,NULL,NULL,48.26,NULL,NULL,67.31,NULL,NULL
"Gericke House Project, Berlin-Wannsee, Germany, Interior perspectives,","Ludwig Mies van der Rohe",7166,"(American, born Germany. 1886–1969)",(American),(1886),(1969),(male),1932,"Pencil on illustration board","19 x 26 1/2" (48.3 x 67.3 cm)","Mies van der Rohe Archive, gift of the architect",704.1963,"Mies van der Rohe Archive","Architecture & Design",1963-12-10,yes,737,https://www.moma.org/collection/works/737,https://www.moma.org/media/W1siZiIsIjE0MTcwMSJdLFsicCIsImNvbnZlcnQiLCItcmVzaXplIDEwMjR4MTAyNFx1MDAzZSJdXQ.jpg?sha=107e2a7678651271,NULL,NULL,NULL,NULL,48.26,NULL,NULL,67.31,NULL,NULL
"Mountain House Studies Project, No intended site known (possibly Merano, South Tyrol, Italy), Entrance elevation sketch","Ludwig Mies van der Rohe",7166,"(American, born Germany. 1886–1969)",(American),(1886),(1969),(male),"after 1938","Graphite on paper","9 x 11 3/4" (22.8 x 29.8 cm)","Mies van der Rohe Archive, gift of the architect",705.1963,"Mies van der Rohe Archive","Architecture & Design",1963-12-10,yes,738,https://www.moma.org/collection/works/738,https://www.moma.org/media/W1siZiIsIjUxODUzMyJdLFsicCIsImNvbnZlcnQiLCItcmVzaXplIDEwMjR4MTAyNFx1MDAzZSJdXQ.jpg?sha=f83d2e00f2ba1885,NULL,NULL,NULL,NULL,22.80,NULL,NULL,29.80,NULL,NULL
"Mountain House Studies Project, No intended site known (possibly Merano, South Tyrol, Italy), Perspective view","Ludwig Mies van der Rohe",7166,"(American, born Germany. 1886–1969)",(American),(1886),(1969),(male),"after 1938","Charcoal and graphite on tracing paper","21 x 39" (53.3 x 99.1 cm)","Mies van der Rohe Archive, gift of the architect",706.1963,"Mies van der Rohe Archive","Architecture & Design",1963-12-10,yes,739,https://www.moma.org/collection/works/739,https://www.moma.org/media/W1siZiIsIjUxODUzNCJdLFsicCIsImNvbnZlcnQiLCItcmVzaXplIDEwMjR4MTAyNFx1MDAzZSJdXQ.jpg?sha=d59b8acf3f2014a2,NULL,NULL,NULL,NULL,53.34,NULL,NULL,99.06,NULL,NULL
"Mountain House Studies, No intended site known (possibly Merano, South Tyrol, Italy), Sketch elevation for "Glass House on a Hillside."","Ludwig Mies van der Rohe",7166,"(American, born Germany. 1886–1969)",(American),(1886),(1969),(male),"c. 1934","Ink on paper","5 x 8" (12.7 x 20.2 cm)","Mies van der Rohe Archive, gift of the architect",707.1963,"Mies van der Rohe Archive","Architecture & Design",1963-12-10,yes,740,https://www.moma.org/collection/works/740,https://www.moma.org/media/W1siZiIsIjI1MTQ2OSJdLFsicCIsImNvbnZlcnQiLCItcmVzaXplIDEwMjR4MTAyNFx1MDAzZSJdXQ.jpg?sha=6357a962995b07a3,NULL,NULL,NULL,NULL,12.70,NULL,NULL,20.20,NULL,NULL
"Hubbe House Project, Magdeburg, Germany (Floor plan with furniture placement [final version])","Ludwig Mies van der Rohe",7166,"(American, born Germany. 1886–1969)",(American),(1886),(1969),(male),1934–1935,"Graphite on illustration board","19 x 26 1/2" (48.3 x 67.3 cm)","Mies van der Rohe Archive, gift of the architect",708.1963,"Mies van der Rohe Archive","Architecture & Design",1963-12-10,yes,741,https://www.moma.org/collection/works/741,https://www.moma.org/media/W1siZiIsIjUxODUzNSJdLFsicCIsImNvbnZlcnQiLCItcmVzaXplIDEwMjR4MTAyNFx1MDAzZSJdXQ.jpg?sha=fe291d3c9b9c2ea4,NULL,NULL,NULL,NULL,48.26,NULL,NULL,67.31,NULL,NULL
"Hubbe House project, Magdeburg, Germany (Interior perspective)","Ludwig Mies van der Rohe",7166,"(American, born Germany. 1886–1969)",(American),(1886),(1969),(male),1935,"Pencil on illustration board","19 x 26 1/2" (48.3 x 67.3 cm)","Mies van der Rohe Archive, gift of the architect",709.1963,"Mies van der Rohe Archive","Architecture & Design",1963-12-10,yes,742,https://www.moma.org/collection/works/742,NULL,NULL,NULL,NULL,NULL,48.26,NULL,NULL,67.31,NULL,NULL
"Hubbe House Project, Magdeburg, Germany (Perspective terrace)","Ludwig Mies van der Rohe",7166,"(American, born Germany. 1886–1969)",(American),(1886),(1969),(male),1935,"Pencil on illustration board","19 x 26 1/2" (48.3 x 67.3 cm)","Mies van der Rohe Archive, gift of the architect",710.1963,"Mies van der Rohe Archive","Architecture & Design",1963-12-10,yes,743,https://www.moma.org/collection/works/743,https://www.moma.org/media/W1siZiIsIjE0MjEyNyJdLFsicCIsImNvbnZlcnQiLCItcmVzaXplIDEwMjR4MTAyNFx1MDAzZSJdXQ.jpg?sha=6d63e2b7f7fdfe76,NULL,NULL,NULL,NULL,48.26,NULL,NULL,67.31,NULL,NULL
"Hubbe House Project, Magdeburg, Germany (Perspective view of living room and court)","Ludwig Mies van der Rohe",7166,"(American, born Germany. 1886–1969)",(American),(1886),(1969),(male),1934-35,"Graphite on illustration board","19 x 26 1/2" (48.2 x 67.3 cm)","Mies van der Rohe Archive, gift of the architect",711.1963,"Mies van der Rohe Archive","Architecture & Design",1963-12-10,yes,744,https://www.moma.org/collection/works/744,https://www.moma.org/media/W1siZiIsIjMzNjMwMSJdLFsicCIsImNvbnZlcnQiLCItcmVzaXplIDEwMjR4MTAyNFx1MDAzZSJdXQ.jpg?sha=5337991c012a3253,NULL,NULL,NULL,NULL,48.20,NULL,NULL,67.30,NULL,NULL
"Hubbe House Project , Magdeburg, Germany (Perspective view of living room and terrace)","Ludwig Mies van der Rohe",7166,"(American, born Germany. 1886–1969)",(American),(1886),(1969),(male),1934-35,"Graphite on illustration board","19 x 26 1/2" (48.3 x 67.3 cm)","Mies van der Rohe Archive, gift of the architect",712.1963,"Mies van der Rohe Archive","Architecture & Design",1963-12-10,yes,745,https://www.moma.org/collection/works/745,https://www.moma.org/media/W1siZiIsIjMzNjMwMiJdLFsicCIsImNvbnZlcnQiLCItcmVzaXplIDEwMjR4MTAyNFx1MDAzZSJdXQ.jpg?sha=68edaf8d910c1c04,NULL,NULL,NULL,NULL,48.26,NULL,NULL,67.31,NULL,NULL
"Ulrich Lange House project, Krefeld, Germany, (Plan: second scheme)","Ludwig Mies van der Rohe",7166,"(American, born Germany. 1886–1969)",(American),(1886),(1969),(male),1935,"Pencil on illustration board","19 x 26 1/2" (48.3 x 67.3 cm)","Mies van der Rohe Archive, gift of the architect",713.1963,"Mies van der Rohe Archive","Architecture & Design",1963-12-10,yes,746,https://www.moma.org/collection/works/746,NULL,NULL,NULL,NULL,NULL,48.26,NULL,NULL,67.31,NULL,NULL
"Resor House Project, Jackson Hole, Wyoming (Vertical section through column and outside wall)","Ludwig Mies van der Rohe",7166,"(American, born Germany. 1886–1969)",(American),(1886),(1969),(male),1938,"Pencil and black ink on illustration board","30 x 40" (76.2 x 101.6 cm)","Mies van der Rohe Archive, gift of the architect",714.1963,"Mies van der Rohe Archive","Architecture & Design",1963-12-10,yes,747,https://www.moma.org/collection/works/747,NULL,NULL,NULL,NULL,NULL,76.20,NULL,NULL,101.60,NULL,NULL
"Resor House project, Jackson Hole, Wyoming (Interior perspective of living room [view through north glass wall])","Ludwig Mies van der Rohe",7166,"(American, born Germany. 1886–1969)",(American),(1886),(1969),(male),"c. 1937-41","Pencil and photograph on illustration board","30 x 40" (76.1 x 101.5 cm)","Mies van der Rohe Archive, gift of the architect",715.1963,"Mies van der Rohe Archive","Architecture & Design",1963-12-10,yes,748,https://www.moma.org/collection/works/748,https://www.moma.org/media/W1siZiIsIjUxODUzNiJdLFsicCIsImNvbnZlcnQiLCItcmVzaXplIDEwMjR4MTAyNFx1MDAzZSJdXQ.jpg?sha=61baf25dc9b81178,NULL,NULL,NULL,NULL,76.10,NULL,NULL,101.50,NULL,NULL
"Resor House project, Jackson Hole, Wyoming (Interior perspective of living room and south glass wall)","Ludwig Mies van der Rohe",7166,"(American, born Germany. 1886–1969)",(American),(1886),(1969),(male),1939,"Graphite, wood veneer, cut-and-pasted gelatin silver photographs, and cut-and-pasted photoreproduction (of Paul Klee's Colorful Meal, 1939) on illustration board","30 x 40" (76.1 x 101.5 cm)","Mies van der Rohe Archive, gift of the architect",716.1963,"Mies van der Rohe Archive","Architecture & Design",1963-12-10,yes,749,https://www.moma.org/collection/works/749,https://www.moma.org/media/W1siZiIsIjM0NzkzNiJdLFsicCIsImNvbnZlcnQiLCItcmVzaXplIDEwMjR4MTAyNFx1MDAzZSJdXQ.jpg?sha=abd82015acb9b0cf,NULL,NULL,NULL,NULL,76.10,NULL,NULL,101.50,NULL,NULL
"Theater project (Combined elevation and section)","Ludwig Mies van der Rohe",7166,"(American, born Germany. 1886–1969)",(American),(1886),(1969),(male),1947,"Graphite, ink, cut-and-pasted papers, and cut-and-pasted photoreproductions on illustration board","48 x 96" (121.9 x 243.8 cm)","Mies van der Rohe Archive, gift of the architect",717.1963,"Mies van der Rohe Archive","Architecture & Design",1963-12-10,yes,750,https://www.moma.org/collection/works/750,https://www.moma.org/media/W1siZiIsIjUxODUzNyJdLFsicCIsImNvbnZlcnQiLCItcmVzaXplIDEwMjR4MTAyNFx1MDAzZSJdXQ.jpg?sha=493e299deb3e7d37,NULL,NULL,NULL,NULL,121.90,NULL,NULL,243.80,NULL,NULL
"IIT Alumni Memorial Hall (Navy Building), Chicago, IL, (Vertical sections through wall at entrance and horizontal section through outside wall)","Ludwig Mies van der Rohe",7166,"(American, born Germany. 1886–1969)",(American),(1886),(1969),(male),"c. 1946-47","Pen and black ink over graphite on illustration board","30 x 40" (76.2 x 101.6 cm)","Mies van der Rohe Archive, gift of the architect",718.1963,"Mies van der Rohe Archive","Architecture & Design",1963-12-10,yes,751,https://www.moma.org/collection/works/751,NULL,NULL,NULL,NULL,NULL,76.20,NULL,NULL,101.60,NULL,NULL
"IIT Master Plan, Chicago, IL (Campus, aerial perspective, preliminary version)","Ludwig Mies van der Rohe",7166,"(American, born Germany. 1886–1969)",(American),(1886),(1969),(male),"c. 1939-40","Pencil, conte crayon on illustration board","39 15/16 x 51" (101.5 x 129.5 cm)","Mies van der Rohe Archive, gift of the architect",719.1963,"Mies van der Rohe Archive","Architecture & Design",1963-12-10,yes,752,https://www.moma.org/collection/works/752,https://www.moma.org/media/W1siZiIsIjUxODUzOCJdLFsicCIsImNvbnZlcnQiLCItcmVzaXplIDEwMjR4MTAyNFx1MDAzZSJdXQ.jpg?sha=d9caf3ccc8d09914,NULL,NULL,NULL,NULL,101.50,NULL,NULL,129.50,NULL,NULL
"IIT Master Plan, Chicago, Illinois, Campus, perspective, first version","Ludwig Mies van der Rohe",7166,"(American, born Germany. 1886–1969)",(American),(1886),(1969),(male),"c. 1939-40","Pencil, charcoal on translucent/tracing paper","Frame: 42 1/2 x 67 3/4" (108 x 172.1 cm)","Mies van der Rohe Archive, gift of the architect",720.1963,"Mies van der Rohe Archive","Architecture & Design",1963-12-10,yes,753,https://www.moma.org/collection/works/753,https://www.moma.org/media/W1siZiIsIjI1NzIwMSJdLFsicCIsImNvbnZlcnQiLCItcmVzaXplIDEwMjR4MTAyNFx1MDAzZSJdXQ.jpg?sha=ef5ad09fd89ecb7f,NULL,NULL,NULL,NULL,107.95,NULL,NULL,172.09,NULL,NULL
"IIT Master Plan, Chicago, IL, Campus, site plan, early scheme","Ludwig Mies van der Rohe",7166,"(American, born Germany. 1886–1969)",(American),(1886),(1969),(male),"c. 1939-40","Pencil on illustration board","30 x 40" (76.1 x 101.5 cm)","Mies van der Rohe Archive, gift of the architect",721.1963,"Mies van der Rohe Archive","Architecture & Design",1963-12-10,yes,754,https://www.moma.org/collection/works/754,https://www.moma.org/media/W1siZiIsIjI3OTA1MyJdLFsicCIsImNvbnZlcnQiLCItcmVzaXplIDEwMjR4MTAyNFx1MDAzZSJdXQ.jpg?sha=c84470ba50e13a35,NULL,NULL,NULL,NULL,76.10,NULL,NULL,101.50,NULL,NULL
"Museum for a Small City project (Plan)","Ludwig Mies van der Rohe",7166,"(American, born Germany. 1886–1969)",(American),(1886),(1969),(male),1941-43,"Graphite on illusration board","30 x 40" (76.2 x 101.6 cm)","Mies van der Rohe Archive, gift of the architect",722.1963,"Mies van der Rohe Archive","Architecture & Design",1963-12-10,yes,755,https://www.moma.org/collection/works/755,https://www.moma.org/media/W1siZiIsIjUxODUzOSJdLFsicCIsImNvbnZlcnQiLCItcmVzaXplIDEwMjR4MTAyNFx1MDAzZSJdXQ.jpg?sha=153a7db439fccbba,NULL,NULL,NULL,NULL,76.10,NULL,NULL,101.50,NULL,NULL
"Museum for a Small City project (Interior perspective)","Ludwig Mies van der Rohe",7166,"(American, born Germany. 1886–1969)",(American),(1886),(1969),(male),1941-43,"Ink and cut-and-pasted photographic reproductions","30 x 40" (76.2 x 101.6 cm)","Mies van der Rohe Archive, gift of the architect",723.1963,"Mies van der Rohe Archive","Architecture & Design",1963-12-10,yes,756,https://www.moma.org/collection/works/756,https://www.moma.org/media/W1siZiIsIjI5OTU5NCJdLFsicCIsImNvbnZlcnQiLCItcmVzaXplIDEwMjR4MTAyNFx1MDAzZSJdXQ.jpg?sha=12fab6a400866e7f,NULL,NULL,NULL,NULL,76.10,NULL,NULL,101.50,NULL,NULL
"Museum for a Small City project (Interior perspective)","Ludwig Mies van der Rohe",7166,"(American, born Germany. 1886–1969)",(American),(1886),(1969),(male),1941-43,"Cut-out photographs and photo reproductions on illustration board","30 1/2 x 40 1/2" (77.5 x 102.9 cm)","Mies van der Rohe Archive, gift of the architect",724.1963,"Mies van der Rohe Archive","Architecture & Design",1963-12-10,yes,757,https://www.moma.org/collection/works/757,https://www.moma.org/media/W1siZiIsIjIzMDUyMyJdLFsicCIsImNvbnZlcnQiLCItcmVzaXplIDEwMjR4MTAyNFx1MDAzZSJdXQ.jpg?sha=c359784d0eaf882c,NULL,NULL,NULL,NULL,77.47,NULL,NULL,102.87,NULL,NULL
"Museum for a Small City project (Perspective sketch)","Ludwig Mies van der Rohe",7166,"(American, born Germany. 1886–1969)",(American),(1886),(1969),(male),1943,"Pencil on paper","6 x 8 3/4" (15.2 x 22.2 cm)","Mies van der Rohe Archive, gift of the architect",725.1963.1,"Mies van der Rohe Archive","Architecture & Design",1963-12-10,yes,758,https://www.moma.org/collection/works/758,https://www.moma.org/media/W1siZiIsIjMzNzY5OCJdLFsicCIsImNvbnZlcnQiLCItcmVzaXplIDEwMjR4MTAyNFx1MDAzZSJdXQ.jpg?sha=ffb9ee42517c9d83,NULL,NULL,NULL,NULL,15.24,NULL,NULL,22.23,NULL,NULL
"IIT Library and Administration Building, Chicago, Illinois, Three vertical sections,","Ludwig Mies van der Rohe",7166,"(American, born Germany. 1886–1969)",(American),(1886),(1969),(male),"c. 1944-45","Pencil and colored pencil on illustration board","18 x 25 1/2" (45.7 x 64.8 cm)","Mies van der Rohe Archive, gift of the architect",726.1963,"Mies van der Rohe Archive","Architecture & Design",1963-12-10,yes,759,https://www.moma.org/collection/works/759,https://www.moma.org/media/W1siZiIsIjI1MjAwNSJdLFsicCIsImNvbnZlcnQiLCItcmVzaXplIDEwMjR4MTAyNFx1MDAzZSJdXQ.jpg?sha=5eee9d48848e4e5c,NULL,NULL,NULL,NULL,45.72,NULL,NULL,64.77,NULL,NULL
"IIT Library and Administration Building, Chicago, Illinois, Plan of main floor","Ludwig Mies van der Rohe",7166,"(American, born Germany. 1886–1969)",(American),(1886),(1969),(male),"c. 1944-45","Pencil and colored pencil on illustration board","18 x 25 1/2" (45.7 x 64.8 cm)","Mies van der Rohe Archive, gift of the architect",727.1963,"Mies van der Rohe Archive","Architecture & Design",1963-12-10,yes,760,https://www.moma.org/collection/works/760,https://www.moma.org/media/W1siZiIsIjEwODI1NiJdLFsicCIsImNvbnZlcnQiLCItcmVzaXplIDEwMjR4MTAyNFx1MDAzZSJdXQ.jpg?sha=7c9fff8676e98a2a,NULL,NULL,NULL,NULL,45.72,NULL,NULL,64.77,NULL,NULL
"IIT Library and Administration Building, Chicago, Illinois, South, north, and west elevations","Ludwig Mies van der Rohe",7166,"(American, born Germany. 1886–1969)",(American),(1886),(1969),(male),"c. 1944-45","Pencil and colored pencil on illustration board","18 x 25 1/2" (45.7 x 64.8 cm)","Mies van der Rohe Archive, gift of the architect
",728.1963,"Mies van der Rohe Archive","Architecture & Design",1963-12-10,yes,761,https://www.moma.org/collection/works/761,https://www.moma.org/media/W1siZiIsIjI1MjAwNiJdLFsicCIsImNvbnZlcnQiLCItcmVzaXplIDEwMjR4MTAyNFx1MDAzZSJdXQ.jpg?sha=8553f9ec3da5d4ba,NULL,NULL,NULL,NULL,45.70,NULL,NULL,64.80,NULL,NULL
"IIT Library and Administration Building, Chicago, Illinois, Plan of mezzanine floor","Ludwig Mies van der Rohe",7166,"(American, born Germany. 1886–1969)",(American),(1886),(1969),(male),"c. 1944-45","Pencil and yellow pencil on illustration board","18 x 25 1/2" (45.7 x 64.8 cm)","Mies van der Rohe Archive, gift of the architect",729.1963,"Mies van der Rohe Archive","Architecture & Design",1963-12-10,yes,762,https://www.moma.org/collection/works/762,https://www.moma.org/media/W1siZiIsIjEwODI1NyJdLFsicCIsImNvbnZlcnQiLCItcmVzaXplIDEwMjR4MTAyNFx1MDAzZSJdXQ.jpg?sha=509ee9a4c4a92e4a,NULL,NULL,NULL,NULL,45.70,NULL,NULL,64.80,NULL,NULL
"IIT Library and Administration Building, Chicago, Illinois, Perspective for southeast corner","Ludwig Mies van der Rohe",7166,"(American, born Germany. 1886–1969)",(American),(1886),(1969),(male),"c. 1944-45","Pencil on tracing paper","44 x 34" (111.8 x 86.4 cm)","Mies van der Rohe Archive, gift of the architect",730.1963,"Mies van der Rohe Archive","Architecture & Design",1963-12-10,yes,763,https://www.moma.org/collection/works/763,https://www.moma.org/media/W1siZiIsIjI1MjAwNyJdLFsicCIsImNvbnZlcnQiLCItcmVzaXplIDEwMjR4MTAyNFx1MDAzZSJdXQ.jpg?sha=5f200b599fa069a8,NULL,NULL,NULL,NULL,111.76,NULL,NULL,86.36,NULL,NULL
"IIT Library and Administration Building, Chicago, IL, (Vertical and horizontal sections)","Ludwig Mies van der Rohe",7166,"(American, born Germany. 1886–1969)",(American),(1886),(1969),(male),"c. 1946-47","Ink on illustration board","30 x 40" (76.2 x 101.6 cm)","Mies van der Rohe Archive, gift of the architect",731.1963,"Mies van der Rohe Archive","Architecture & Design",1963-12-10,yes,764,https://www.moma.org/collection/works/764,NULL,NULL,NULL,NULL,NULL,76.20,NULL,NULL,101.60,NULL,NULL
"Illinois Institute of Technology, Chicago, Illinois, (Power House: perspective rendering.)","Ludwig Mies van der Rohe",7166,"(American, born Germany. 1886–1969)",(American),(1886),(1969),(male),1944,"Conté crayon on illustration board","20 x 30" (50.8 x 76.1 cm)","Mies van der Rohe Archive, gift of the architect",732.1963,"Mies van der Rohe Archive","Architecture & Design",1963-12-10,yes,765,https://www.moma.org/collection/works/765,https://www.moma.org/media/W1siZiIsIjMwMTk2OSJdLFsicCIsImNvbnZlcnQiLCItcmVzaXplIDEwMjR4MTAyNFx1MDAzZSJdXQ.jpg?sha=a4bf443023a94a5c,NULL,NULL,NULL,NULL,50.80,NULL,NULL,76.10,NULL,NULL
"Court House Project, Plan","Ludwig Mies van der Rohe",7166,"(American, born Germany. 1886–1969)",(American),(1886),(1969),(male),1945-46,"Ink and dot pattern on illustration board","30 x 40" (76.2 x 101.6 cm)","Mies van der Rohe Archive, gift of the architect",733.1963,"Mies van der Rohe Archive","Architecture & Design",1963-12-10,yes,767,https://www.moma.org/collection/works/767,https://www.moma.org/media/W1siZiIsIjE0ODI4NiJdLFsicCIsImNvbnZlcnQiLCItcmVzaXplIDEwMjR4MTAyNFx1MDAzZSJdXQ.jpg?sha=08ef0c7b71b3f902,NULL,NULL,NULL,NULL,76.20,NULL,NULL,101.60,NULL,NULL
"Illinois Institute of Technology, Metallurgy and Chemical Engineering Building (Perlstein Hall), Chicago, Illinois, Perspective","Ludwig Mies van der Rohe",7166,"(American, born Germany. 1886–1969)",(American),(1886),(1969),(male),1945-46,"Conté crayon on illustration board","30 x 40 (76.1 x 101.5 cm)","Mies van der Rohe Archive, gift of the architect",734.1963,"Mies van der Rohe Archive","Architecture & Design",1963-12-10,yes,768,https://www.moma.org/collection/works/768,https://www.moma.org/media/W1siZiIsIjUxODU0MCJdLFsicCIsImNvbnZlcnQiLCItcmVzaXplIDEwMjR4MTAyNFx1MDAzZSJdXQ.jpg?sha=7b3deecf3945e8de,NULL,NULL,NULL,NULL,76.10,NULL,NULL,101.50,NULL,NULL
"Illinois Institute of Technology, Metallurgy and Chemical Engineering Building (Perlstein Hall), Chicago, Illinois, Exterior perspective","Ludwig Mies van der Rohe",7166,"(American, born Germany. 1886–1969)",(American),(1886),(1969),(male),1945-46,"Conté crayon on illustration board","30 x 40" (76.1 x 101.5 cm)","Mies van der Rohe Archive, gift of the architect",735.1963,"Mies van der Rohe Archive","Architecture & Design",1963-12-10,yes,770,https://www.moma.org/collection/works/770,https://www.moma.org/media/W1siZiIsIjUxODU0MSJdLFsicCIsImNvbnZlcnQiLCItcmVzaXplIDEwMjR4MTAyNFx1MDAzZSJdXQ.jpg?sha=fbf8e0b62fbb9d49,NULL,NULL,NULL,NULL,76.10,NULL,NULL,101.50,NULL,NULL
"Illinois Institute of Technology, Chemistry Building (Wishnick Hall), Chicago, Illinois, Perspective","Ludwig Mies van der Rohe",7166,"(American, born Germany. 1886–1969)",(American),(1886),(1969),(male),1945-46,"Charcoal on paper","30 x 40" (76.1 x 101.5 cm)","Mies van der Rohe Archive, gift of the architect",736.1963,"Mies van der Rohe Archive","Architecture & Design",1963-12-10,yes,771,https://www.moma.org/collection/works/771,https://www.moma.org/media/W1siZiIsIjUxODU0MiJdLFsicCIsImNvbnZlcnQiLCItcmVzaXplIDEwMjR4MTAyNFx1MDAzZSJdXQ.jpg?sha=f78f07c611d42f48,NULL,NULL,NULL,NULL,76.10,NULL,NULL,101.50,NULL,NULL
"Farnsworth House, Plano, Illinois, Preliminary version: plan","Ludwig Mies van der Rohe",7166,"(American, born Germany. 1886–1969)",(American),(1886),(1969),(male),1945-51,"Ink on paper","30 x 40" (76.2 x 101.6 cm)","Mies van der Rohe Archive, gift of the architect",737.1963,"Mies van der Rohe Archive","Architecture & Design",1963-12-10,yes,772,https://www.moma.org/collection/works/772,https://www.moma.org/media/W1siZiIsIjUxODU0MyJdLFsicCIsImNvbnZlcnQiLCItcmVzaXplIDEwMjR4MTAyNFx1MDAzZSJdXQ.jpg?sha=a1b9357147f383a7,NULL,NULL,NULL,NULL,76.20,NULL,NULL,101.60,NULL,NULL
"Promontory Apartment, Chicago, Illinois, Perspective rendering: steel scheme,","Ludwig Mies van der Rohe",7166,"(American, born Germany. 1886–1969)",(American),(1886),(1969),(male),1946,"Pencil on illustration board","30 x 20" (76.2 x 50.8 cm)","Mies van der Rohe Archive, gift of the architect",738.1963,"Mies van der Rohe Archive","Architecture & Design",1963-12-10,no,773,NULL,NULL,NULL,NULL,NULL,NULL,76.20,NULL,NULL,50.80,NULL,NULL
"Illinois Institute of Technology, Architecture and Applied Arts Building, Chicago, llinois, Perspective","Ludwig Mies van der Rohe",7166,"(American, born Germany. 1886–1969)",(American),(1886),(1969),(male),1945,"Conté crayon on illustration board","20 x 30" (50.8 x 76.2 cm)","Mies van der Rohe Archive, gift of the architect",739.1963,"Mies van der Rohe Archive","Architecture & Design",1963-12-10,yes,774,https://www.moma.org/collection/works/774,https://www.moma.org/media/W1siZiIsIjUxODU0NCJdLFsicCIsImNvbnZlcnQiLCItcmVzaXplIDEwMjR4MTAyNFx1MDAzZSJdXQ.jpg?sha=8776aa3f367ed166,NULL,NULL,NULL,NULL,50.80,NULL,NULL,76.20,NULL,NULL
"Concrete Office Building Project, Berlin, Germany (Exterior perspective)","Ludwig Mies van der Rohe",7166,"(American, born Germany. 1886–1969)",(American),(1886),(1969),(male),1923,"Charcoal and crayon on paper","54 1/2 x 113 3/4" (138.4 x 288.9 cm)","Mies van der Rohe Archive, gift of the architect",866.1968,"Mies van der Rohe Archive","Architecture & Design",1968-03-07,yes,775,https://www.moma.org/collection/works/775,https://www.moma.org/media/W1siZiIsIjQwMDE2MSJdLFsicCIsImNvbnZlcnQiLCItcmVzaXplIDEwMjR4MTAyNFx1MDAzZSJdXQ.jpg?sha=110180447018c67d,"MoMA, Floor 5, 511",NULL,NULL,NULL,138.40,NULL,NULL,288.90,NULL,NULL
"Court House project (Interior perspective)","Ludwig Mies van der Rohe",7166,"(American, born Germany. 1886–1969)",(American),(1886),(1969),(male),"after 1938","Graphite and cut-and-pasted reproduction (of unidentified scultpure) on illustration board","30 x 40" (76.2 x 101.6 cm)","Mies van der Rohe Archive, gift of the architect",994.1965,"Mies van der Rohe Archive","Architecture & Design",1965-01-01,yes,776,https://www.moma.org/collection/works/776,https://www.moma.org/media/W1siZiIsIjUxOTUxNCJdLFsicCIsImNvbnZlcnQiLCItcmVzaXplIDEwMjR4MTAyNFx1MDAzZSJdXQ.jpg?sha=83ea82653176902b,NULL,NULL,NULL,NULL,76.20,NULL,NULL,101.60,NULL,NULL
"Museum for a Small City project (Interior perspective)","Ludwig Mies van der Rohe",7166,"(American, born Germany. 1886–1969)",(American),(1886),(1969),(male),1941-43,"Graphite and cut-and-pasted reproductions on illustration board","30 x 40" (76.1 x 101.5 cm)","Mies van der Rohe Archive, gift of the architect",995.1965,"Mies van der Rohe Archive","Architecture & Design",1966-01-11,yes,777,https://www.moma.org/collection/works/777,https://www.moma.org/media/W1siZiIsIjUxOTUxNSJdLFsicCIsImNvbnZlcnQiLCItcmVzaXplIDEwMjR4MTAyNFx1MDAzZSJdXQ.jpg?sha=50f53077c0b2bb8a,NULL,NULL,NULL,NULL,76.10,NULL,NULL,101.50,NULL,NULL
"Bacardi Office Building project, Santiago de Cuba (Perspective of columns and roof plate)","Ludwig Mies van der Rohe",7166,"(American, born Germany. 1886–1969)",(American),(1886),(1969),(male),1957,"Ink on illustration board","30 x 40" (76.2  x 101.6 cm)","Mies van der Rohe Archive, gift of the architect",996.1965,"Mies van der Rohe Archive","Architecture & Design",1966-01-11,yes,778,https://www.moma.org/collection/works/778,https://www.moma.org/media/W1siZiIsIjMwNjk2NCJdLFsicCIsImNvbnZlcnQiLCItcmVzaXplIDEwMjR4MTAyNFx1MDAzZSJdXQ.jpg?sha=783cb8e78399921e,NULL,NULL,NULL,NULL,76.20,NULL,NULL,101.60,NULL,NULL
"Ron Bacardi y Compania, S.A., Administration Building, project, Santiago, Cuba (Elevation of column with roof and glass wall, final version)","Ludwig Mies van der Rohe",7166,"(American, born Germany. 1886–1969)",(American),(1886),(1969),(male),"c. 1957-58","Ink, conté crayon on illustration board","40 1/2 x 30 1/2" (102.9 x 77.5 cm)","Mies van der Rohe Archive, gift of the architect",997.1965,"Mies van der Rohe Archive","Architecture & Design",1966-01-11,yes,779,https://www.moma.org/collection/works/779,https://www.moma.org/media/W1siZiIsIjIxMTk2MiJdLFsicCIsImNvbnZlcnQiLCItcmVzaXplIDEwMjR4MTAyNFx1MDAzZSJdXQ.jpg?sha=b5eb8c7aa0a5d255,NULL,NULL,NULL,NULL,102.87,NULL,NULL,77.47,NULL,NULL
"Brick Country House, project, Potsdam-Neubabelsberg, Plan","Ludwig Mies van der Rohe",7166,"(American, born Germany. 1886–1969)",(American),(1886),(1969),(male),1964,"Ink on illustration board","30 x 40" (76.2 x 101.6 cm)","Mies van der Rohe Archive, gift of the architect",998.1965,"Mies van der Rohe Archive","Architecture & Design",1966-01-11,yes,780,https://www.moma.org/collection/works/780,https://www.moma.org/media/W1siZiIsIjUxOTUxNiJdLFsicCIsImNvbnZlcnQiLCItcmVzaXplIDEwMjR4MTAyNFx1MDAzZSJdXQ.jpg?sha=1820f3cbca03f438,NULL,NULL,NULL,NULL,76.20,NULL,NULL,101.60,NULL,NULL
"Ron Bacardi y Compania, S.A., Administration Building project, Santiago, Cuba (Preliminary version: interior perspective)","Ludwig Mies van der Rohe",7166,"(American, born Germany. 1886–1969)",(American),(1886),(1969),(male),1957,"Ink, wood veneer, marbelized paper and cut-out reproduction on illustration board","30 x 40" (76.2 x 101.6 cm)","Mies van der Rohe Archive, gift of the architect",999.1965,"Mies van der Rohe Archive","Architecture & Design",1966-01-11,yes,781,https://www.moma.org/collection/works/781,https://www.moma.org/media/W1siZiIsIjUxOTUxNyJdLFsicCIsImNvbnZlcnQiLCItcmVzaXplIDEwMjR4MTAyNFx1MDAzZSJdXQ.jpg?sha=6421fcd62e8501ea,NULL,NULL,NULL,NULL,76.20,NULL,NULL,101.60,NULL,NULL
"German Pavilion, International Exposition, Barcelona, Spain, Horizontal column section","Ludwig Mies van der Rohe",7166,"(American, born Germany. 1886–1969)",(American),(1886),(1969),(male),1929,"Ink and dot pattern on illustration board","20 x 30" (50.8 x 76.2 cm)","Mies van der Rohe Archive, gift of the architect",1000.1965,"Mies van der Rohe Archive","Architecture & Design",1966-01-11,yes,782,https://www.moma.org/collection/works/782,https://www.moma.org/media/W1siZiIsIjUxOTM5NSJdLFsicCIsImNvbnZlcnQiLCItcmVzaXplIDEwMjR4MTAyNFx1MDAzZSJdXQ.jpg?sha=b9473ea72299cdf1,NULL,NULL,NULL,NULL,50.80,NULL,NULL,76.20,NULL,NULL
"Convention Hall, project, Chicago, Illinois, Final version: vertical section","Ludwig Mies van der Rohe",7166,"(American, born Germany. 1886–1969)",(American),(1886),(1969),(male),1953,"Ink and dot pattern on illustration board","30 x 20" (76.2  x 50.8 cm)","Mies van der Rohe Archive, gift of the architect",1001.1965,"Mies van der Rohe Archive","Architecture & Design",1966-01-11,yes,783,https://www.moma.org/collection/works/783,https://www.moma.org/media/W1siZiIsIjUxOTM5NiJdLFsicCIsImNvbnZlcnQiLCItcmVzaXplIDEwMjR4MTAyNFx1MDAzZSJdXQ.jpg?sha=775b2cfe0b4e8f93,NULL,NULL,NULL,NULL,76.20,NULL,NULL,50.80,NULL,NULL
"Farnsworth House, Plano, Illinois (Elevation)","Ludwig Mies van der Rohe",7166,"(American, born Germany. 1886–1969)",(American),(1886),(1969),(male),1945,"Watercolor and graphite on tracing paper","13 x 25" (33 x 63.5 cm)","Mies van der Rohe Archive, gift of the architect",1002.1965,"Mies van der Rohe Archive","Architecture & Design",1966-01-11,yes,784,https://www.moma.org/collection/works/784,https://www.moma.org/media/W1siZiIsIjUxOTM5NyJdLFsicCIsImNvbnZlcnQiLCItcmVzaXplIDEwMjR4MTAyNFx1MDAzZSJdXQ.jpg?sha=5fdf43973ee16014,NULL,NULL,NULL,NULL,33.00,NULL,NULL,63.50,NULL,NULL
"Illinois Institute of Technology, Library and Administration Building, project, Chicago, Illinois (Interior perspective)","Ludwig Mies van der Rohe",7166,"(American, born Germany. 1886–1969)",(American),(1886),(1969),(male),1944,"Pencil on illustration board","20 x 30" (50.8 x 76.2 cm)","Mies van der Rohe Archive, gift of the architect",1003.1965,"Mies van der Rohe Archive","Architecture & Design",1966-01-11,no,785,NULL,NULL,NULL,NULL,NULL,NULL,50.80,NULL,NULL,76.20,NULL,NULL
"Promontory Apartment Building, Chicago, Illinois, Perspective (from southeast)","Ludwig Mies van der Rohe",7166,"(American, born Germany. 1886–1969)",(American),(1886),(1969),(male),1946,"Pencil on tracing paper","30 1/4 x 20 1/4" (76.8 x 51.4 cm)","Mies van der Rohe Archive, gift of the architect",1004.1965,"Mies van der Rohe Archive","Architecture & Design",1966-01-11,yes,786,https://www.moma.org/collection/works/786,https://www.moma.org/media/W1siZiIsIjI1MjAxNSJdLFsicCIsImNvbnZlcnQiLCItcmVzaXplIDEwMjR4MTAyNFx1MDAzZSJdXQ.jpg?sha=7c7be7c3b4594d49,NULL,NULL,NULL,NULL,76.84,NULL,NULL,51.44,NULL,NULL
"Friedrichstrasse Skyscraper Project, Berlin-Mitte, Germany (Exterior perspective from north)","Ludwig Mies van der Rohe",7166,"(American, born Germany. 1886–1969)",(American),(1886),(1969),(male),1921,"Charcoal and graphite on paper mounted on board","68 1/4 x 48" (173.4 x 121.9 cm)","Mies van der Rohe Archive, gift of the architect",1005.1965,"Mies van der Rohe Archive","Architecture & Design",1966-01-11,yes,787,https://www.moma.org/collection/works/787,https://www.moma.org/media/W1siZiIsIjM0NTAxNCJdLFsicCIsImNvbnZlcnQiLCItcmVzaXplIDEwMjR4MTAyNFx1MDAzZSJdXQ.jpg?sha=27dd62993effcf4d,NULL,NULL,NULL,NULL,173.40,NULL,NULL,121.90,NULL,NULL
"Conchoidal Chair with Arms (Elevation sketch)","Ludwig Mies van der Rohe",7166,"(American, born Germany. 1886–1969)",(American),(1886),(1969),(male),"early 1940s","Pencil on paper","6 x 8 3/16" (15.2 x 20.8 cm)","Mies van der Rohe Archive, gift of the architect",1157.1974,"Mies van der Rohe Archive","Architecture & Design",1974-11-06,yes,788,https://www.moma.org/collection/works/788,https://www.moma.org/media/W1siZiIsIjIyMjEzMCJdLFsicCIsImNvbnZlcnQiLCItcmVzaXplIDEwMjR4MTAyNFx1MDAzZSJdXQ.jpg?sha=2a0a8233cd344a7d,NULL,NULL,NULL,NULL,15.24,NULL,NULL,20.80,NULL,NULL
"Conchoidal Chair with Arms. Conchoidal Chair without Arms. (Elevation sketches)","Ludwig Mies van der Rohe",7166,"(American, born Germany. 1886–1969)",(American),(1886),(1969),(male),"early 1940s","Pencil on paper","6 x 8 3/16" (15.2 x 20.8 cm)","Mies van der Rohe Archive, gift of the architect",1161.1974,"Mies van der Rohe Archive","Architecture & Design",1974-11-06,yes,789,https://www.moma.org/collection/works/789,https://www.moma.org/media/W1siZiIsIjIyMjEzNCJdLFsicCIsImNvbnZlcnQiLCItcmVzaXplIDEwMjR4MTAyNFx1MDAzZSJdXQ.jpg?sha=26469bd34211429b,NULL,NULL,NULL,NULL,15.24,NULL,NULL,20.80,NULL,NULL
"Conchoidal Chair with Arms. Conchoidal Chair without Arms. (Elevation and plan sketches)","Ludwig Mies van der Rohe",7166,"(American, born Germany. 1886–1969)",(American),(1886),(1969),(male),"early 1940s","Ink, pencil and colored pencil on paper","6 x 8 1/4" (15.2 x 20.9 cm)","Mies van der Rohe Archive, gift of the architect",1162.1974,"Mies van der Rohe Archive","Architecture & Design",1974-11-06,yes,790,https://www.moma.org/collection/works/790,https://www.moma.org/media/W1siZiIsIjIyMjEzNSJdLFsicCIsImNvbnZlcnQiLCItcmVzaXplIDEwMjR4MTAyNFx1MDAzZSJdXQ.jpg?sha=49e1ee3ac30d9c8b,NULL,NULL,NULL,NULL,15.20,NULL,NULL,20.90,NULL,NULL
"The House with Curtains Project, Perspective","Raimund Abraham",47,"(American, born Austria. 1933–2010)",(American),(1933),(2010),(male),1972,"Crayon and graphite on paper","36 1/8 x 56 3/4" (91.8 x 144.1 cm)","Gift of The Howard Gilman Foundation",1180.2000,Architecture,"Architecture & Design",2000-10-31,yes,791,https://www.moma.org/collection/works/791,https://www.moma.org/media/W1siZiIsIjUzMDA2NyJdLFsicCIsImNvbnZlcnQiLCItcmVzaXplIDEwMjR4MTAyNFx1MDAzZSJdXQ.jpg?sha=6171e531b0b86c2d,NULL,NULL,3.80,NULL,97.20,NULL,NULL,149.50,NULL,NULL
"The House without Rooms Project, Elevation and plan","Raimund Abraham",47,"(American, born Austria. 1933–2010)",(American),(1933),(2010),(male),1974,"Colored pencil, graphite, and cut-and-pasted printed paper on paper","34 5/8 x 38 1/8" (87.9 x 96.8 cm)","Gift of The Howard Gilman Foundation",1181.2000,Architecture,"Architecture & Design",NULL,yes,792,https://www.moma.org/collection/works/792,https://www.moma.org/media/W1siZiIsIjUzMDA2OSJdLFsicCIsImNvbnZlcnQiLCItcmVzaXplIDEwMjR4MTAyNFx1MDAzZSJdXQ.jpg?sha=a605bb805af26873,NULL,NULL,3.50,NULL,90.80,NULL,NULL,99.10,NULL,NULL
"Grand Rapids Art Museum, project, Grand Rapids, Michigan, Perspective","Emilio Ambasz",141,"(Argentine, born 1943)",(Argentine),(1943),NULL,(male),1975,"Cut-and-pasted sepia diazotype with color crayon on paper and airbrush","30 x 40" (76.2 x 101.6 cm)","Gift of The Howard Gilman Foundation",1182.2000,Architecture,"Architecture & Design",2000-10-31,yes,793,https://www.moma.org/collection/works/793,https://www.moma.org/media/W1siZiIsIjUzMDA3MSJdLFsicCIsImNvbnZlcnQiLCItcmVzaXplIDEwMjR4MTAyNFx1MDAzZSJdXQ.jpg?sha=d104747be89a518f,NULL,NULL,3.80,NULL,80.30,NULL,NULL,105.70,NULL,NULL
"Residential Park, No-Stop City project (Plan)","Andrea Branzi",8108,"(Italian, born 1938)",(Italian),(1938),NULL,(male),1969,"Ink, cut-and-pasted self-adhesive polymer sheet, and pressure-transferred printed film on tracing paper, taped to paper","39 1/4 x 27 3/8" (99.7 x 69.5 cm)","Gift of The Howard Gilman Foundation",1183.2000,Architecture,"Architecture & Design",2000-10-31,yes,794,https://www.moma.org/collection/works/794,https://www.moma.org/media/W1siZiIsIjUzMDA3MyJdLFsicCIsImNvbnZlcnQiLCItcmVzaXplIDEwMjR4MTAyNFx1MDAzZSJdXQ.jpg?sha=3dc3da9c1d5a4f76,NULL,NULL,4.10,NULL,105.10,NULL,NULL,74.90,NULL,NULL
"Plug-In City, project (Axonometric)","Peter Cook",6950,"(British, born 1936)",(British),(1936),NULL,(male),1964,"Cut-and-pasted printed papers with graphite and clear and colored self-adhesive polymer sheets on gray paper-covered board with ink","27 3/8 x 29 7/8" (69.5 X 75.9 cm)","Gift of The Howard Gilman Foundation",1184.2000,Architecture,"Architecture & Design",2000-10-31,yes,795,https://www.moma.org/collection/works/795,https://www.moma.org/media/W1siZiIsIjUzMDA3NSJdLFsicCIsImNvbnZlcnQiLCItcmVzaXplIDEwMjR4MTAyNFx1MDAzZSJdXQ.jpg?sha=787b3e5e9d7a21c7,NULL,NULL,NULL,NULL,69.50,NULL,NULL,75.90,NULL,NULL
"Plug-in City: Maximum Pressure Area, project (Section)","Peter Cook",6950,"(British, born 1936)",(British),(1936),NULL,(male),1964,"Ink and graphite on tracing paper with masking tape","21 3/4 x 45 5/8" (55.2 x 115.9 cm)","Gift of The Howard Gilman Foundation",1185.2000,Architecture,"Architecture & Design",2000-10-31,yes,796,https://www.moma.org/collection/works/796,https://www.moma.org/media/W1siZiIsIjUzMDA3NyJdLFsicCIsImNvbnZlcnQiLCItcmVzaXplIDEwMjR4MTAyNFx1MDAzZSJdXQ.jpg?sha=77e2e801f77cb504,NULL,NULL,NULL,NULL,55.20,NULL,NULL,115.90,NULL,NULL
"Plug-in City: Maximum Pressure Area, project (Section)","Peter Cook",6950,"(British, born 1936)",(British),(1936),NULL,(male),1964,"Ink and gouache on photomechanical print","32 7/8 x 57 11/16" (83.5 x 146.5 cm)","Gift of The Howard Gilman Foundation",1186.2000,Architecture,"Architecture & Design",2000-10-31,yes,797,https://www.moma.org/collection/works/797,https://www.moma.org/media/W1siZiIsIjUzMDA3OSJdLFsicCIsImNvbnZlcnQiLCItcmVzaXplIDEwMjR4MTAyNFx1MDAzZSJdXQ.jpg?sha=785825ab24d898db,NULL,NULL,3.80,NULL,94.60,NULL,NULL,156.80,NULL,NULL
"Plug-in University Node, project (Elevation)","Peter Cook",6950,"(British, born 1936)",(British),(1936),NULL,(male),1965,"Watercolor on photolithograph","26 1/8 x 34 1/2" (66.4 x 87.6 cm)","Gift of The Howard Gilman Foundation",1187.2000,Architecture,"Architecture & Design",2000-10-31,yes,798,https://www.moma.org/collection/works/798,https://www.moma.org/media/W1siZiIsIjUzMDA4MSJdLFsicCIsImNvbnZlcnQiLCItcmVzaXplIDEwMjR4MTAyNFx1MDAzZSJdXQ.jpg?sha=b47c9019a0b3fa29,NULL,NULL,4.80,NULL,83.20,NULL,NULL,103.50,NULL,NULL
"House IV Project, Falls Village, Connecticut (Axonometrics)","Peter Eisenman",6969,"(American, born 1932)",(American),(1932),NULL,(male),1975,"Ink on frosted polymer sheet","14 x 46 3/4" (35.6 x 118.7 cm)","Gift of The Howard Gilman Foundation",1188.2000,Architecture,"Architecture & Design",2000-10-31,yes,799,https://www.moma.org/collection/works/799,https://www.moma.org/media/W1siZiIsIjUzMDA4MyJdLFsicCIsImNvbnZlcnQiLCItcmVzaXplIDEwMjR4MTAyNFx1MDAzZSJdXQ.jpg?sha=ef1cb737c260c7e1,NULL,NULL,3.80,NULL,49.50,NULL,NULL,128.60,NULL,NULL
"Spatial City, project, Aerial perspective","Yona Friedman",8109,"(French, 1923–2020)",(French),(1923),(2020),(male),1958,"Ink on tracing paper","8 3/8 x 10 3/4" (21.3 x 27.3 cm)","Gift of The Howard Gilman Foundation",1189.2000,Architecture,"Architecture & Design",2000-10-31,yes,800,https://www.moma.org/collection/works/800,https://www.moma.org/media/W1siZiIsIjUzMDA4NSJdLFsicCIsImNvbnZlcnQiLCItcmVzaXplIDEwMjR4MTAyNFx1MDAzZSJdXQ.jpg?sha=5fa4e3404d6ab19f,NULL,NULL,NULL,NULL,21.30,NULL,NULL,27.30,NULL,NULL
"African Proposals, project, Perspective","Yona Friedman",8109,"(French, 1923–2020)",(French),(1923),(2020),(male),1959,"Ink and watercolor on tracing paper","19 x 25 3/8" (48.3 x 64.5 cm)","Gift of The Howard Gilman Foundation",1191.2000,Architecture,"Architecture & Design",2000-10-31,yes,802,https://www.moma.org/collection/works/802,https://www.moma.org/media/W1siZiIsIjUzMDA5MCJdLFsicCIsImNvbnZlcnQiLCItcmVzaXplIDEwMjR4MTAyNFx1MDAzZSJdXQ.jpg?sha=3854114695571f1a,NULL,NULL,NULL,NULL,48.30,NULL,NULL,64.50,NULL,NULL
"A Minimum Dymaxion Home project (Elevation, axonometric, and plan)","R. Buckminster Fuller",2030,"(American, 1895–1983)",(American),(1895),(1983),(male),1927,"Graphite on paper","32 7/8 x 19" (83.5 x 48.3 cm)","Gift of The Howard Gilman Foundation",1193.2000,Architecture,"Architecture & Design",2000-10-31,yes,804,https://www.moma.org/collection/works/804,https://www.moma.org/media/W1siZiIsIjUzMDA5NCJdLFsicCIsImNvbnZlcnQiLCItcmVzaXplIDEwMjR4MTAyNFx1MDAzZSJdXQ.jpg?sha=8f30c868a6ab8df9,NULL,NULL,NULL,NULL,83.50,NULL,NULL,48.30,NULL,NULL
"Dymaxion House project (Plan)","R. Buckminster Fuller",2030,"(American, 1895–1983)",(American),(1895),(1983),(male),"c. 1927","Pencil, watercolor, and metallic ink on tracing paper","10 3/4 x 10" (27.3 x 25.4 cm) (irreg.)","Gift of The Howard Gilman Foundation",1194.2000,Architecture,"Architecture & Design",2000-10-31,yes,805,https://www.moma.org/collection/works/805,https://www.moma.org/media/W1siZiIsIjQ0MDA0NiJdLFsicCIsImNvbnZlcnQiLCItcmVzaXplIDEwMjR4MTAyNFx1MDAzZSJdXQ.jpg?sha=a04705b9ba8d7efc,NULL,NULL,NULL,NULL,27.31,NULL,NULL,25.40,NULL,NULL
"Dymaxion House project (Plan, deck-tensioning pattern)","R. Buckminster Fuller",2030,"(American, 1895–1983)",(American),(1895),(1983),(male),1927-29,"Pencil and ink on paper with tape","10 x 13 1/2" (25.4 x 34.3)","Gift of The Howard Gilman Foundation",1195.2000.a-b,Architecture,"Architecture & Design",2000-10-31,yes,806,https://www.moma.org/collection/works/806,https://www.moma.org/media/W1siZiIsIjIxMTk5MCJdLFsicCIsImNvbnZlcnQiLCItcmVzaXplIDEwMjR4MTAyNFx1MDAzZSJdXQ.jpg?sha=e2a0f02fc5f23227,NULL,NULL,NULL,NULL,25.40,NULL,NULL,34.29,NULL,NULL
"Proposed Dymaxion Hanging Restaurant for Romany Marie, project, Sketch","R. Buckminster Fuller",2030,"(American, 1895–1983)",(American),(1895),(1983),(male),1929,"Graphite and ink on tracing paper","16 5/8 x 13 7/8" (42.2 x 35.2 cm)","Gift of The Howard Gilman Foundation",1196.2000,Architecture,"Architecture & Design",2000-10-31,yes,807,https://www.moma.org/collection/works/807,https://www.moma.org/media/W1siZiIsIjUzMDA5OCJdLFsicCIsImNvbnZlcnQiLCItcmVzaXplIDEwMjR4MTAyNFx1MDAzZSJdXQ.jpg?sha=748517806fe4cad6,NULL,NULL,NULL,NULL,NULL,NULL,NULL,NULL,NULL,NULL
"Dymaxion House, project (Perspective)","R. Buckminster Fuller",2030,"(American, 1895–1983)",(American),(1895),(1983),(male),1930,"Crayon on paper","16 x 11 3/4" (40.6 x 29.8 cm)","Gift of The Howard Gilman Foundation",1197.2000,Architecture,"Architecture & Design",2000-10-31,yes,808,https://www.moma.org/collection/works/808,https://www.moma.org/media/W1siZiIsIjUzMDEwMCJdLFsicCIsImNvbnZlcnQiLCItcmVzaXplIDEwMjR4MTAyNFx1MDAzZSJdXQ.jpg?sha=29efa575a556f900,NULL,NULL,NULL,NULL,40.64,NULL,NULL,29.85,NULL,NULL
"A Dymaxion Home project (Elevation, axonometric, and plan)","R. Buckminster Fuller",2030,"(American, 1895–1983)",(American),(1895),(1983),(male),"c. 1930","Graphite and watercolor on diazotype","22 1/2 x 12 1/4" (57.2 x 31.1 cm)","Gift of The Howard Gilman Foundation",1198.2000,Architecture,"Architecture & Design",2000-10-31,yes,809,https://www.moma.org/collection/works/809,https://www.moma.org/media/W1siZiIsIjQ0NDQ4NCJdLFsicCIsImNvbnZlcnQiLCItcmVzaXplIDEwMjR4MTAyNFx1MDAzZSJdXQ.jpg?sha=c8482abe07194dd0,NULL,NULL,NULL,NULL,57.15,NULL,NULL,31.12,NULL,NULL
"Wall House 2 (A. E. Bye House) Project , Ridgefield, Connecticut (Isometric)","John Hejduk",2581,"(American, 1929–2000)",(American),(1929),(2000),(male),1973,"Crayon on sepia diazotype","28 x 40 1/8" (71.1 x 101.9 cm)","Gift of The Howard Gilman Foundation",1199.2000,Architecture,"Architecture & Design",2000-10-31,yes,810,https://www.moma.org/collection/works/810,https://www.moma.org/media/W1siZiIsIjUzMDEwMyJdLFsicCIsImNvbnZlcnQiLCItcmVzaXplIDEwMjR4MTAyNFx1MDAzZSJdXQ.jpg?sha=15778780ce310edf,NULL,NULL,2.50,NULL,72.40,NULL,NULL,103.20,NULL,NULL
"Wall House 2 (A. E. Bye House) Project , Ridgefield, Connecticut (Isometric)","John Hejduk",2581,"(American, 1929–2000)",(American),(1929),(2000),(male),1973,"Crayon on sepia diazotype","28 x 40 1/8" (71.1 x 101.9 cm)","Gift of The Howard Gilman Foundation",1200.2000,Architecture,"Architecture & Design",2000-10-31,yes,811,https://www.moma.org/collection/works/811,https://www.moma.org/media/W1siZiIsIjUzMDEwNyJdLFsicCIsImNvbnZlcnQiLCItcmVzaXplIDEwMjR4MTAyNFx1MDAzZSJdXQ.jpg?sha=b4ea6f6c847949bd,NULL,NULL,2.50,NULL,72.40,NULL,NULL,103.20,NULL,NULL
"Wall House 2 (A. E. Bye House) Project, Ridgefield, Connecticut (Combined elevation and plan)","John Hejduk",2581,"(American, 1929–2000)",(American),(1929),(2000),(male),1973,"Color pencil and graphite on tracing paper on board","8 x 8 1/8" (20.3  x 20.6 cm)","Gift of The Howard Gilman Foundation",1201.2000,Architecture,"Architecture & Design",2000-10-31,yes,812,https://www.moma.org/collection/works/812,https://www.moma.org/media/W1siZiIsIjUzMDEwOSJdLFsicCIsImNvbnZlcnQiLCItcmVzaXplIDEwMjR4MTAyNFx1MDAzZSJdXQ.jpg?sha=9875e5555185ef18,NULL,NULL,NULL,NULL,33.00,NULL,NULL,32.70,NULL,NULL
"Cities: Moving, Master Vehicle-Habitation Project, Aerial Perspective","Ron Herron",8113,"(British, 1930–1994)",(British),(1930),(1994),(male),1964,"Ink and graphite on tracing paper","21 3/4 x 32 3/4" (55.2 x 83.2 cm)","Gift of The Howard Gilman Foundation",1202.2000,Architecture,"Architecture & Design",2000-10-31,yes,813,https://www.moma.org/collection/works/813,https://www.moma.org/media/W1siZiIsIjUzMDExMCJdLFsicCIsImNvbnZlcnQiLCItcmVzaXplIDEwMjR4MTAyNFx1MDAzZSJdXQ.jpg?sha=ddb7ee196620724a,NULL,NULL,NULL,NULL,55.20,NULL,NULL,83.20,NULL,NULL
"Walking City on the Ocean, project (Exterior perspective)","Ron Herron",8113,"(British, 1930–1994)",(British),(1930),(1994),(male),1966,"Cut-and-pasted printed and photographic papers and graphite covered with polymer sheet","11 1/2 x 17" (29.2 x 43.2 cm)
","Gift of The Howard Gilman Foundation",1203.2000,Architecture,"Architecture & Design",2000-10-31,yes,814,https://www.moma.org/collection/works/814,https://www.moma.org/media/W1siZiIsIjUzMDExMSJdLFsicCIsImNvbnZlcnQiLCItcmVzaXplIDEwMjR4MTAyNFx1MDAzZSJdXQ.jpg?sha=1f3fd9fe70c81120,NULL,NULL,NULL,NULL,29.20,NULL,NULL,43.20,NULL,NULL
"Joint Core System, project, Shinjuku, Tokyo, Japan (Elevation)","Arata Isozaki",2837,"(Japanese, born 1931)",(Japanese),(1931),NULL,(male),1960,"Ink and color pencil on paper","20 7/8 x 33 3/4" (53 x 85.7 cm)","Gift of The Howard Gilman Foundation",1204.2000,Architecture,"Architecture & Design",2000-10-31,yes,815,https://www.moma.org/collection/works/815,https://www.moma.org/media/W1siZiIsIjUzMDExMiJdLFsicCIsImNvbnZlcnQiLCItcmVzaXplIDEwMjR4MTAyNFx1MDAzZSJdXQ.jpg?sha=12404214ba8c4aa0,NULL,NULL,3.80,NULL,65.10,NULL,NULL,101.60,NULL,NULL
"Re-ruined Hiroshima, project, Hiroshima, Japan (Perspective)","Arata Isozaki",2837,"(Japanese, born 1931)",(Japanese),(1931),NULL,(male),1968,"Ink and gouache with cut-and-pasted gelatin silver print on gelatin silver print","13 7/8 x 36 7/8" (35.2 x 93.7 cm)","Gift of The Howard Gilman Foundation",1205.2000,Architecture,"Architecture & Design",2000-10-31,yes,816,https://www.moma.org/collection/works/816,https://www.moma.org/media/W1siZiIsIjIzMjMyMiJdLFsicCIsImNvbnZlcnQiLCItcmVzaXplIDEwMjR4MTAyNFx1MDAzZSJdXQ.jpg?sha=591a882727c5d2f4,NULL,NULL,3.20,NULL,43.80,NULL,NULL,101.60,NULL,NULL
"Roosevelt Island Redevelopment Project, New York, New York (Axonometric)","Rem Koolhaas, Elia Zenghelis","6956, 7558","(Dutch, born 1944) (British, born Greece 1937)","(Dutch) (British)","(1944) (1937)",NULL,"(male) (male)",1975,"Gouache and graphite on board","29 x 38 5/8" (73.7 x 98.1 cm)","Gift of The Howard Gilman Foundation",1207.2000,Architecture,"Architecture & Design",2000-10-31,yes,818,https://www.moma.org/collection/works/818,https://www.moma.org/media/W1siZiIsIjUzMDExNCJdLFsicCIsImNvbnZlcnQiLCItcmVzaXplIDEwMjR4MTAyNFx1MDAzZSJdXQ.jpg?sha=4caebed08b5fa4d5,NULL,NULL,4.40,NULL,83.80,NULL,NULL,108.60,NULL,NULL
"New Welfare Island Project, Roosevelt Island, New York, NY (Aerial perspective)","Rem Koolhaas, Zoe Zenghelis","6956, 7559","(Dutch, born 1944) (British, born Greece 1937)","(Dutch) (British)","(1944) (1937)",NULL,"(male) (female)","c. 1975-76","Gouache on paper","58 x 40" (147.3 x 101.6 cm)","Gift of The Howard Gilman Foundation",1208.2000,Architecture,"Architecture & Design",2000-10-31,yes,819,https://www.moma.org/collection/works/819,https://www.moma.org/media/W1siZiIsIjIxMTk5MyJdLFsicCIsImNvbnZlcnQiLCItcmVzaXplIDEwMjR4MTAyNFx1MDAzZSJdXQ.jpg?sha=667693b2b6081a74,NULL,NULL,3.80,NULL,160.00,NULL,NULL,114.90,NULL,NULL
"Welfare Palace Hotel Project, Roosevelt Island, New York, New York (Cutaway axonometric)","Rem Koolhaas, Madelon Vriesendorp","6956, 6957","(Dutch, born 1944) (Dutch, born 1945)","(Dutch) (Dutch)","(1944) (1945)",NULL,"(male) (female)",1976,"Gouache on paper","51 x 40 1/2" (129.5 x 102.9 cm)","Gift of The Howard Gilman Foundation",1209.2000,Architecture,"Architecture & Design",2000-10-31,yes,820,https://www.moma.org/collection/works/820,https://www.moma.org/media/W1siZiIsIjUzMDExNSJdLFsicCIsImNvbnZlcnQiLCItcmVzaXplIDEwMjR4MTAyNFx1MDAzZSJdXQ.jpg?sha=11f3206f8f17987f,NULL,NULL,5.10,NULL,137.20,NULL,NULL,110.80,NULL,NULL
"House for Rita, project, Perspective and plan","Leon Krier",3250,"(Luxembourger, born 1946)",(Luxembourger),(1946),NULL,(male),1974,"Ink on paper","8 1/4 x 8 1/4" (21 x 21 cm)","Gift of The Howard Gilman Foundation",1210.2000,Architecture,"Architecture & Design",2000-10-31,yes,821,https://www.moma.org/collection/works/821,https://www.moma.org/media/W1siZiIsIjUzMDExNiJdLFsicCIsImNvbnZlcnQiLCItcmVzaXplIDEwMjR4MTAyNFx1MDAzZSJdXQ.jpg?sha=5ff37217eb91473e,NULL,NULL,NULL,NULL,20.96,NULL,NULL,20.96,NULL,NULL
"House for Rita, project, Perspective","Leon Krier",3250,"(Luxembourger, born 1946)",(Luxembourger),(1946),NULL,(male),1974,"Ink on paper with gouache","3 3/4 x 8 1/4" (9.5 x 21 cm)","Gift of The Howard Gilman Foundation",1211.2000,Architecture,"Architecture & Design",2000-10-31,yes,822,https://www.moma.org/collection/works/822,https://www.moma.org/media/W1siZiIsIjUzMDExNyJdLFsicCIsImNvbnZlcnQiLCItcmVzaXplIDEwMjR4MTAyNFx1MDAzZSJdXQ.jpg?sha=a6e1f4b799b249ce,NULL,NULL,3.80,NULL,59.70,NULL,NULL,42.50,NULL,NULL
"House for Rita, project, Elevation","Leon Krier",3250,"(Luxembourger, born 1946)",(Luxembourger),(1946),NULL,(male),1974,"Ink on paper","4 x 11 5/8" (10.2 x 29.5 cm)","Gift of The Howard Gilman Foundation",1212.2000,Architecture,"Architecture & Design",2000-10-31,yes,823,https://www.moma.org/collection/works/823,https://www.moma.org/media/W1siZiIsIjUzMDExOCJdLFsicCIsImNvbnZlcnQiLCItcmVzaXplIDEwMjR4MTAyNFx1MDAzZSJdXQ.jpg?sha=554be32de77e947c,NULL,NULL,3.80,NULL,59.70,NULL,NULL,42.50,NULL,NULL
"Labyrinth City, project, Aerial perspective and section","Leon Krier",3250,"(Luxembourger, born 1946)",(Luxembourger),(1946),NULL,(male),1971,"Ink with gouache on paper","11 5/8 x 8 1/4" (29.5 x 21 cm)","Gift of The Howard Gilman Foundation",1213.2000,Architecture,"Architecture & Design",2000-10-31,yes,824,https://www.moma.org/collection/works/824,https://www.moma.org/media/W1siZiIsIjIxMTk5NCJdLFsicCIsImNvbnZlcnQiLCItcmVzaXplIDEwMjR4MTAyNFx1MDAzZSJdXQ.jpg?sha=5f19f0d7027e68cf,NULL,NULL,NULL,NULL,43.90,NULL,NULL,85.40,NULL,NULL
"House without Rooms, project, Aerial perspective","Leon Krier",3250,"(Luxembourger, born 1946)",(Luxembourger),(1946),NULL,(male),1972,"Ink on paper","11 3/4 x 8 1/4" (29.8 x 21 cm)","Gift of The Howard Gilman Foundation",1214.2000,Architecture,"Architecture & Design",2000-10-31,yes,825,https://www.moma.org/collection/works/825,https://www.moma.org/media/W1siZiIsIjIxMTk5NSJdLFsicCIsImNvbnZlcnQiLCItcmVzaXplIDEwMjR4MTAyNFx1MDAzZSJdXQ.jpg?sha=90822b82eec6aacb,NULL,NULL,NULL,NULL,43.80,NULL,NULL,85.40,NULL,NULL
"House for Colin Rowe Project (Aerial axonometric view)","Leon Krier",3250,"(Luxembourger, born 1946)",(Luxembourger),(1946),NULL,(male),1975,"Ink with gouache on paper","11 x 8 1/4" (27.9 x 21 cm)","Gift of The Howard Gilman Foundation",1215.2000,Architecture,"Architecture & Design",2000-10-31,yes,826,https://www.moma.org/collection/works/826,https://www.moma.org/media/W1siZiIsIjUzMDEyMSJdLFsicCIsImNvbnZlcnQiLCItcmVzaXplIDEwMjR4MTAyNFx1MDAzZSJdXQ.jpg?sha=e3b9802db6a1559d,NULL,NULL,NULL,NULL,43.80,NULL,NULL,85.40,NULL,NULL
"Fountain House, project, Section A-A","Jorge Silvetti, Rodolfo Machado","8130, 8114","(American, born Argentina 1942) (American, born Argentina 1942)","(American) (American)","(1942) (1942)",NULL,"(male) (male)",1975,"Ink, self-adhesive lettering, and graphite on frosted polymer sheet","24 x 36" (61 x 91.4 cm)","Gift of The Howard Gilman Foundation",1216.2000,Architecture,"Architecture & Design",2000-10-31,yes,827,https://www.moma.org/collection/works/827,https://www.moma.org/media/W1siZiIsIjUzMDEyMiJdLFsicCIsImNvbnZlcnQiLCItcmVzaXplIDEwMjR4MTAyNFx1MDAzZSJdXQ.jpg?sha=55f216256befc31d,NULL,NULL,NULL,NULL,60.96,NULL,NULL,91.44,NULL,NULL
"Fountain House, Generative Geometries, project, Plan","Rodolfo Machado, Jorge Silvetti","8114, 8130","(American, born Argentina 1942) (American, born Argentina 1942)","(American) (American)","(1942) (1942)",NULL,"(male) (male)",1975,"Ink on polymer sheet","41 3/4 x 32 1/4" (106 x 81.9 cm)","Gift of The Howard Gilman Foundation",1217.2000,Architecture,"Architecture & Design",2000-10-31,yes,828,https://www.moma.org/collection/works/828,https://www.moma.org/media/W1siZiIsIjUzMDEyNCJdLFsicCIsImNvbnZlcnQiLCItcmVzaXplIDEwMjR4MTAyNFx1MDAzZSJdXQ.jpg?sha=ea72117bf9e49b22,NULL,NULL,NULL,NULL,106.00,NULL,NULL,81.90,NULL,NULL
"Housing, project (Elevation)","Alessandro Mendini",3925,"(Italian, born 1931)",(Italian),(1931),NULL,(male),1971,"Printed polymer sheet with tape on lithograph","19 7/8 x 22 1/4" (50.5 x 56.5 cm)","Gift of The Howard Gilman Foundation",1218.2000,Architecture,"Architecture & Design",2000-10-31,yes,829,https://www.moma.org/collection/works/829,https://www.moma.org/media/W1siZiIsIjUzMDEyNiJdLFsicCIsImNvbnZlcnQiLCItcmVzaXplIDEwMjR4MTAyNFx1MDAzZSJdXQ.jpg?sha=d438a6a11dd8c9d5,NULL,NULL,NULL,NULL,50.48,NULL,NULL,56.52,NULL,NULL
"Housing, project (Elevation)","Alessandro Mendini",3925,"(Italian, born 1931)",(Italian),(1931),NULL,(male),1971,"Printed polymer sheet with tape on lithograph","20 x 22 1/2" (50.8 x 57.2 cm)","Gift of The Howard Gilman Foundation",1219.2000,Architecture,"Architecture & Design",2000-10-31,yes,830,https://www.moma.org/collection/works/830,https://www.moma.org/media/W1siZiIsIjUzMDEyOCJdLFsicCIsImNvbnZlcnQiLCItcmVzaXplIDEwMjR4MTAyNFx1MDAzZSJdXQ.jpg?sha=6e6bb571b6068c32,NULL,NULL,NULL,NULL,50.80,NULL,NULL,57.15,NULL,NULL
"Take-Off, project (Perspective)","Max Peintner",8115,"(Austrian, born 1937)",(Austrian),(1937),NULL,(male),1974,"Pencil on paper","24 1/2 x 34 5/8" (62.2 x 87.9 cm)","Gift of The Howard Gilman Foundation",1220.2000,Architecture,"Architecture & Design",2000-10-31,yes,831,https://www.moma.org/collection/works/831,https://www.moma.org/media/W1siZiIsIjUzMDEzMSJdLFsicCIsImNvbnZlcnQiLCItcmVzaXplIDEwMjR4MTAyNFx1MDAzZSJdXQ.jpg?sha=5404ed15429e99d9,NULL,NULL,NULL,NULL,49.50,NULL,NULL,71.10,NULL,NULL
"The Period of Great Contaminations: Housing Unit for Two People, project, Axonometric section","Gaetano Pesce",4570,"(Italian, 1939 - 2024)",(Italian),(1939),(2024),(male),1971,"Goache, watercolor, and graphite with scoring on paper","39 1/4 x 26 3/4" (99.7 x 67.9 cm)","Gift of The Howard Gilman Foundation",1221.2000,Architecture,"Architecture & Design",2000-10-31,yes,832,https://www.moma.org/collection/works/832,https://www.moma.org/media/W1siZiIsIjIxMjI1MyJdLFsicCIsImNvbnZlcnQiLCItcmVzaXplIDEwMjR4MTAyNFx1MDAzZSJdXQ.jpg?sha=03c6ef7ab08d2108,NULL,NULL,NULL,NULL,99.70,NULL,NULL,67.90,NULL,NULL
"The Period of Great Contaminations: Housing Unit for Two People, project","Gaetano Pesce",4570,"(Italian, 1939 - 2024)",(Italian),(1939),(2024),(male),1971,"Gouache, watercolor and graphite on paper","39 3/8 x 26 3/4" (100 x 67.9 cm)","Gift of The Howard Gilman Foundation",1222.2000,Architecture,"Architecture & Design",2000-10-31,yes,833,https://www.moma.org/collection/works/833,https://www.moma.org/media/W1siZiIsIjUzMDEzNCJdLFsicCIsImNvbnZlcnQiLCItcmVzaXplIDEwMjR4MTAyNFx1MDAzZSJdXQ.jpg?sha=f560a4b98b6bb61c,NULL,NULL,NULL,NULL,100.01,NULL,NULL,67.95,NULL,NULL
"Church of Solitude Project, New York, NY (Transverse section)","Gaetano Pesce",4570,"(Italian, 1939 - 2024)",(Italian),(1939),(2024),(male),1974–1977,"Watercolor, colored ink, and pencil on paper","59 1/4 x 59" (150.5 x 149.9 cm)","Gift of The Howard Gilman Foundation",1223.2000,Architecture,"Architecture & Design",2000-10-31,yes,834,https://www.moma.org/collection/works/834,https://www.moma.org/media/W1siZiIsIjIxMjI1NCJdLFsicCIsImNvbnZlcnQiLCItcmVzaXplIDEwMjR4MTAyNFx1MDAzZSJdXQ.jpg?sha=8d0fa22d3e72447f,NULL,NULL,5.10,NULL,158.80,NULL,NULL,158.80,NULL,NULL
"Church of Solitude Project, New York, New York, Plan","Gaetano Pesce",4570,"(Italian, 1939 - 2024)",(Italian),(1939),(2024),(male),1974-77,"Watercolor, ink and colored ink, gouache and graphite on paper","42 1/2 x 58 5/8" (108 x 148.9 cm)","Gift of The Howard Gilman Foundation",1224.2000,Architecture,"Architecture & Design",2000-10-31,yes,835,https://www.moma.org/collection/works/835,https://www.moma.org/media/W1siZiIsIjUzMDEzNiJdLFsicCIsImNvbnZlcnQiLCItcmVzaXplIDEwMjR4MTAyNFx1MDAzZSJdXQ.jpg?sha=ced49ed56f322214,NULL,NULL,3.80,NULL,155.60,NULL,NULL,114.60,NULL,NULL
"Church of Solitude Project, New York, New York, Longitudinal section","Gaetano Pesce",4570,"(Italian, 1939 - 2024)",(Italian),(1939),(2024),(male),1974-77,"Watercolor, ink, colored ink, gouache, and graphite on paper","42 1/4 x 58 5/8" (107.3 x 148.9 cm)","Gift of The Howard Gilman Foundation",1225.2000,Architecture,"Architecture & Design",2000-10-31,yes,836,https://www.moma.org/collection/works/836,https://www.moma.org/media/W1siZiIsIjUzMDEzNyJdLFsicCIsImNvbnZlcnQiLCItcmVzaXplIDEwMjR4MTAyNFx1MDAzZSJdXQ.jpg?sha=27de92024f3e8291,NULL,NULL,3.80,NULL,114.60,NULL,NULL,155.00,NULL,NULL
"Observatory Project, Perspective","Walter Pichler",4612,"(Austrian, 1936–2012)",(Austrian),(1936),(2012),(male),1974,"Graphite on illustration board","24 1/2 x 34 1/2" (62.2 x 87.6 cm)","Gift of The Howard Gilman Foundation",1226.2000,Architecture,"Architecture & Design",2000-10-31,yes,837,https://www.moma.org/collection/works/837,https://www.moma.org/media/W1siZiIsIjUzMDEzOCJdLFsicCIsImNvbnZlcnQiLCItcmVzaXplIDEwMjR4MTAyNFx1MDAzZSJdXQ.jpg?sha=36c962b11afdd0ae,NULL,NULL,3.20,NULL,79.70,NULL,NULL,103.50,NULL,NULL
"Pillars under the Shed Project, Aerial perspective","Walter Pichler",4612,"(Austrian, 1936–2012)",(Austrian),(1936),(2012),(male),1975,"Ink, colored ink, and graphite on paper","13 3/8 x 19 1/4" (34 x 48.9 cm)","Gift of The Howard Gilman Foundation",1227.2000,Architecture,"Architecture & Design",2000-10-31,yes,838,https://www.moma.org/collection/works/838,https://www.moma.org/media/W1siZiIsIjUzMDEzOSJdLFsicCIsImNvbnZlcnQiLCItcmVzaXplIDEwMjR4MTAyNFx1MDAzZSJdXQ.jpg?sha=a3133d24ce57ca88,NULL,NULL,NULL,NULL,34.00,NULL,NULL,48.90,NULL,NULL
"Two Rooms Project, Perspective and plan","Walter Pichler",4612,"(Austrian, 1936–2012)",(Austrian),(1936),(2012),(male),1975,"Ink, graphite, and color pencil on paper","19 1/8 x 27" (48.6 x 68.6 cm)","Gift of The Howard Gilman Foundation",1228.2000,Architecture,"Architecture & Design",2000-10-31,yes,839,https://www.moma.org/collection/works/839,https://www.moma.org/media/W1siZiIsIjUzMDE0MCJdLFsicCIsImNvbnZlcnQiLCItcmVzaXplIDEwMjR4MTAyNFx1MDAzZSJdXQ.jpg?sha=6e6a46da8c554bd3,NULL,NULL,NULL,NULL,48.58,NULL,NULL,68.58,NULL,NULL
"Large Figure with an Organ Project, Axonometric","Walter Pichler",4612,"(Austrian, 1936–2012)",(Austrian),(1936),(2012),(male),1977,"Graphite and watercolor on paper","24 x 33 3/4" (61 x 85.7 cm)","Gift of The Howard Gilman Foundation",1229.2000,Architecture,"Architecture & Design",NULL,yes,840,https://www.moma.org/collection/works/840,https://www.moma.org/media/W1siZiIsIjUzMDE0MSJdLFsicCIsImNvbnZlcnQiLCItcmVzaXplIDEwMjR4MTAyNFx1MDAzZSJdXQ.jpg?sha=99ebc78096c8d3b4,NULL,NULL,NULL,NULL,60.96,NULL,NULL,85.73,NULL,NULL
"Fun Palace for Joan Littlewood Project, Stratford East, London, England (Perspective)","Cedric Price",7986,"(British, 1934–2003)",(British),(1934),(2003),(male),1959–1961,"Felt-tipped pen, ink, graphite, crayon and ink stamp on tracing paper with tape","6 1/2 x 15 7/8" (16.5 x 40.3 cm)","Gift of The Howard Gilman Foundation",1231.2000,Architecture,"Architecture & Design",2000-10-31,yes,842,https://www.moma.org/collection/works/842,https://www.moma.org/media/W1siZiIsIjUzMDE0NCJdLFsicCIsImNvbnZlcnQiLCItcmVzaXplIDEwMjR4MTAyNFx1MDAzZSJdXQ.jpg?sha=24af400a2633c6be,NULL,NULL,2.50,NULL,28.60,NULL,NULL,51.40,NULL,NULL
"Fun Palace for Joan Littlewood Project, Stratford East, London, England (Aerial perspective from cockpit)","Cedric Price",7986,"(British, 1934–2003)",(British),(1934),(2003),(male),1959–1961,"Cut-and-pasted painted paper on gelatin silver print with white ink","8 3/4 x 10 1/2" (22.2 x 26.7 cm)","Gift of The Howard Gilman Foundation",1233.2000,Architecture,"Architecture & Design",NULL,yes,844,https://www.moma.org/collection/works/844,https://www.moma.org/media/W1siZiIsIjUzMDE0NiJdLFsicCIsImNvbnZlcnQiLCItcmVzaXplIDEwMjR4MTAyNFx1MDAzZSJdXQ.jpg?sha=10966a01b3c291cb,NULL,NULL,NULL,NULL,22.23,NULL,NULL,26.67,NULL,NULL
"Fun Palace for Joan Littlewood Project, Stratford East, London, England (Perspective)","Cedric Price",7986,"(British, 1934–2003)",(British),(1934),(2003),(male),1959–1961,"Ink, crayon, and graphite on gelatin silver print, with self-adhesive paper dot","13 1/2 x 26 1/2" (34.3 x 67.3 cm)","Gift of The Howard Gilman Foundation",1234.2000,Architecture,"Architecture & Design",2000-10-31,yes,845,https://www.moma.org/collection/works/845,https://www.moma.org/media/W1siZiIsIjUzMDE0NyJdLFsicCIsImNvbnZlcnQiLCItcmVzaXplIDEwMjR4MTAyNFx1MDAzZSJdXQ.jpg?sha=a6553df7a17ed902,NULL,NULL,NULL,NULL,34.29,NULL,NULL,67.31,NULL,NULL
"Fun Palace for Joan Littlewood Project, Stratford East, London, England (Storyboard for film and sketches)","Cedric Price",7986,"(British, 1934–2003)",(British),(1934),(2003),(male),1959–1961,"Felt-tipped pen, graphite, crayon, and ink stamps on diazotype","15 x 27 1/2" (38.1 x 69.9 cm)","Gift of The Howard Gilman Foundation",1235.2000,Architecture,"Architecture & Design",2000-10-31,yes,846,https://www.moma.org/collection/works/846,https://www.moma.org/media/W1siZiIsIjUzMDE0OCJdLFsicCIsImNvbnZlcnQiLCItcmVzaXplIDEwMjR4MTAyNFx1MDAzZSJdXQ.jpg?sha=bc70d1c6d17d3937,NULL,NULL,NULL,NULL,38.10,NULL,NULL,69.85,NULL,NULL
"Potteries Thinkbelt Project, Staffordshire, England (Perspective of Mobile Teaching Machines
[cover design for the October, 1966 issue of the journal Architectural Design])","Cedric Price",7986,"(British, 1934–2003)",(British),(1934),(2003),(male),1964–1966,"Self-adhesive printed polymer sheets with ink and graphite on tracing paper, with self-adhesive paper dots","12 1/4 x 11" (31.1 x 27.9 cm)","Gift of The Howard Gilman Foundation",1237.2000,Architecture,"Architecture & Design",2000-10-31,yes,848,https://www.moma.org/collection/works/848,https://www.moma.org/media/W1siZiIsIjUzMDE1MCJdLFsicCIsImNvbnZlcnQiLCItcmVzaXplIDEwMjR4MTAyNFx1MDAzZSJdXQ.jpg?sha=3397575422299317,NULL,NULL,2.50,NULL,45.40,NULL,NULL,42.20,NULL,NULL
"Potteries Thinkbelt Project, Staffordshire, England (Perspective of Madeley Transfer Area)","Cedric Price",7986,"(British, 1934–2003)",(British),(1934),(2003),(male),1964–1966,"Ink and white ink on selectively abraded gelatin silver print, mounted on board with self-adhesive paper dot","7 1/4 x 14 3/8" (18.4 x 36.5 cm)","Gift of The Howard Gilman Foundation",1238.2000,Architecture,"Architecture & Design",2000-10-31,yes,849,https://www.moma.org/collection/works/849,https://www.moma.org/media/W1siZiIsIjUzMDE1MSJdLFsicCIsImNvbnZlcnQiLCItcmVzaXplIDEwMjR4MTAyNFx1MDAzZSJdXQ.jpg?sha=686c11454d2abc1a,NULL,NULL,NULL,NULL,18.42,NULL,NULL,36.51,NULL,NULL
"Potteries Thinkbelt Project, Staffordshire, England (Perspective of Battery, Sprawl, and Capsule Housing, Hanley Site)","Cedric Price",7986,"(British, 1934–2003)",(British),(1934),(2003),(male),1964–1966,"Ink and crayon on selectively abraded gelatin silver prints, mounted on board","6 3/8 x 16 7/8" (16.2 x 42.9 cm)","Gift of The Howard Gilman Foundation",1239.2000,Architecture,"Architecture & Design",2000-10-31,yes,850,https://www.moma.org/collection/works/850,https://www.moma.org/media/W1siZiIsIjUzMDE1MiJdLFsicCIsImNvbnZlcnQiLCItcmVzaXplIDEwMjR4MTAyNFx1MDAzZSJdXQ.jpg?sha=c8f17a59c7691665,NULL,NULL,NULL,NULL,16.19,NULL,NULL,42.86,NULL,NULL
"Potteries Thinkbelt Project, Staffordshire, England (Perspective of Pitts Hill, North Transfer Area)","Cedric Price",7986,"(British, 1934–2003)",(British),(1934),(2003),(male),1964–1966,"Ink, color pencil, and graphite on tracing paper, with self-adhesive paper dot","8 3/4 x 17 1/2" (22.2 x 44.5 cm)","Gift of The Howard Gilman Foundation",1240.2000,Architecture,"Architecture & Design",2000-10-31,yes,851,https://www.moma.org/collection/works/851,https://www.moma.org/media/W1siZiIsIjUzMDE1NCJdLFsicCIsImNvbnZlcnQiLCItcmVzaXplIDEwMjR4MTAyNFx1MDAzZSJdXQ.jpg?sha=a05396116d282156,NULL,NULL,NULL,NULL,22.23,NULL,NULL,44.45,NULL,NULL
"Potteries Thinkbelt Project, Staffordshire, England (Axonometric of Madeley Transfer Area)","Cedric Price",7986,"(British, 1934–2003)",(British),(1934),(2003),(male),1964–1966,"Ink and ink stamp on tracing paper","24 x 34" (61 x 86.4 cm)","Gift of The Howard Gilman Foundation",1241.2000,Architecture,"Architecture & Design",2000-10-31,yes,852,https://www.moma.org/collection/works/852,https://www.moma.org/media/W1siZiIsIjUzMDE1NSJdLFsicCIsImNvbnZlcnQiLCItcmVzaXplIDEwMjR4MTAyNFx1MDAzZSJdXQ.jpg?sha=5eca2da5e8c0d5de,NULL,NULL,3.80,NULL,76.80,NULL,NULL,101.60,NULL,NULL
"Potteries Thinkbelt Project, Staffordshire, England (Sketches of Pitts Hill, Early Transfer Area)","Cedric Price",7986,"(British, 1934–2003)",(British),(1934),(2003),(male),1964–1966,"Ink, color ink, and color pencil on tracing paper","19 5/8 x 29 7/8" (49.8 x 75.9 cm)","Gift of The Howard Gilman Foundation",1242.2000,Architecture,"Architecture & Design",2000-10-31,yes,853,https://www.moma.org/collection/works/853,https://www.moma.org/media/W1siZiIsIjUzMDE1NiJdLFsicCIsImNvbnZlcnQiLCItcmVzaXplIDEwMjR4MTAyNFx1MDAzZSJdXQ.jpg?sha=e13050d5718b2ce7,NULL,NULL,3.80,NULL,66.70,NULL,NULL,92.70,NULL,NULL
"Potteries Thinkbelt Project, Staffordshire, England (Plan of Desire Lines-Physical and Mental Exchange)","Cedric Price",7986,"(British, 1934–2003)",(British),(1934),(2003),(male),1964–1966,"Ink and ink stamp on diazotype","23 3/4 x 33 1/8" (60.3 x 84.1 cm)","Gift of The Howard Gilman Foundation",1243.2000,Architecture,"Architecture & Design",2000-10-31,yes,854,https://www.moma.org/collection/works/854,https://www.moma.org/media/W1siZiIsIjUzMDE1NyJdLFsicCIsImNvbnZlcnQiLCItcmVzaXplIDEwMjR4MTAyNFx1MDAzZSJdXQ.jpg?sha=bc20ff7dafca0c0b,NULL,NULL,NULL,NULL,60.33,NULL,NULL,84.14,NULL,NULL
"Perspective of Battery, Crate, and Capsule Housing, Longton Site","Cedric Price",7986,"(British, 1934–2003)",(British),(1934),(2003),(male),1964–1966,"Ink and graphite on gelatin silver print","6 5/8 x 29 5/8" (16.8 x 75.2 cm)","Gift of The Howard Gilman Foundation",1244.2000,Architecture,"Architecture & Design",2000-10-31,yes,855,https://www.moma.org/collection/works/855,https://www.moma.org/media/W1siZiIsIjUzMDE1OCJdLFsicCIsImNvbnZlcnQiLCItcmVzaXplIDEwMjR4MTAyNFx1MDAzZSJdXQ.jpg?sha=d2e22b0fc43620ab,NULL,NULL,3.80,NULL,34.90,NULL,NULL,91.80,NULL,NULL
"Potteries Thinkbelt Project, Staffordshire, England (Axonometric of Pitts Hill, Transfer Area)","Cedric Price",7986,"(British, 1934–2003)",(British),(1934),(2003),(male),1964–1966,"Ink and graphite with ink stamp and self-adhesive paper dot","24 5/8 x 34 1/4" (62.5 x 87 cm)","Gift of The Howard Gilman Foundation",1245.2000,Architecture,"Architecture & Design",2000-10-31,yes,856,https://www.moma.org/collection/works/856,https://www.moma.org/media/W1siZiIsIjUzMDE1OSJdLFsicCIsImNvbnZlcnQiLCItcmVzaXplIDEwMjR4MTAyNFx1MDAzZSJdXQ.jpg?sha=17aa59fc2eaffa47,NULL,NULL,3.80,NULL,76.80,NULL,NULL,101.60,NULL,NULL
"Generator Project, White Oak, Florida (Selection of Design Thoughts Used as Reminders within Office D)","Cedric Price",7986,"(British, 1934–2003)",(British),(1934),(2003),(male),1978–1980,"All media on heavy weight paper
.a: ink and graphite
.b: ink and color ink, and graphite
.c: ink and color ink
.d-.e: ink
.f-.g: ink and color ink and graphite
.h: ink and color ink
.i: ink","Each: 4 7/8 x 3" (12.4 x 7.6 cm)","Gift of The Howard Gilman Foundation",1246.2000.a-i,Architecture,"Architecture & Design",NULL,yes,857,https://www.moma.org/collection/works/857,https://www.moma.org/media/W1siZiIsIjUzMDE2MCJdLFsicCIsImNvbnZlcnQiLCItcmVzaXplIDEwMjR4MTAyNFx1MDAzZSJdXQ.jpg?sha=88b21cf5554d6b9a,NULL,NULL,NULL,NULL,12.40,NULL,NULL,7.60,NULL,NULL
"Generator Project, White Oak, Florida, Perspectives and sketches","Cedric Price",7986,"(British, 1934–2003)",(British),(1934),(2003),(male),1978–1980,".a, .c and .d: ink on paper
.b: ink on paper mounted on board",".a-.c: 3 5/8 x 5 5/8" (9.2 x 14.3 cm)
.d: 4 x 6" (10.2 x 15.2 cm)","Gift of The Howard Gilman Foundation",1247.2000.a-d,Architecture,"Architecture & Design",NULL,yes,858,https://www.moma.org/collection/works/858,https://www.moma.org/media/W1siZiIsIjUzMDE2MSJdLFsicCIsImNvbnZlcnQiLCItcmVzaXplIDEwMjR4MTAyNFx1MDAzZSJdXQ.jpg?sha=084a9a9e89aa2675,NULL,NULL,NULL,NULL,9.20,NULL,NULL,14.30,NULL,NULL
"Generator Project, White Oak, Florida (Perpsective sketch, "Spanning the Stepping Stones")","Cedric Price",7986,"(British, 1934–2003)",(British),(1934),(2003),(male),1978-80,"Ink, crayon, and graphite on paper","5 x 8 1/4" (12.7 x 21 cm)","Gift of The Howard Gilman Foundation",1248.2000,Architecture,"Architecture & Design",NULL,yes,859,https://www.moma.org/collection/works/859,https://www.moma.org/media/W1siZiIsIjUzMDE2MiJdLFsicCIsImNvbnZlcnQiLCItcmVzaXplIDEwMjR4MTAyNFx1MDAzZSJdXQ.jpg?sha=dea373f7cb7bb2f2,NULL,NULL,2.60,NULL,16.20,NULL,NULL,23.90,NULL,NULL
"Generator Project, White Oak, Florida, What's this? - a mushroom?, Perspective sketch","Cedric Price",7986,"(British, 1934–2003)",(British),(1934),(2003),(male),1979,"Ink, gouache, and crayon on paper","8 1/4 x 6 3/8" (21 x 16.2 cm)","Gift of The Howard Gilman Foundation",1249.2000,Architecture,"Architecture & Design",NULL,yes,860,https://www.moma.org/collection/works/860,https://www.moma.org/media/W1siZiIsIjUzMDE2MyJdLFsicCIsImNvbnZlcnQiLCItcmVzaXplIDEwMjR4MTAyNFx1MDAzZSJdXQ.jpg?sha=ae74eeb83b5afe81,NULL,NULL,1.00,NULL,21.90,NULL,NULL,17.20,NULL,NULL
"Generator Project, White Oak, Florida, Plan, elevation, and perspective","Cedric Price",7986,"(British, 1934–2003)",(British),(1934),(2003),(male),1978,"Ink and color ink on printed tracing paper","11 3/4 x 8 1/4" (29.8 x 21 cm)","Gift of The Howard Gilman Foundation",1250.2000,Architecture,"Architecture & Design",NULL,yes,861,https://www.moma.org/collection/works/861,https://www.moma.org/media/W1siZiIsIjUzMDE2NCJdLFsicCIsImNvbnZlcnQiLCItcmVzaXplIDEwMjR4MTAyNFx1MDAzZSJdXQ.jpg?sha=f4046253a99270c2,NULL,NULL,NULL,NULL,29.85,NULL,NULL,20.96,NULL,NULL
"Tetrahedron City Project, Yomiuriland, Japan (Aerial perspective)","R. Buckminster Fuller, Shoji Sadao","2030, 8135","(American, 1895–1983) (American, born 1927)","(American) (American)","(1895) (1927)","(1983) (0)","(male) (male)",c.1968,"Cut-and-pasted gelatin silver photograph on gelatin silver photograph with airbrush","11 x 14" (27.9 x 35.6 cm)","Gift of the architects",1251.1974,Architecture,"Architecture & Design",1974-11-06,yes,863,https://www.moma.org/collection/works/863,https://www.moma.org/media/W1siZiIsIjUyMDEyMyJdLFsicCIsImNvbnZlcnQiLCItcmVzaXplIDEwMjR4MTAyNFx1MDAzZSJdXQ.jpg?sha=f226bc4d1e8e65f3,NULL,NULL,NULL,NULL,27.90,NULL,NULL,35.60,NULL,NULL
"Generator Project, White Oak, Florida, Axonometric sketch","Cedric Price",7986,"(British, 1934–2003)",(British),(1934),(2003),(male),1978-80,"Ink on paper","10 x 12 7/8" (25.4 x 32.7 cm)","Gift of The Howard Gilman Foundation",1252.2000,Architecture,"Architecture & Design",NULL,yes,864,https://www.moma.org/collection/works/864,https://www.moma.org/media/W1siZiIsIjUzMDE2NiJdLFsicCIsImNvbnZlcnQiLCItcmVzaXplIDEwMjR4MTAyNFx1MDAzZSJdXQ.jpg?sha=8f2f88bee77b7941,NULL,NULL,NULL,NULL,25.40,NULL,NULL,32.70,NULL,NULL
"New York Birdcage-Imaginary Architecture, project, New York City, New York, Perspective from above and plan","Friedrich St. Florian",5580,"(American, born Austria 1932)",(American),(1932),NULL,(male),1968,"Colored pencil on architectural photo reproduction","33 1/2 x 35 1/8" (85.1 x 89.2 cm)","Philip Johnson Fund",1252.1974,Architecture,"Architecture & Design",1974-11-06,yes,865,https://www.moma.org/collection/works/865,https://www.moma.org/media/W1siZiIsIjUyMDEyNCJdLFsicCIsImNvbnZlcnQiLCItcmVzaXplIDEwMjR4MTAyNFx1MDAzZSJdXQ.jpg?sha=92e48b94a1f7e3f4,NULL,NULL,NULL,NULL,85.09,NULL,NULL,89.22,NULL,NULL
"Imaginary Icicles over the Charles River, Boston, MA","Friedrich St. Florian",5580,"(American, born Austria 1932)",(American),(1932),NULL,(male),1972,"Print on acetate","18 x 13" (45.7 x 33 cm)","Philip Johnson Fund",1253.1974,Architecture,"Architecture & Design",1974-11-06,yes,867,https://www.moma.org/collection/works/867,NULL,NULL,NULL,NULL,NULL,45.72,NULL,NULL,33.02,NULL,NULL
"Generator Project, White Oak, Florida, Sketch, "On St. Mary's River"","Cedric Price",7986,"(British, 1934–2003)",(British),(1934),(2003),(male),1978-80,"Watercolor and graphite on paper","6 1/8 x 4" (15.6 x 10.2 cm)","Gift of The Howard Gilman Foundation",1254.2000,Architecture,"Architecture & Design",NULL,yes,868,https://www.moma.org/collection/works/868,https://www.moma.org/media/W1siZiIsIjUzMDE2OCJdLFsicCIsImNvbnZlcnQiLCItcmVzaXplIDEwMjR4MTAyNFx1MDAzZSJdXQ.jpg?sha=2f45f51dc8cf0293,NULL,NULL,NULL,NULL,15.56,NULL,NULL,10.16,NULL,NULL
"Supersurface, The Happy Island, project","Superstudio, Gian Piero Frassinelli, Alessandro Magris, Roberto Magris, Adolfo Natalini, Cristiano Toraldo di Francia, Alessandro Poli","5733, 8222, 8220, 8221, 8223, 8224, 8228","(Italian, est. 1966–1982) (Italian, born 1939) (Italian, born 1941) (Italian, born 1935) (Italian, born 1941) (Italian, born 1941) (Italian, born 1941)","(Italian) (Italian) (Italian) (Italian) (Italian) (Italian) (Italian)","(1966) (1939) (1941) (1935) (1941) (1941) (1941)","(1982) (0) (0) (0) (0) (0) (0)","() (male) (male) (male) (male) (male) (male)",1971,"Ink, airbrush, graphite, and cut-and-pasted printed paper on paper","19 3/4 x 27 5/8" (50.2 x 70.2 cm)","Given anonymously",1254.1974,Architecture,"Architecture & Design",1974-11-06,yes,869,https://www.moma.org/collection/works/869,https://www.moma.org/media/W1siZiIsIjUyMDEyNSJdLFsicCIsImNvbnZlcnQiLCItcmVzaXplIDEwMjR4MTAyNFx1MDAzZSJdXQ.jpg?sha=ea81ddba008ba00e,NULL,NULL,NULL,NULL,50.20,NULL,NULL,70.20,NULL,NULL
"Generator Project, White Oak, Florida (Five Enclosures, Model and Baseboard)","Cedric Price",7986,"(British, 1934–2003)",(British),(1934),(2003),(male),1978-80,"Color electrostatic print mounted on board","6 3/8 x 9 1/2" (16.2 x 24.1 cm)","Gift of The Howard Gilman Foundation",1255.2000,Architecture,"Architecture & Design",NULL,yes,870,https://www.moma.org/collection/works/870,https://www.moma.org/media/W1siZiIsIjUzMDE2OSJdLFsicCIsImNvbnZlcnQiLCItcmVzaXplIDEwMjR4MTAyNFx1MDAzZSJdXQ.jpg?sha=215aa83990961905,NULL,NULL,NULL,NULL,16.20,NULL,NULL,24.10,NULL,NULL
"Variations and Interferences of 3 Non-Homogenous Grids in a 32 x 32 cm Square","Lauretta Vinciarelli",6168,"(Italian, 1943–2012)",(Italian),(1943),(2012),(female),c.1973,"Synthetic polymer paint on paper",NULL,"Philip Johnson Fund",1255.1974,Architecture,"Architecture & Design",1974-11-06,no,871,NULL,NULL,NULL,NULL,NULL,NULL,NULL,NULL,NULL,NULL,NULL,NULL
"Generator Project, White Oak, Florida, Full-Scale On-Site Mock-up (with Figure)","Cedric Price",7986,"(British, 1934–2003)",(British),(1934),(2003),(male),1978-80,"Color photograph","7 x 7" (17.8 x 17.8 cm)","Gift of The Howard Gilman Foundation",1256.2000,Architecture,"Architecture & Design",NULL,yes,872,https://www.moma.org/collection/works/872,https://www.moma.org/media/W1siZiIsIjUzMDE3MCJdLFsicCIsImNvbnZlcnQiLCItcmVzaXplIDEwMjR4MTAyNFx1MDAzZSJdXQ.jpg?sha=9eb4ba0ae6c38ef0,NULL,NULL,NULL,NULL,17.78,NULL,NULL,17.78,NULL,NULL
"Generator Project, White Oak, Florida, Perspective","Cedric Price",7986,"(British, 1934–2003)",(British),(1934),(2003),(male),1978-80,"Ink on paper with ink and color ink on cut-and-pasted paper, mounted on board","8 1/4 x 10 1/2" (21 x 26.7 cm)","Gift of The Howard Gilman Foundation",1257.2000,Architecture,"Architecture & Design",NULL,yes,873,https://www.moma.org/collection/works/873,https://www.moma.org/media/W1siZiIsIjUzMDE3MiJdLFsicCIsImNvbnZlcnQiLCItcmVzaXplIDEwMjR4MTAyNFx1MDAzZSJdXQ.jpg?sha=bdd1887f07011d5a,NULL,NULL,NULL,NULL,20.96,NULL,NULL,26.67,NULL,NULL
"Generator Project, White Oak, Florida, Computer Chip Containing Complete Generator Program","Cedric Price",7986,"(British, 1934–2003)",(British),(1934),(2003),(male),1978-80,"Computer chip in synthetic polymer box","Chip: 5/8 x 1 1/2 x 3/8" (1.8 x 3.8 x 1.5 cm) 
Box: 1 1/2 x 2 1/4 x 5/8" (3.8 x 5.7 x 1.8 cm)","Gift of The Howard Gilman Foundation",1258.2000,Architecture,"Architecture & Design",NULL,yes,874,https://www.moma.org/collection/works/874,https://www.moma.org/media/W1siZiIsIjIxMjI1NyJdLFsicCIsImNvbnZlcnQiLCItcmVzaXplIDEwMjR4MTAyNFx1MDAzZSJdXQ.jpg?sha=056219a2a21fb959,NULL,NULL,1.50,NULL,1.80,NULL,NULL,3.80,NULL,NULL
"Generator Project, White Oak, Florida, Plan and perspective sketches","Cedric Price",7986,"(British, 1934–2003)",(British),(1934),(2003),(male),1978-80,".a: ink and graphite on paper
.b: graphite on paper
.c: graphite and crayon on paper
.d: ink and graphtie on paper
.e: crayon and graphite on paper
.f: graphite on paper","Each: 2 3/8 x 3 5/8" (6 x 9.2 cm)","Gift of The Howard Gilman Foundation",1259.2000.a-f,Architecture,"Architecture & Design",NULL,yes,875,https://www.moma.org/collection/works/875,https://www.moma.org/media/W1siZiIsIjUzMDE3MyJdLFsicCIsImNvbnZlcnQiLCItcmVzaXplIDEwMjR4MTAyNFx1MDAzZSJdXQ.jpg?sha=0a42b728bf89bd10,NULL,NULL,2.50,NULL,19.10,NULL,NULL,35.60,NULL,NULL
"Generator Project, White Oak, Florida, Untitled","Cedric Price",7986,"(British, 1934–2003)",(British),(1934),(2003),(male),1978-80,"Cut-and-pasted printed papers with ink stamp on self-adhesive label, on paper with ink stamp","11 1/4 x 8 1/4" (28.6 x 21 cm)","Gift of The Howard Gilman Foundation",1260.2000,Architecture,"Architecture & Design",NULL,yes,876,https://www.moma.org/collection/works/876,https://www.moma.org/media/W1siZiIsIjUzMDE3NSJdLFsicCIsImNvbnZlcnQiLCItcmVzaXplIDEwMjR4MTAyNFx1MDAzZSJdXQ.jpg?sha=f1e75a4da8ecc9f5,NULL,NULL,NULL,NULL,28.58,NULL,NULL,20.96,NULL,NULL
"Generator Project, White Oak, Florida, Sketches","Cedric Price",7986,"(British, 1934–2003)",(British),(1934),(2003),(male),1978-80,"Mixed media on heavy weight paper
.1: ink
.2: ink
.3: ink and graphite
.4: ink and graphite
.5: ink, crayon and color crayon and graphite
.6: ink","Each: 3 x 5" (7.6 x 12.7 cm)","Gift of The Howard Gilman Foundation",1262.2000.a-f,Architecture,"Architecture & Design",NULL,yes,878,https://www.moma.org/collection/works/878,https://www.moma.org/media/W1siZiIsIjUzMDE3NyJdLFsicCIsImNvbnZlcnQiLCItcmVzaXplIDEwMjR4MTAyNFx1MDAzZSJdXQ.jpg?sha=1397f2d6cc38da26,NULL,NULL,NULL,NULL,7.62,NULL,NULL,12.70,NULL,NULL
"Generator Project, White Oak, Florida, Design Thoughts Used as Reminders within Office B","Cedric Price",7986,"(British, 1934–2003)",(British),(1934),(2003),(male),1977-1978,".a: ink and color ink on paper
.b: ink and color ink, and crayon on paper
.c: ink and color ink, crayon, and color crayon, and graphite on paper
.d: ink, graphite, crayon and color crayon on paper","Each: 7 x 5" (17.8 x 12.7 cm)","Gift of The Howard Gilman Foundation",1263.2000.a-d,Architecture,"Architecture & Design",2000-10-31,yes,879,https://www.moma.org/collection/works/879,https://www.moma.org/media/W1siZiIsIjIxMjAwOSJdLFsicCIsImNvbnZlcnQiLCItcmVzaXplIDEwMjR4MTAyNFx1MDAzZSJdXQ.jpg?sha=4db251c61d7c0904,NULL,NULL,NULL,NULL,17.80,NULL,NULL,12.70,NULL,NULL
"Generator Project, White Oak, Florida, Early combined site survey and initial proposals","Cedric Price",7986,"(British, 1934–2003)",(British),(1934),(2003),(male),1978-80,"Ink on paper","11 3/4 x 8 1/4" (29.8 x 21 cm)","Gift of The Howard Gilman Foundation",1264.2000,Architecture,"Architecture & Design",NULL,yes,880,https://www.moma.org/collection/works/880,https://www.moma.org/media/W1siZiIsIjUzMDE3OCJdLFsicCIsImNvbnZlcnQiLCItcmVzaXplIDEwMjR4MTAyNFx1MDAzZSJdXQ.jpg?sha=a3a8b7df6513d92e,NULL,NULL,2.60,NULL,30.50,NULL,NULL,22.00,NULL,NULL
"Generator Project, White Oak, Florida, Investigations of casings to the structural frames, Plan, section, and elevation","Cedric Price",7986,"(British, 1934–2003)",(British),(1934),(2003),(male),1978-1980,".a-c: Ink and ink stamp on paper mounted on paper","Each: 3 x 5" (7.6 x 12.7 cm)","Gift of The Howard Gilman Foundation",1265.2000.a-c,Architecture,"Architecture & Design",NULL,yes,881,https://www.moma.org/collection/works/881,https://www.moma.org/media/W1siZiIsIjUzMDE3OSJdLFsicCIsImNvbnZlcnQiLCItcmVzaXplIDEwMjR4MTAyNFx1MDAzZSJdXQ.jpg?sha=7d0122cd12d2a69e,NULL,NULL,NULL,NULL,7.60,NULL,NULL,12.70,NULL,NULL
"Generator Project, White Oak, Florida, Perpsectives and sketches","Cedric Price",7986,"(British, 1934–2003)",(British),(1934),(2003),(male),1977-1978,".a: graphite, crayon and ink on paper mounted on board
.b: graphite, ink and color ink, and crayon on paper
.c: ink on paper
.d: ink and crayon on paper","Each: 7 x 5" (17.8 x 12.7 cm)","Gift of The Howard Gilman Foundation",1266.2000.a-d,Architecture,"Architecture & Design",NULL,yes,882,https://www.moma.org/collection/works/882,https://www.moma.org/media/W1siZiIsIjUzMDE4MCJdLFsicCIsImNvbnZlcnQiLCItcmVzaXplIDEwMjR4MTAyNFx1MDAzZSJdXQ.jpg?sha=f5048477593ee1ff,NULL,NULL,NULL,NULL,17.80,NULL,NULL,12.70,NULL,NULL
"Generator Project, White Oak, Florida, Selections of Design Thoughts Used as Reminders within Office B","Cedric Price",7986,"(British, 1934–2003)",(British),(1934),(2003),(male),1978-80,".a: charcoal and ink on heavy weight paper
.b: ink and graphite on heavy weight paper mounted on board
.c: ink with graphite and color crayon on heavy weight paper
.d: ink and graphite on heavy weight paper
.e: ink and color ink on heavy weight paper
.f: ink on heavy weight paper","Each: 3 x 5" (7.6 x 12. 7 cm)","Gift of The Howard Gilman Foundation",1267.2000.a-f,Architecture,"Architecture & Design",NULL,yes,883,https://www.moma.org/collection/works/883,https://www.moma.org/media/W1siZiIsIjUzMDE4MSJdLFsicCIsImNvbnZlcnQiLCItcmVzaXplIDEwMjR4MTAyNFx1MDAzZSJdXQ.jpg?sha=96c49663e9511564,NULL,NULL,NULL,NULL,7.60,NULL,NULL,12.70,NULL,NULL
"Generator Project, White Oak, Florida, Selection of Design Thoughts Used within the Office, C","Cedric Price",7986,"(British, 1934–2003)",(British),(1934),(2003),(male),1978-80,".a: ink on paper mounted on board
.b: ink and color ink, and graphite on paper
.c: ink on paper mounted on board
.d: ink and graphite on paper
.e: ink, crayon, and graphite on paper
.f: ink on paper
.g: ink and graphite on paper
.h: ink, graphite and color crayon on paper","Each: 3 x 5" (7.6 x 12.7 cm)","Gift of The Howard Gilman Foundation",1268.2000.a-h,Architecture,"Architecture & Design",NULL,yes,884,https://www.moma.org/collection/works/884,https://www.moma.org/media/W1siZiIsIjUzMDE4MiJdLFsicCIsImNvbnZlcnQiLCItcmVzaXplIDEwMjR4MTAyNFx1MDAzZSJdXQ.jpg?sha=3656319f5f9db926,NULL,NULL,NULL,NULL,7.60,NULL,NULL,12.70,NULL,NULL
"Generator Project, White Oak, Florida, Activity Compatability Graph","Cedric Price",7986,"(British, 1934–2003)",(British),(1934),(2003),(male),1978-80,"Ink and crayon on printed tracing paper, with ink stamp","11 5/8 x 8 1/4" (29.5 x 21 cm)","Gift of The Howard Gilman Foundation",1269.2000,Architecture,"Architecture & Design",NULL,yes,885,https://www.moma.org/collection/works/885,https://www.moma.org/media/W1siZiIsIjUzMDE4MyJdLFsicCIsImNvbnZlcnQiLCItcmVzaXplIDEwMjR4MTAyNFx1MDAzZSJdXQ.jpg?sha=175636e1850d19ef,NULL,NULL,NULL,NULL,29.53,NULL,NULL,20.96,NULL,NULL
"Generator Project, White Oak, Florida, Site and Size Comparison","Cedric Price",7986,"(British, 1934–2003)",(British),(1934),(2003),(male),1978-80,"Cut-and pasted printed paper with crayon, ink, graphite, and color ink stamp on printed color paper, with ink stamp and ink","Each: 11 3/4 x 8 1/4" (29.9 x 21 cm)","Gift of The Howard Gilman Foundation",1270.2000.a-b,Architecture,"Architecture & Design",NULL,yes,886,https://www.moma.org/collection/works/886,https://www.moma.org/media/W1siZiIsIjUzMDE4NCJdLFsicCIsImNvbnZlcnQiLCItcmVzaXplIDEwMjR4MTAyNFx1MDAzZSJdXQ.jpg?sha=c54f6a4ae66b428b,NULL,NULL,NULL,NULL,29.90,NULL,NULL,21.00,NULL,NULL
"Generator Project, White Oak, Florida, Sketches","Cedric Price",7986,"(British, 1934–2003)",(British),(1934),(2003),(male),1978-1980,".a, .e: ink on paper
.b, .c and .d: ink on paper mounted on card
.f: graphite and color crayon on paper",".a-.b: 6 x 4" (15.2 x 10.2 cm)
.c-.d: 5 x 3" (12.7 x 7.6 cm)
.e-.f: 6 x 4" (15.2 x 10.2 cm)","Gift of The Howard Gilman Foundation",1271.2000.a-f,Architecture,"Architecture & Design",NULL,yes,887,https://www.moma.org/collection/works/887,https://www.moma.org/media/W1siZiIsIjUzMDE4NSJdLFsicCIsImNvbnZlcnQiLCItcmVzaXplIDEwMjR4MTAyNFx1MDAzZSJdXQ.jpg?sha=8fc3315eb83c968b,NULL,NULL,NULL,NULL,15.20,NULL,NULL,10.20,NULL,NULL
"Generator Project, White Oak, Florida, Overriding architectural perspectives","Cedric Price",7986,"(British, 1934–2003)",(British),(1934),(2003),(male),1978-80.,".a: Graphite and ink on paper mounted on board
.b: Graphite, crayon and ink on paper","Each: 8 x 10" (20.3 x 25.4 cm)","Gift of The Howard Gilman Foundation",1272.2000.a-b,Architecture,"Architecture & Design",NULL,yes,888,https://www.moma.org/collection/works/888,https://www.moma.org/media/W1siZiIsIjIxMjAxMiJdLFsicCIsImNvbnZlcnQiLCItcmVzaXplIDEwMjR4MTAyNFx1MDAzZSJdXQ.jpg?sha=13668778167405e3,NULL,NULL,NULL,NULL,20.30,NULL,NULL,25.40,NULL,NULL
"Generator Project, White Oak, Florida, Trees natural and man-made; site totems","Cedric Price",7986,"(British, 1934–2003)",(British),(1934),(2003),(male),1978-80,".a: graphite, ink and color ink on paper
.b: graphite, charcoal and color ink on paper
.c: graphite, ink and color ink, and crayon on paper
.d: graphite, ink and color ink on paper
.e: graphtie, ink and color ink on paper
.f: graphite, ink and color ink on paper
.g: graphite, ink and color ink, and crayon on paper
.h: crayon, graphite, and color ink on paper 
.i: graphite, crayon, ink and color ink on paper","Each: 13 x 5" (33 x 12.7 cm)","Gift of The Howard Gilman Foundation",1273.2000.a-i,Architecture,"Architecture & Design",NULL,yes,889,https://www.moma.org/collection/works/889,https://www.moma.org/media/W1siZiIsIjUzMDE4NiJdLFsicCIsImNvbnZlcnQiLCItcmVzaXplIDEwMjR4MTAyNFx1MDAzZSJdXQ.jpg?sha=1c8276c0c8b2bfca,NULL,NULL,NULL,NULL,33.00,NULL,NULL,12.70,NULL,NULL
"Generator Project, White Oak, Florida, Development of the "Friendly Barrier Concept"","Cedric Price",7986,"(British, 1934–2003)",(British),(1934),(2003),(male),1978-80,".a: Crayon, ink and ink stamp on electrostatic print
.b: Color ink, ink, and ink stamp on electrostatic print
.c: Crayon on cut self-adhesive labels on electrostatic print, with crayon and ink stamp
.d: Color ink and ink stamp on electrostatic print, mounted on board","Each: 8 1/2 x 11 3/4" (21.6 x 29.9 cm)","Gift of The Howard Gilman Foundation",1274.2000.a-d,Architecture,"Architecture & Design",NULL,yes,890,https://www.moma.org/collection/works/890,https://www.moma.org/media/W1siZiIsIjUzMDE4NyJdLFsicCIsImNvbnZlcnQiLCItcmVzaXplIDEwMjR4MTAyNFx1MDAzZSJdXQ.jpg?sha=15a30bf86fcb2add,NULL,NULL,NULL,NULL,21.60,NULL,NULL,29.90,NULL,NULL
"Generator Project, White Oak, Florida, The Site Large and Small","Cedric Price",7986,"(British, 1934–2003)",(British),(1934),(2003),(male),1978-80,".a: Color ink, ink, and, ink stamp on diazotype
.b: Ink, color ink, and ink stamps on printed paper
.c: Crayon and ink on diazotype","Each: 11 3/4 x 8 1/4" (29.9 x 21 cm)","Gift of The Howard Gilman Foundation",1275.2000.a-c,Architecture,"Architecture & Design",NULL,yes,891,https://www.moma.org/collection/works/891,https://www.moma.org/media/W1siZiIsIjUzMDE4OCJdLFsicCIsImNvbnZlcnQiLCItcmVzaXplIDEwMjR4MTAyNFx1MDAzZSJdXQ.jpg?sha=fbf0b81434d65f14,NULL,NULL,NULL,NULL,29.90,NULL,NULL,21.00,NULL,NULL
"Generator Project, White Oak, Florida, Plan","Cedric Price",7986,"(British, 1934–2003)",(British),(1934),(2003),(male),1978-80,Lithograph,"8 1/4 x 11 5/8" (21 x 29.5 cm)","Gift of The Howard Gilman Foundation",1276.2000,Architecture,"Architecture & Design",NULL,yes,892,https://www.moma.org/collection/works/892,https://www.moma.org/media/W1siZiIsIjUzMDE4OSJdLFsicCIsImNvbnZlcnQiLCItcmVzaXplIDEwMjR4MTAyNFx1MDAzZSJdXQ.jpg?sha=0bef0d64e4ed9464,NULL,NULL,NULL,NULL,21.00,NULL,NULL,29.53,NULL,NULL
"Generator Project, White Oak, Florida, Plan of Menu 25, Ddetail of S.W. Zone II","Cedric Price",7986,"(British, 1934–2003)",(British),(1934),(2003),(male),1978-80,"Crayon on gelatin silver print","8 1/4 x 11 3/4 (21 x 29.9 cm)","Gift of The Howard Gilman Foundation",1278.2000,Architecture,"Architecture & Design",NULL,yes,894,https://www.moma.org/collection/works/894,https://www.moma.org/media/W1siZiIsIjUzMDE5MSJdLFsicCIsImNvbnZlcnQiLCItcmVzaXplIDEwMjR4MTAyNFx1MDAzZSJdXQ.jpg?sha=9d2121556147f212,NULL,NULL,NULL,NULL,21.00,NULL,NULL,29.90,NULL,NULL
"Generator Project, White Oak, Florida, Perspective of study model","Cedric Price",7986,"(British, 1934–2003)",(British),(1934),(2003),(male),1978-80,"Color electrostatic print mounted on board","8 1/4 x 11 5/8" (21 x 29.5 cm)","Gift of The Howard Gilman Foundation",1279.2000,Architecture,"Architecture & Design",NULL,yes,895,https://www.moma.org/collection/works/895,https://www.moma.org/media/W1siZiIsIjUzMDE5MiJdLFsicCIsImNvbnZlcnQiLCItcmVzaXplIDEwMjR4MTAyNFx1MDAzZSJdXQ.jpg?sha=7b5abec1f4ada6f4,NULL,NULL,NULL,NULL,21.00,NULL,NULL,29.50,NULL,NULL
"Generator Project, White Oak, Florida (Perspective)","Cedric Price",7986,"(British, 1934–2003)",(British),(1934),(2003),(male),1978-80,"Cut-and-pasted printed color electrostatic print on electrostatic print, with airbrush, ink, graphite, crayon, and ink stamp on board","8 1/8 x 21 1/2" (20.6 x 54.6 cm)","Gift of The Howard Gilman Foundation",1280.2000,Architecture,"Architecture & Design",NULL,yes,896,https://www.moma.org/collection/works/896,https://www.moma.org/media/W1siZiIsIjUzMDE5NCJdLFsicCIsImNvbnZlcnQiLCItcmVzaXplIDEwMjR4MTAyNFx1MDAzZSJdXQ.jpg?sha=4167a8b462e88ff7,NULL,NULL,NULL,NULL,20.60,NULL,NULL,54.60,NULL,NULL
"Cemetery of San Cataldo, Modena, Italy, Plan","Aldo Rossi, Gianni Braghieri","7661, 8131","(Italian, 1931–1997) (Italian, born 1945)","(Italian) (Italian)","(1931) (1945)","(1997) (0)","(male) (male)",1971,"Ink, color ink, and graphite on tracing paper","23 1/2 x 29 3/4" (59.7 x 75.6 cm)
","Gift of The Howard Gilman Foundation",1282.2000,Architecture,"Architecture & Design",2000-10-31,yes,897,https://www.moma.org/collection/works/897,https://www.moma.org/media/W1siZiIsIjUzMDE5NiJdLFsicCIsImNvbnZlcnQiLCItcmVzaXplIDEwMjR4MTAyNFx1MDAzZSJdXQ.jpg?sha=37b79668800bc254,NULL,NULL,NULL,NULL,59.69,NULL,NULL,75.57,NULL,NULL
"Cemetery of San Cataldo, Modena, Italy, Plan study","Aldo Rossi, Gianni Braghieri","7661, 8131","(Italian, 1931–1997) (Italian, born 1945)","(Italian) (Italian)","(1931) (1945)","(1997) (0)","(male) (male)",1972,"Color ink and graphite on tracing paper","10 x 14 3/4" (25.4 x 37.5 cm)","Gift of The Howard Gilman Foundation",1283.2000,Architecture,"Architecture & Design",2000-10-31,yes,898,https://www.moma.org/collection/works/898,https://www.moma.org/media/W1siZiIsIjUzMDE5NyJdLFsicCIsImNvbnZlcnQiLCItcmVzaXplIDEwMjR4MTAyNFx1MDAzZSJdXQ.jpg?sha=8aed8603699b9965,NULL,NULL,NULL,NULL,25.40,NULL,NULL,37.47,NULL,NULL
"Cemetery of San Cataldo, Modena, Italy, Plan study","Aldo Rossi, Gianni Braghieri","7661, 8131","(Italian, 1931–1997) (Italian, born 1945)","(Italian) (Italian)","(1931) (1945)","(1997) (0)","(male) (male)",1972,"Color ink and graphite on tracing paper","11 x 15 3/4" (27.9 x 40 cm)","Gift of The Howard Gilman Foundation",1284.2000,Architecture,"Architecture & Design",2000-10-31,yes,899,https://www.moma.org/collection/works/899,https://www.moma.org/media/W1siZiIsIjUzMDE5OCJdLFsicCIsImNvbnZlcnQiLCItcmVzaXplIDEwMjR4MTAyNFx1MDAzZSJdXQ.jpg?sha=04f3d8acd879b6cc,NULL,NULL,NULL,NULL,27.94,NULL,NULL,40.01,NULL,NULL
"Housing Project, Setubal, Portugal (Elevation)","Aldo Rossi, J. da Nobrega, J. Charters","7661, 8249, 8250","(Italian, 1931–1997) (Italian, born 1945) (Italian, born 1945)","(Italian) (Italian) (Italian)","(1931) (1945) (1945)","(1997) (0) (0)","(male) () ()",1976,"Colored pencil, graphite, and felt-tipped pen on tracing paper","18 x 57 1/2" (45.7 x 146.1 cm)
","Gift of The Howard Gilman Foundation",1285.2000,Architecture,"Architecture & Design",2000-10-31,yes,900,https://www.moma.org/collection/works/900,https://www.moma.org/media/W1siZiIsIjUzMDE5OSJdLFsicCIsImNvbnZlcnQiLCItcmVzaXplIDEwMjR4MTAyNFx1MDAzZSJdXQ.jpg?sha=43c13f8497c27e37,NULL,NULL,NULL,NULL,45.72,NULL,NULL,146.05,NULL,NULL
"Housing Project, Setubal, Portugal (Elevation)","Aldo Rossi, J. da Nobrega, J. Charters","7661, 8249, 8250","(Italian, 1931–1997) (Italian, born 1945) (Italian, born 1945)","(Italian) (Italian) (Italian)","(1931) (1945) (1945)","(1997) (0) (0)","(male) () ()",1976,"Crayon, graphite, and felt-tipped pen on tracing paper","15 x 65 1/2" (38.1 x 166.4 cm)","Gift of The Howard Gilman Foundation",1286.2000,Architecture,"Architecture & Design",2000-10-31,yes,901,https://www.moma.org/collection/works/901,https://www.moma.org/media/W1siZiIsIjUzMDIwMCJdLFsicCIsImNvbnZlcnQiLCItcmVzaXplIDEwMjR4MTAyNFx1MDAzZSJdXQ.jpg?sha=f268d67aacf5ed55,NULL,NULL,2.90,NULL,50.80,NULL,NULL,177.20,NULL,NULL
"Metropolitan Core, project, Sectional elevation","Raimund Abraham",47,"(American, born Austria. 1933–2010)",(American),(1933),(2010),(male),1964,"Print montage","9 1/4 x 21 3/4" (23.5 x 55.2 cm)",Purchase,1286.1968,Architecture,"Architecture & Design",1968-10-07,yes,902,https://www.moma.org/collection/works/902,NULL,NULL,NULL,NULL,NULL,23.50,NULL,NULL,55.25,NULL,NULL
"Cemetery of San Cataldo, Modena, Italy, Aerial perspective","Aldo Rossi, Gianni Braghieri","7661, 8131","(Italian, 1931–1997) (Italian, born 1945)","(Italian) (Italian)","(1931) (1945)","(1997) (0)","(male) (male)",1971,"Crayon and graphite on sepia diazotype","24 x 49 3/4" (61 x 126.4 cm)","Gift of The Howard Gilman Foundation",1287.2000,Architecture,"Architecture & Design",2000-10-31,yes,903,https://www.moma.org/collection/works/903,https://www.moma.org/media/W1siZiIsIjUzMDIwMSJdLFsicCIsImNvbnZlcnQiLCItcmVzaXplIDEwMjR4MTAyNFx1MDAzZSJdXQ.jpg?sha=68c7d07113689d6e,NULL,NULL,NULL,NULL,75.88,NULL,NULL,142.60,NULL,NULL
"Continuous Building Project, Perspective","Raimund Abraham",47,"(American, born Austria. 1933–2010)",(American),(1933),(2010),(male),1966,"Cut-and-pasted gelatin silver prints with ink and graphite on board","5 7/8 x 8 3/4" (15 x 22.2 cm)",Purchase,1287.1968,Architecture,"Architecture & Design",1968-10-07,yes,904,https://www.moma.org/collection/works/904,https://www.moma.org/media/W1siZiIsIjUxOTU3MyJdLFsicCIsImNvbnZlcnQiLCItcmVzaXplIDEwMjR4MTAyNFx1MDAzZSJdXQ.jpg?sha=de955ecab1575d0c,NULL,NULL,NULL,NULL,14.92,NULL,NULL,22.23,NULL,NULL
"Cemetery of San Cataldo, Modena, Italy, Elevation study","Aldo Rossi, Gianni Braghieri","7661, 8131","(Italian, 1931–1997) (Italian, born 1945)","(Italian) (Italian)","(1931) (1945)","(1997) (0)","(male) (male)",1971,"Ink and graphite on tracing paper","11 x 30 5/8" (27.9 x 77.8 cm)","Gift of The Howard Gilman Foundation",1288.2000,Architecture,"Architecture & Design",NULL,yes,905,https://www.moma.org/collection/works/905,https://www.moma.org/media/W1siZiIsIjUzMDIwMiJdLFsicCIsImNvbnZlcnQiLCItcmVzaXplIDEwMjR4MTAyNFx1MDAzZSJdXQ.jpg?sha=cbb5232164b78a43,NULL,NULL,NULL,NULL,27.94,NULL,NULL,77.79,NULL,NULL
"Transplantation II: Floating Underwater Environment, project, Aerial sectional perspective","Raimund Abraham",47,"(American, born Austria. 1933–2010)",(American),(1933),(2010),(male),1966,"Photomontage, color pencil on paper","13 1/2 x 17 1/4" (34.3 x 43.8 cm)",Purchase,1288.1968,Architecture,"Architecture & Design",1968-10-07,yes,906,https://www.moma.org/collection/works/906,NULL,NULL,NULL,NULL,NULL,34.29,NULL,NULL,43.82,NULL,NULL
"Cemetery of San Cataldo, Modena, Italy, Plan study","Aldo Rossi, Gianni Braghieri","7661, 8131","(Italian, 1931–1997) (Italian, born 1945)","(Italian) (Italian)","(1931) (1945)","(1997) (0)","(male) (male)",1971,"Graphite, colored pencil, and dry transfer film on tracing paper","23 1/2 x 29 3/4" (59.7 x 75.6 cm)","Gift of The Howard Gilman Foundation",1289.2000,Architecture,"Architecture & Design",2000-10-31,yes,907,https://www.moma.org/collection/works/907,https://www.moma.org/media/W1siZiIsIjUzMDIwMyJdLFsicCIsImNvbnZlcnQiLCItcmVzaXplIDEwMjR4MTAyNFx1MDAzZSJdXQ.jpg?sha=d9c388c6d8a318ed,NULL,NULL,2.90,NULL,70.50,NULL,NULL,113.70,NULL,NULL
"Universal House, project (Perspective)","Raimund Abraham",47,"(American, born Austria. 1933–2010)",(American),(1933),(2010),(male),1967,"Cut-and-pasted gelatin silver print, printed paper, and ink on printed paper","9 1/2 x 8 1/4" (24.1 x 20.9 cm)","Gift of the architect",1289.1968,Architecture,"Architecture & Design",1968-10-07,yes,908,https://www.moma.org/collection/works/908,https://www.moma.org/media/W1siZiIsIjQwMTE5NiJdLFsicCIsImNvbnZlcnQiLCItcmVzaXplIDEwMjR4MTAyNFx1MDAzZSJdXQ.jpg?sha=ae42aaf976b2bc69,NULL,NULL,NULL,NULL,24.13,NULL,NULL,20.96,NULL,NULL
"Lower Manhattan Expressway Project, New York, New York (Perspective to the East)","Paul Rudolph",5076,"(American, 1918–1997)",(American),(1918),(1997),(male),1972,"Ink and graphite on paper","40 x 33 1/2" (101.6 x 85.1 cm)","Gift of The Howard Gilman Foundation",1290.2000,Architecture,"Architecture & Design",2000-10-31,yes,909,https://www.moma.org/collection/works/909,https://www.moma.org/media/W1siZiIsIjUzMDIwNCJdLFsicCIsImNvbnZlcnQiLCItcmVzaXplIDEwMjR4MTAyNFx1MDAzZSJdXQ.jpg?sha=2c1ba901b150c5b2,NULL,NULL,NULL,NULL,101.60,NULL,NULL,85.10,NULL,NULL
"Universal City, project, Sectional perspective","Raimund Abraham",47,"(American, born Austria. 1933–2010)",(American),(1933),(2010),(male),1966,"Photomontage, ink and graphite on paper","19 1/2 x 22 1/4" (49.5 x 56.5 cm)","Gift of the architect",1290.1968,Architecture,"Architecture & Design",1968-10-07,yes,910,https://www.moma.org/collection/works/910,https://www.moma.org/media/W1siZiIsIjUxOTU3NSJdLFsicCIsImNvbnZlcnQiLCItcmVzaXplIDEwMjR4MTAyNFx1MDAzZSJdXQ.jpg?sha=a1c12115af61020a,NULL,NULL,NULL,NULL,49.53,NULL,NULL,56.52,NULL,NULL
"Elements of the Vertical City, project, Rome, Italy, Axonometric of base","Friedrich St. Florian",5580,"(American, born Austria 1932)",(American),(1932),NULL,(male),1966,"Ink, graphite, and gouache on board","36 x 28" (91.4 x 71.1 cm)","Gift of The Howard Gilman Foundation",1291.2000.a,Architecture,"Architecture & Design",2000-10-31,yes,911,https://www.moma.org/collection/works/911,https://www.moma.org/media/W1siZiIsIjUzMDIwNSJdLFsicCIsImNvbnZlcnQiLCItcmVzaXplIDEwMjR4MTAyNFx1MDAzZSJdXQ.jpg?sha=6ec62869a6d66346,NULL,NULL,NULL,NULL,91.40,NULL,NULL,71.10,NULL,NULL
"Elements of the Vertical City, project, Rome, Italy","Friedrich St. Florian",5580,"(American, born Austria 1932)",(American),(1932),NULL,(male),1965-66,"Graphite and ink on cardboard","Each: 36 x 28" (91.4 x 71.1 cm)","Gift of The Howard Gilman Foundation",1291.2000.a-c,Architecture,"Architecture & Design",2000-10-31,no,912,NULL,NULL,NULL,NULL,NULL,NULL,91.40,NULL,NULL,71.10,NULL,NULL
"Elements of the Vertical City, project, Rome, Italy, Axonometric of torso","Friedrich St. Florian",5580,"(American, born Austria 1932)",(American),(1932),NULL,(male),1966,"Ink, graphite, and gouache on board","36 x 28" (91.4 x 71.1 cm)","Gift of The Howard Gilman Foundation",1291.2000.b,Architecture,"Architecture & Design",2000-10-31,yes,913,https://www.moma.org/collection/works/913,https://www.moma.org/media/W1siZiIsIjUzMDIwNiJdLFsicCIsImNvbnZlcnQiLCItcmVzaXplIDEwMjR4MTAyNFx1MDAzZSJdXQ.jpg?sha=ba7ba978bd5d3e89,NULL,NULL,NULL,NULL,91.40,NULL,NULL,71.10,NULL,NULL
"Elements of the Vertical City, project, Rome, Italy, Axonometric of crown","Friedrich St. Florian",5580,"(American, born Austria 1932)",(American),(1932),NULL,(male),1966,"Ink, graphite, and gouache on board","36 x 28" (91.4 x 71.1 cm)","Gift of The Howard Gilman Foundation",1291.2000.c,Architecture,"Architecture & Design",2000-10-31,yes,914,https://www.moma.org/collection/works/914,https://www.moma.org/media/W1siZiIsIjUzMDIwNyJdLFsicCIsImNvbnZlcnQiLCItcmVzaXplIDEwMjR4MTAyNFx1MDAzZSJdXQ.jpg?sha=93f38a9724e9e592,NULL,NULL,NULL,NULL,91.40,NULL,NULL,71.10,NULL,NULL
"Universal City, project, Aerial perspective of New York","Raimund Abraham",47,"(American, born Austria. 1933–2010)",(American),(1933),(2010),(male),1966,Photomontage,"15 1/4 x 23" (38.7 x 58.4 cm)","Gift of the architect",1291.1968,Architecture,"Architecture & Design",1968-10-07,yes,915,https://www.moma.org/collection/works/915,NULL,NULL,NULL,NULL,NULL,38.74,NULL,NULL,58.42,NULL,NULL
"Himmelbelt, project, Perspective","Friedrich St. Florian",5580,"(American, born Austria 1932)",(American),(1932),NULL,(male),1974,"Graphite and color pencil on paper","47 1/2 x 35 3/4" (120.7 x 90.8 cm)","Gift of The Howard Gilman Foundation",1292.2000,Architecture,"Architecture & Design",2000-10-31,yes,916,https://www.moma.org/collection/works/916,https://www.moma.org/media/W1siZiIsIjUzMDIwOCJdLFsicCIsImNvbnZlcnQiLCItcmVzaXplIDEwMjR4MTAyNFx1MDAzZSJdXQ.jpg?sha=3d14502cc7759cd4,NULL,NULL,NULL,NULL,120.65,NULL,NULL,90.81,NULL,NULL
"Universal City, from the Linear City Series, project, Aerial perspective of Earth's horizon","Raimund Abraham",47,"(American, born Austria. 1933–2010)",(American),(1933),(2010),(male),1966,"Cut-and-pasted printed papers, cut-and-pasted gelatin silver photograph, and ink on board","13 1/8 x 17" (33.3 x 43.2 cm)",Purchase,1292.1968,Architecture,"Architecture & Design",1968-10-07,yes,917,https://www.moma.org/collection/works/917,https://www.moma.org/media/W1siZiIsIjUxOTU3NiJdLFsicCIsImNvbnZlcnQiLCItcmVzaXplIDEwMjR4MTAyNFx1MDAzZSJdXQ.jpg?sha=25f981e9efd7927d,NULL,NULL,NULL,NULL,33.34,NULL,NULL,43.18,NULL,NULL
"Urban Passage Project, Axonometric","Massimo Scolari",8125,"(Italian, born 1943)",(Italian),(1943),NULL,(male),1974,"Colored ink and watercolor on board","7 1/8 x 5 1/8" (18.1 x 13 cm)","Gift of The Howard Gilman Foundation",1293.2000,Architecture,"Architecture & Design",2000-10-31,yes,918,https://www.moma.org/collection/works/918,https://www.moma.org/media/W1siZiIsIjIxMjI1OCJdLFsicCIsImNvbnZlcnQiLCItcmVzaXplIDEwMjR4MTAyNFx1MDAzZSJdXQ.jpg?sha=3d94d76f1badd9b3,NULL,NULL,NULL,NULL,18.10,NULL,NULL,13.00,NULL,NULL
"Addio Melampo Project, Oblique projection","Massimo Scolari",8125,"(Italian, born 1943)",(Italian),(1943),NULL,(male),1975,"Colored ink, watercolor, and graphite on board","11 7/8 x 10" (30.2 x 25.4 cm)","Gift of The Howard Gilman Foundation",1294.2000,Architecture,"Architecture & Design",2000-10-31,yes,919,https://www.moma.org/collection/works/919,https://www.moma.org/media/W1siZiIsIjIxMjI1OSJdLFsicCIsImNvbnZlcnQiLCItcmVzaXplIDEwMjR4MTAyNFx1MDAzZSJdXQ.jpg?sha=de78f356b48958d6,NULL,NULL,NULL,NULL,30.20,NULL,NULL,25.40,NULL,NULL
"Study for Fruit Bowl (with Grapes), project (Aerial perspective)","Ettore Sottsass",5536,"(Italian, born Austria. 1917–2007)",(Italian),(1917),(2007),(male),1973,"Graphite and self-adhesive letters on paper","19 x 13 1/2" (48.3 x 34.3 cm)","Gift of The Howard Gilman Foundation",1295.2000,Architecture,"Architecture & Design",2000-10-31,yes,920,https://www.moma.org/collection/works/920,https://www.moma.org/media/W1siZiIsIjUzMDIwOSJdLFsicCIsImNvbnZlcnQiLCItcmVzaXplIDEwMjR4MTAyNFx1MDAzZSJdXQ.jpg?sha=3752155ce4490076,NULL,NULL,NULL,NULL,48.30,NULL,NULL,34.29,NULL,NULL
"The Planet as Festival: Study for a Dispenser of Incense, LSD, Marijuana, Opium, Laughing Gas, project (Perspective)","Ettore Sottsass",5536,"(Italian, born Austria. 1917–2007)",(Italian),(1917),(2007),(male),1972–1973,"Graphite on paper","15 1/8 x 13 3/8" (38.4 x 34 cm)","Gift of The Howard Gilman Foundation",1296.2000,Architecture,"Architecture & Design",2000-10-31,yes,921,https://www.moma.org/collection/works/921,https://www.moma.org/media/W1siZiIsIjIxMjI2MCJdLFsicCIsImNvbnZlcnQiLCItcmVzaXplIDEwMjR4MTAyNFx1MDAzZSJdXQ.jpg?sha=3826979230e7bc94,NULL,NULL,NULL,NULL,34.30,NULL,NULL,28.60,NULL,NULL
"The Planet as Festival: Study for Rafts for Listening to Chamber Music, project (Perspective)","Ettore Sottsass",5536,"(Italian, born Austria. 1917–2007)",(Italian),(1917),(2007),(male),1972–1973,"Graphite on paper","14 1/2 x 12 3/8" (36.8 x 31.4 cm)","Gift of The Howard Gilman Foundation",1297.2000,Architecture,"Architecture & Design",2000-10-31,yes,922,https://www.moma.org/collection/works/922,https://www.moma.org/media/W1siZiIsIjIxMjI2MSJdLFsicCIsImNvbnZlcnQiLCItcmVzaXplIDEwMjR4MTAyNFx1MDAzZSJdXQ.jpg?sha=d0158559b8a3665f,NULL,NULL,NULL,NULL,36.80,NULL,NULL,31.40,NULL,NULL
"The Planet as Festival: Study for Temple for Erotic Dances, project (Aerial perspective and plan)","Ettore Sottsass",5536,"(Italian, born Austria. 1917–2007)",(Italian),(1917),(2007),(male),1972–1973,"Graphite and cut-and-pasted gelatin silver print on paper","13 15/16 x 12 5/8" (35.4 x 32.1 cm)","Gift of The Howard Gilman Foundation",1298.2000,Architecture,"Architecture & Design",2000-10-31,yes,923,https://www.moma.org/collection/works/923,https://www.moma.org/media/W1siZiIsIjQwMDA1NSJdLFsicCIsImNvbnZlcnQiLCItcmVzaXplIDEwMjR4MTAyNFx1MDAzZSJdXQ.jpg?sha=189f02ae3c0296b7,NULL,NULL,NULL,NULL,34.90,NULL,NULL,32.10,NULL,NULL
"Study for Fruit Bowl (with Apple), project (Aerial perspective)","Ettore Sottsass",5536,"(Italian, born Austria. 1917–2007)",(Italian),(1917),(2007),(male),1973,"Graphite and self-adhesive letters on paper","19 x 13 1/2" (48.3 x 34.3 cm)","Gift of The Howard Gilman Foundation",1299.2000,Architecture,"Architecture & Design",2000-10-31,yes,924,https://www.moma.org/collection/works/924,https://www.moma.org/media/W1siZiIsIjIxMjI2MyJdLFsicCIsImNvbnZlcnQiLCItcmVzaXplIDEwMjR4MTAyNFx1MDAzZSJdXQ.jpg?sha=be42ef4d8f1b37ec,NULL,NULL,2.90,NULL,55.20,NULL,NULL,45.40,NULL,NULL
"Study for Tea Pot (by Ocean with Shells), project (Perspective)","Ettore Sottsass",5536,"(Italian, born Austria. 1917–2007)",(Italian),(1917),(2007),(male),1973,"Graphite and self-adhesive letters on paper","19 x 13 1/2" (48.3 x 34.3 cm)","Gift of The Howard Gilman Foundation",1300.2000,Architecture,"Architecture & Design",2000-10-31,yes,925,https://www.moma.org/collection/works/925,https://www.moma.org/media/W1siZiIsIjIxMjI2NCJdLFsicCIsImNvbnZlcnQiLCItcmVzaXplIDEwMjR4MTAyNFx1MDAzZSJdXQ.jpg?sha=3b5c6f3528ed9039,NULL,NULL,NULL,NULL,48.30,NULL,NULL,34.30,NULL,NULL
"Study for Tea Pot (in Forest Setting), project (Perspective)","Ettore Sottsass",5536,"(Italian, born Austria. 1917–2007)",(Italian),(1917),(2007),(male),1973,"Graphite and self-adhesive letters on paper","19 x 13 1/2" (48.3 x 34.3 cm)","Gift of The Howard Gilman Foundation",1301.2000,Architecture,"Architecture & Design",2000-10-31,yes,926,https://www.moma.org/collection/works/926,https://www.moma.org/media/W1siZiIsIjIxMjI2NSJdLFsicCIsImNvbnZlcnQiLCItcmVzaXplIDEwMjR4MTAyNFx1MDAzZSJdXQ.jpg?sha=23a59f233124f38e,NULL,NULL,NULL,NULL,29.50,NULL,NULL,22.90,NULL,NULL
"Study for Tea Pot (with Red Lid), project (Perspective)","Ettore Sottsass",5536,"(Italian, born Austria. 1917–2007)",(Italian),(1917),(2007),(male),1973,"Graphite and self-adhesive letters on paper","19 x 13 1/2" (48.3 x 34.3 cm)","Gift of The Howard Gilman Foundation",1302.2000,Architecture,"Architecture & Design",2000-10-31,yes,927,https://www.moma.org/collection/works/927,https://www.moma.org/media/W1siZiIsIjIxMjI2NiJdLFsicCIsImNvbnZlcnQiLCItcmVzaXplIDEwMjR4MTAyNFx1MDAzZSJdXQ.jpg?sha=9fb470a6acda2a30,NULL,NULL,NULL,NULL,29.50,NULL,NULL,22.90,NULL,NULL
"The Planet as Festival: Study for Design of a Stadium for Rock Concerts, project (Aerial perspective)","Ettore Sottsass",5536,"(Italian, born Austria. 1917–2007)",(Italian),(1917),(2007),(male),1972-73,"Graphite and white ink on paper","14 3/4 x 11 1/2" (37.5 x 29.2 cm)","Gift of The Howard Gilman Foundation",1303.2000,Architecture,"Architecture & Design",2000-10-31,yes,928,https://www.moma.org/collection/works/928,https://www.moma.org/media/W1siZiIsIjUzMDIxMiJdLFsicCIsImNvbnZlcnQiLCItcmVzaXplIDEwMjR4MTAyNFx1MDAzZSJdXQ.jpg?sha=3e1e1f36e5bf1a3e,NULL,NULL,NULL,NULL,37.50,NULL,NULL,29.20,NULL,NULL
"The Planet as Festival: Study for Design of a Stadium to Watch the Stars, project (Aerial perspective)","Ettore Sottsass",5536,"(Italian, born Austria. 1917–2007)",(Italian),(1917),(2007),(male),1972-73,"Graphite on paper","19 x 13 1/2" (48.3 x 34.3 cm)","Gift of The Howard Gilman Foundation",1304.2000,Architecture,"Architecture & Design",2000-10-31,yes,929,https://www.moma.org/collection/works/929,https://www.moma.org/media/W1siZiIsIjUzMDIxNCJdLFsicCIsImNvbnZlcnQiLCItcmVzaXplIDEwMjR4MTAyNFx1MDAzZSJdXQ.jpg?sha=3c6b7c31851633d9,NULL,NULL,NULL,NULL,48.26,NULL,NULL,34.30,NULL,NULL
"The Planet as Festival: Study for a Large Dispenser of Waltzes, Tangos, Rock, and Cha-Cha, project (Perspective)","Ettore Sottsass",5536,"(Italian, born Austria. 1917–2007)",(Italian),(1917),(2007),(male),1972-73,"Graphite on paper","16 1/2 x 13 3/8" (41.9 x 34 cm)","Gift of The Howard Gilman Foundation",1305.2000,Architecture,"Architecture & Design",2000-10-31,yes,930,https://www.moma.org/collection/works/930,https://www.moma.org/media/W1siZiIsIjIxMjI2NyJdLFsicCIsImNvbnZlcnQiLCItcmVzaXplIDEwMjR4MTAyNFx1MDAzZSJdXQ.jpg?sha=fdb172db4f14c6ae,NULL,NULL,NULL,NULL,55.20,NULL,NULL,45.10,NULL,NULL
"The Planet as Festival: Gigantic Work, Panoramic Road with View on the Irrawaddy River and the Jungle, project (Aerial perspective)","Ettore Sottsass",5536,"(Italian, born Austria. 1917–2007)",(Italian),(1917),(2007),(male),1972-73,"Graphite on paper","16 x 12 1/4" (40.6 x 31.1 cm)","Gift of The Howard Gilman Foundation",1306.2000,Architecture,"Architecture & Design",2000-10-31,yes,931,https://www.moma.org/collection/works/931,https://www.moma.org/media/W1siZiIsIjUzMDIxNSJdLFsicCIsImNvbnZlcnQiLCItcmVzaXplIDEwMjR4MTAyNFx1MDAzZSJdXQ.jpg?sha=17236dc1fb2b1d1e,NULL,NULL,NULL,NULL,40.60,NULL,NULL,31.10,NULL,NULL
"The Planet as Festival: Design of a Roof to Discuss Under, project (Perspective)","Ettore Sottsass",5536,"(Italian, born Austria. 1917–2007)",(Italian),(1917),(2007),(male),1972-73,"Graphite on paper","11 1/2 x 10 7/8" (29.2 x 27.6 cm)
","Gift of The Howard Gilman Foundation",1307.2000,Architecture,"Architecture & Design",NULL,yes,932,https://www.moma.org/collection/works/932,https://www.moma.org/media/W1siZiIsIjUzMDIxNiJdLFsicCIsImNvbnZlcnQiLCItcmVzaXplIDEwMjR4MTAyNFx1MDAzZSJdXQ.jpg?sha=4bfdc28907933012,NULL,NULL,NULL,NULL,29.21,NULL,NULL,27.62,NULL,NULL
"Study for Tea Pot, project (Perspective)","Ettore Sottsass",5536,"(Italian, born Austria. 1917–2007)",(Italian),(1917),(2007),(male),1973,"Graphite and self-adhesive letters on paper","19 x 13 1/2" (48.3 x 34.3 cm)","Gift of The Howard Gilman Foundation",1308.2000,Architecture,"Architecture & Design",2000-10-31,yes,933,https://www.moma.org/collection/works/933,https://www.moma.org/media/W1siZiIsIjUzMDIxNyJdLFsicCIsImNvbnZlcnQiLCItcmVzaXplIDEwMjR4MTAyNFx1MDAzZSJdXQ.jpg?sha=7123c89470e19db1,NULL,NULL,3.80,NULL,55.20,NULL,NULL,45.10,NULL,NULL
"The Continuous Monument: On the River, project (Perspective)","Superstudio, Cristiano Toraldo di Francia, Gian Piero Frassinelli, Alessandro Magris, Roberto Magris, Adolfo Natalini","5733, 8224, 8222, 8220, 8221, 8223","(Italian, est. 1966–1982) (Italian, born 1941) (Italian, born 1939) (Italian, born 1941) (Italian, born 1935) (Italian, born 1941)","(Italian) (Italian) (Italian) (Italian) (Italian) (Italian)","(1966) (1941) (1939) (1941) (1935) (1941)","(1982) (0) (0) (0) (0) (0)","() (male) (male) (male) (male) (male)",1969,"Cut-and-pasted printed paper, colored pencil, and oil stick on board","17 1/4 x 15 3/4" (43.8 x 40 cm)","Gift of The Howard Gilman Foundation",1309.2000,Architecture,"Architecture & Design",2000-10-31,yes,934,https://www.moma.org/collection/works/934,https://www.moma.org/media/W1siZiIsIjE1NTk0NCJdLFsicCIsImNvbnZlcnQiLCItcmVzaXplIDEwMjR4MTAyNFx1MDAzZSJdXQ.jpg?sha=9d081aed3d56c113,NULL,NULL,NULL,NULL,43.82,NULL,NULL,40.01,NULL,NULL
"The Continuous Monument: St. Moritz Revisited, project (Perspective)","Superstudio, Gian Piero Frassinelli, Alessandro Magris, Roberto Magris, Adolfo Natalini, Cristiano Toraldo di Francia","5733, 8222, 8220, 8221, 8223, 8224","(Italian, est. 1966–1982) (Italian, born 1939) (Italian, born 1941) (Italian, born 1935) (Italian, born 1941) (Italian, born 1941)","(Italian) (Italian) (Italian) (Italian) (Italian) (Italian)","(1966) (1939) (1941) (1935) (1941) (1941)","(1982) (0) (0) (0) (0) (0)","() (male) (male) (male) (male) (male)",1969,"Cut-and-pasted printed paper, colored pencil, and oil stick on board","16 7/8 x 19 1/8" (42.9 x 48.6 cm)","Gift of The Howard Gilman Foundation",1310.2000,Architecture,"Architecture & Design",2000-10-31,yes,935,https://www.moma.org/collection/works/935,https://www.moma.org/media/W1siZiIsIjE1NTk0NSJdLFsicCIsImNvbnZlcnQiLCItcmVzaXplIDEwMjR4MTAyNFx1MDAzZSJdXQ.jpg?sha=8ed3137dcd14d584,NULL,NULL,NULL,NULL,42.86,NULL,NULL,48.58,NULL,NULL
"The Continuous Monument: On the Rocky Coast, project (Perspective)","Superstudio, Gian Piero Frassinelli, Alessandro Magris, Roberto Magris, Cristiano Toraldo di Francia, Adolfo Natalini","5733, 8222, 8220, 8221, 8224, 8223","(Italian, est. 1966–1982) (Italian, born 1939) (Italian, born 1941) (Italian, born 1935) (Italian, born 1941) (Italian, born 1941)","(Italian) (Italian) (Italian) (Italian) (Italian) (Italian)","(1966) (1939) (1941) (1935) (1941) (1941)","(1982) (0) (0) (0) (0) (0)","() (male) (male) (male) (male) (male)",1969,"Cut-and-pasted printed paper, colored pencil, and oil stick on board","18 3/8 x 18 1/8" (46.7 x 46 cm)","Gift of The Howard Gilman Foundation",1311.2000,Architecture,"Architecture & Design",2000-10-31,yes,936,https://www.moma.org/collection/works/936,https://www.moma.org/media/W1siZiIsIjE1NTk0NiJdLFsicCIsImNvbnZlcnQiLCItcmVzaXplIDEwMjR4MTAyNFx1MDAzZSJdXQ.jpg?sha=1a7870c3c9015b88,NULL,NULL,NULL,NULL,46.67,NULL,NULL,46.04,NULL,NULL
"The Continuous Monument: Alpine Lakes, project (Perspective)","Superstudio, Gian Piero Frassinelli, Cristiano Toraldo di Francia, Alessandro Magris, Roberto Magris, Adolfo Natalini","5733, 8222, 8224, 8220, 8221, 8223","(Italian, est. 1966–1982) (Italian, born 1939) (Italian, born 1941) (Italian, born 1941) (Italian, born 1935) (Italian, born 1941)","(Italian) (Italian) (Italian) (Italian) (Italian) (Italian)","(1966) (1939) (1941) (1941) (1935) (1941)","(1982) (0) (0) (0) (0) (0)","() (male) (male) (male) (male) (male)",1969,"Cut-and-pasted printed paper, colored pencil, and oil stick on board","18 x 18 1/2" (45.7 x 47 cm)","Gift of The Howard Gilman Foundation",1312.2000,Architecture,"Architecture & Design",2000-10-31,yes,937,https://www.moma.org/collection/works/937,https://www.moma.org/media/W1siZiIsIjE1NTk0NyJdLFsicCIsImNvbnZlcnQiLCItcmVzaXplIDEwMjR4MTAyNFx1MDAzZSJdXQ.jpg?sha=bf8458643f2b4831,NULL,NULL,NULL,NULL,45.72,NULL,NULL,46.99,NULL,NULL
"The Continuous Monument: New York Extrusion Project, New York, New York (Aerial perspective)","Superstudio, Gian Piero Frassinelli, Alessandro Magris, Roberto Magris, Cristiano Toraldo di Francia, Adolfo Natalini","5733, 8222, 8220, 8221, 8224, 8223","(Italian, est. 1966–1982) (Italian, born 1939) (Italian, born 1941) (Italian, born 1935) (Italian, born 1941) (Italian, born 1941)","(Italian) (Italian) (Italian) (Italian) (Italian) (Italian)","(1966) (1939) (1941) (1935) (1941) (1941)","(1982) (0) (0) (0) (0) (0)","() (male) (male) (male) (male) (male)",1969,"Graphite, color pencil, and cut-and-pasted printed paper on board","38 x 25 3/4" (96.5 x 65.4 cm)","Gift of The Howard Gilman Foundation",1313.2000,Architecture,"Architecture & Design",1998-11-12,yes,938,https://www.moma.org/collection/works/938,https://www.moma.org/media/W1siZiIsIjUzMDIxOCJdLFsicCIsImNvbnZlcnQiLCItcmVzaXplIDEwMjR4MTAyNFx1MDAzZSJdXQ.jpg?sha=86f28427dc22bf4b,NULL,NULL,NULL,NULL,96.52,NULL,NULL,65.41,NULL,NULL
"Student Housing Project, Enschede, The Netherlands, Isometric","Mathias Ungers, G. Geist, J. Sawade","7988, 8885, 8886","(German, 1926–2007)","(German) () ()","(1926) (0) (0)","(2007) (0) (0)","(male) () ()",1964,"Ink on tracing paper","87 x 57 1/2" (221 x 146.1 cm)","Gift of The Howard Gilman Foundation",1314.2000.a-b,Architecture,"Architecture & Design",1998-11-12,yes,939,https://www.moma.org/collection/works/939,https://www.moma.org/media/W1siZiIsIjUzMDIxOSJdLFsicCIsImNvbnZlcnQiLCItcmVzaXplIDEwMjR4MTAyNFx1MDAzZSJdXQ.jpg?sha=7e310244dde5770a,NULL,NULL,NULL,NULL,220.98,NULL,NULL,146.05,NULL,NULL
"Furniture Manufacturers Association Headquarters, project, High Wycombe, England, Elevation","Michael Webb",7987,"(British, born 1937)",(British),(1937),NULL,(male),1957-1958,"Graphite and ink on tracing paper mounted on board","24 x 21 1/4" (61 x 54 cm)","Gift of The Howard Gilman Foundation",1315.2000,Architecture,"Architecture & Design",2000-10-31,yes,940,https://www.moma.org/collection/works/940,https://www.moma.org/media/W1siZiIsIjUzMDIyMCJdLFsicCIsImNvbnZlcnQiLCItcmVzaXplIDEwMjR4MTAyNFx1MDAzZSJdXQ.jpg?sha=091e02889e9e0ec9,NULL,NULL,NULL,NULL,61.00,NULL,NULL,54.00,NULL,NULL
"Furniture Manufacturers Association Headquarters, project, High Wycombe, England, Side elevation","Michael Webb",7987,"(British, born 1937)",(British),(1937),NULL,(male),1957-58,"Graphite and ink on tracing paper mounted on board","23 1/2 x 32" (59.7 x 81.3 cm)","Gift of The Howard Gilman Foundation",1316.2000,Architecture,"Architecture & Design",1998-11-12,yes,941,https://www.moma.org/collection/works/941,https://www.moma.org/media/W1siZiIsIjUzMDIyMSJdLFsicCIsImNvbnZlcnQiLCItcmVzaXplIDEwMjR4MTAyNFx1MDAzZSJdXQ.jpg?sha=2964904217fe93e6,"MoMA, Floor 4, 417",NULL,3.80,NULL,77.20,NULL,NULL,99.10,NULL,NULL
"Hotel Sphinx (The Head) Project, New York, New York (Axonometric)","Zoe Zenghelis, Elia Zenghelis","7559, 7558","(British, born Greece 1937) (British, born Greece 1937)","(British) (British)","(1937) (1937)",NULL,"(female) (male)",1975,"Synthetic polymer paint and ink on paper","70 3/8 x 27 1/2" (178.8 x 69.9 cm)","Gift of The Howard Gilman Foundation",1318.2000,Architecture,"Architecture & Design",2000-10-31,yes,943,https://www.moma.org/collection/works/943,https://www.moma.org/media/W1siZiIsIjIxMjI2OSJdLFsicCIsImNvbnZlcnQiLCItcmVzaXplIDEwMjR4MTAyNFx1MDAzZSJdXQ.jpg?sha=885bf1879af29e48,NULL,NULL,NULL,NULL,178.75,NULL,NULL,69.85,NULL,NULL
"Orange Sound, project","Lauretta Vinciarelli",6168,"(Italian, 1943–2012)",(Italian),(1943),(2012),(female),1999,"Watercolor and colored ink on paper","30 x 22" (76.2 x 55.9 cm)","Mrs. Gianluigi Gabetti Purchase Fund",1417.2000.1,Architecture,"Architecture & Design",2000-12-11,yes,944,https://www.moma.org/collection/works/944,https://www.moma.org/media/W1siZiIsIjUzMDI1OCJdLFsicCIsImNvbnZlcnQiLCItcmVzaXplIDEwMjR4MTAyNFx1MDAzZSJdXQ.jpg?sha=f38db9e3c707046c,NULL,NULL,NULL,NULL,76.20,NULL,NULL,55.88,NULL,NULL
"Orange Sound, project","Lauretta Vinciarelli",6168,"(Italian, 1943–2012)",(Italian),(1943),(2012),(female),1999,"Watercolor and color ink on paper","Each: 30 x 22" (55.9 x 76.2)","Mrs. Gianluigi Gabetti Purchase Fund",1417.2000.1-7,Architecture,"Architecture & Design",2000-12-11,no,945,NULL,NULL,NULL,NULL,NULL,NULL,76.20,NULL,NULL,55.88,NULL,NULL
"Orange Sound, project","Lauretta Vinciarelli",6168,"(Italian, 1943–2012)",(Italian),(1943),(2012),(female),1999,"Watercolor and colored ink on paper","30 x 22" (76.2 x 55.9 cm)","Mrs. Gianluigi Gabetti Purchase Fund",1417.2000.2,Architecture,"Architecture & Design",2000-12-11,yes,946,https://www.moma.org/collection/works/946,https://www.moma.org/media/W1siZiIsIjUzMDI1OSJdLFsicCIsImNvbnZlcnQiLCItcmVzaXplIDEwMjR4MTAyNFx1MDAzZSJdXQ.jpg?sha=be0dc92fde5840c5,NULL,NULL,NULL,NULL,76.20,NULL,NULL,55.88,NULL,NULL
"Orange Sound, project","Lauretta Vinciarelli",6168,"(Italian, 1943–2012)",(Italian),(1943),(2012),(female),1999,"Watercolor and colored ink on paper","30 x 22" (76.2 x 55.9 cm)","Mrs. Gianluigi Gabetti Purchase Fund",1417.2000.3,Architecture,"Architecture & Design",2000-12-11,yes,947,https://www.moma.org/collection/works/947,https://www.moma.org/media/W1siZiIsIjUzMDI2MCJdLFsicCIsImNvbnZlcnQiLCItcmVzaXplIDEwMjR4MTAyNFx1MDAzZSJdXQ.jpg?sha=8df33b240d21bee4,NULL,NULL,NULL,NULL,76.20,NULL,NULL,55.88,NULL,NULL
"Orange Sound, project","Lauretta Vinciarelli",6168,"(Italian, 1943–2012)",(Italian),(1943),(2012),(female),1999,"Watercolor and colored ink on paper","30 x 22" (76.2 x 55.9 cm)","Mrs. Gianluigi Gabetti Purchase Fund",1417.2000.4,Architecture,"Architecture & Design",2000-12-11,yes,948,https://www.moma.org/collection/works/948,https://www.moma.org/media/W1siZiIsIjUzMDI2MSJdLFsicCIsImNvbnZlcnQiLCItcmVzaXplIDEwMjR4MTAyNFx1MDAzZSJdXQ.jpg?sha=09f7aceb830c71da,NULL,NULL,NULL,NULL,76.20,NULL,NULL,55.88,NULL,NULL
"Orange Sound, project","Lauretta Vinciarelli",6168,"(Italian, 1943–2012)",(Italian),(1943),(2012),(female),1999,"Watercolor and colored ink on paper","30 x 22" (76.2 x 55.9 cm)","Mrs. Gianluigi Gabetti Purchase Fund",1417.2000.5,Architecture,"Architecture & Design",2000-12-11,yes,949,https://www.moma.org/collection/works/949,https://www.moma.org/media/W1siZiIsIjUzMDI2MiJdLFsicCIsImNvbnZlcnQiLCItcmVzaXplIDEwMjR4MTAyNFx1MDAzZSJdXQ.jpg?sha=aaf0be47ecbe41f8,NULL,NULL,NULL,NULL,76.20,NULL,NULL,55.88,NULL,NULL
"Orange Sound, project","Lauretta Vinciarelli",6168,"(Italian, 1943–2012)",(Italian),(1943),(2012),(female),1999,"Watercolor and colored ink on paper","30 x 22" (76.2 x 55.9 cm)","Mrs. Gianluigi Gabetti Purchase Fund",1417.2000.6,Architecture,"Architecture & Design",2000-12-11,yes,950,https://www.moma.org/collection/works/950,https://www.moma.org/media/W1siZiIsIjUzMDI2MyJdLFsicCIsImNvbnZlcnQiLCItcmVzaXplIDEwMjR4MTAyNFx1MDAzZSJdXQ.jpg?sha=6b5fe230ed374c6f,NULL,NULL,NULL,NULL,76.20,NULL,NULL,55.88,NULL,NULL
"Orange Sound, project","Lauretta Vinciarelli",6168,"(Italian, 1943–2012)",(Italian),(1943),(2012),(female),1999,"Watercolor and colored ink on paper","30 x 22" (76.2 x 55.9 cm)","Mrs. Gianluigi Gabetti Purchase Fund",1417.2000.7,Architecture,"Architecture & Design",2000-12-11,yes,951,https://www.moma.org/collection/works/951,https://www.moma.org/media/W1siZiIsIjUzMDI2NCJdLFsicCIsImNvbnZlcnQiLCItcmVzaXplIDEwMjR4MTAyNFx1MDAzZSJdXQ.jpg?sha=9b13ff34c6f3526c,NULL,NULL,NULL,NULL,76.20,NULL,NULL,55.88,NULL,NULL
"Entity as Information Zoom","Gordon Kipping",8438,"(Canadian, born 1966)",(Canadian),NULL,NULL,(male),1995,"Digital print on acrylic panel","22 1/8 x 29 3/4" (56.2 x 75.5 cm)","Gift of the architect",1601.2000,Architecture,"Architecture & Design",2000-12-11,yes,960,https://www.moma.org/collection/works/960,https://www.moma.org/media/W1siZiIsIjQ1OTA1OSJdLFsicCIsImNvbnZlcnQiLCItcmVzaXplIDEwMjR4MTAyNFx1MDAzZSJdXQ.jpg?sha=1cb7f8091910432d,NULL,NULL,NULL,NULL,56.20,NULL,NULL,75.50,NULL,NULL
"Plans for Algiers and Barcelona and “cité-jardin verticale” (vertical garden city) drawing made during a lecture in Chicago November 27, 1935","Le Corbusier (Charles-Édouard Jeanneret)",3426,"(French, born Switzerland. 1887–1965)",(French),(1887),(1965),(male),1935,"Pastel on paper","Sheet: 39 3/4 x 109 1/2" (101 x 278.1cm)
Frame: 43 3/8 x 112 7/8" (110.2 x 286.7 cm)","Gift of Robert A. Jacobs",1602.2000,Architecture,"Architecture & Design",1976-03-22,yes,961,https://www.moma.org/collection/works/961,https://www.moma.org/media/W1siZiIsIjUzMDQ0OCJdLFsicCIsImNvbnZlcnQiLCItcmVzaXplIDEwMjR4MTAyNFx1MDAzZSJdXQ.jpg?sha=e1f0f8b7c18a816e,NULL,NULL,NULL,NULL,101.00,NULL,NULL,278.10,NULL,NULL
"American Memorial Library, project, Berlin, Germany","Steven Holl Architects, Peter Lynch, Stephen Cassell, Pier Copat, Steven Holl, Bryan Bell, Friederike Gross-Pietsche, Thomas Gardner","7609, 7613, 7610, 7611, 2702, 7612, 22703, 22704","(American, founded 1976) (American) (American, born 1963) (American) (American, born 1947) (American)","(American) (American) (American) (American) (American) (American) () ()","(1976) (0) (1963) (0) (1947) (0) (0) (0)","(0) (0) (0) (0) (0) (0) (0) (0)","() (male) (male) (male) (male) (male) (male) (male)",1988,"Concrete, wood, paper, pigment, and steel","10 1/4 x 48 x 24" (26 x 121.9 x 61 cm)","Given anonymously and David Rockefeller, Jr. Purchase Fund",9.1997,Architecture,"Architecture & Design",1997-01-15,yes,967,https://www.moma.org/collection/works/967,https://www.moma.org/media/W1siZiIsIjIxNDAxOCJdLFsicCIsImNvbnZlcnQiLCItcmVzaXplIDEwMjR4MTAyNFx1MDAzZSJdXQ.jpg?sha=05e849a5155f697c,NULL,NULL,61.00,NULL,26.00,NULL,NULL,121.90,NULL,NULL
"Bridge of Houses Project, Melbourne, Australia (Scale model 1/16" = 1'0")","Steven Holl Architects, Steven Holl, Mark Janson, Joseph Fenton, Suzanne Powadiuk, James Rosen","7609, 2702, 22705, 22709, 22710, 22713","(American, founded 1976) (American, born 1947)","(American) (American) () () () ()","(1976) (1947) (0) (0) (0) (0)","(0) (0) (0) (0) (0) (0)","() (male) (male) (male) (female) (male)",1979–1982,Wood,"4 1/2 x 2 1/2 x 48 7/8" (11.4 x 6.4 x 124.2 cm)","Given anonymously and David Rockefeller, Jr. Purchase Fund",10.1997,Architecture,"Architecture & Design",1997-01-15,yes,968,https://www.moma.org/collection/works/968,https://www.moma.org/media/W1siZiIsIjIyNjQ3MiJdLFsicCIsImNvbnZlcnQiLCItcmVzaXplIDEwMjR4MTAyNFx1MDAzZSJdXQ.jpg?sha=e2349fda63a39ea1,NULL,NULL,124.20,NULL,11.40,NULL,NULL,6.40,NULL,NULL
"Trés Grande Bibliotheque, National Library of France, project, Paris, France","Rem Koolhaas, Art Zaaijer, Georges Heinz, Heike Lohmann, Ron Steiner, Alex Wall, Christophe Cornubert, Ramon Klein, Yushi Uehara, Xaveer de Geijter","6956, 22825, 22827, 22828, 7579, 22829, 22830, 22831, 8933, 22826","(Dutch, born 1944) (Dutch, born 1958) (French, born 1959) (German, born 1960) (American, born 1952) (American, born 1948) (American, born 1963) (American, born 1957) (Japanese, born 1964) (Belgian, born 1957)","(Dutch) (Dutch) (French) (German) (American) (American) (American) (American) (Japanese) (Belgian)","(1944) (1958) (1959) (1960) (1952) (1948) (1963) (1957) (1964) (1957)","(0) (0) (0) (0) (0) (0) (0) (0) (0) (0)","(male) (male) (male) (female) (male) (male) (male) (male) (male) (male)",1989,"Plaster, aluminum, and plywood base","69 x 29 1/2 x 34 1/4" (104.1 x 74.9 x 87 cm)","Frederieke Taylor Purchase Fund and partial gift of the architect",12.1997,Architecture,"Architecture & Design",1997-01-15,yes,969,https://www.moma.org/collection/works/969,https://www.moma.org/media/W1siZiIsIjI5NDYyNCJdLFsicCIsImNvbnZlcnQiLCItcmVzaXplIDEwMjR4MTAyNFx1MDAzZSJdXQ.jpg?sha=1e01f39e56e67893,NULL,NULL,87.00,NULL,175.26,NULL,NULL,74.90,NULL,NULL
"Dr. Phillip M. Lovell House, Los Angeles, California, Scale model 3/8"=1'0","Richard Neutra",4277,"(American, born Austria. 1892–1970)",(American),(1892),(1970),(male),"1927–1929 (model 1979)","Acrylic and wood","34 1/2 x 23 7/8 x 58 3/8" (87.6 x 60.6 x 148.3 cm)","Best Products Company Inc. Architecture Fund",18.1980,Architecture,"Architecture & Design",1981-01-08,yes,970,https://www.moma.org/collection/works/970,https://www.moma.org/media/W1siZiIsIjUyMDg2NiJdLFsicCIsImNvbnZlcnQiLCItcmVzaXplIDEwMjR4MTAyNFx1MDAzZSJdXQ.jpg?sha=fe82f37f327441bf,NULL,NULL,148.27,NULL,87.63,NULL,NULL,60.64,NULL,NULL
"Banca del Gottardo, Lugano, Switzerland","Mario Botta",696,"(Swiss, born 1943)",(Swiss),(1943),NULL,(male),1982–1988,Basswood,"21 1/8 x 45 3/4 x 31 1/2" (53.7 x 116.2 x 80 cm)","Gift of the Gotthard Bank",80.1989,Architecture,"Architecture & Design",1989-05-16,yes,971,https://www.moma.org/collection/works/971,NULL,NULL,NULL,80.01,NULL,53.66,NULL,NULL,116.21,NULL,NULL
"Autonomous Artisans' House project, Staten Island, New York","Steven Holl",2702,"(American, born 1947)",(American),(1947),NULL,(male),1980–1984,Balsawood,"4 3/4 x 26 3/8 x 9 1/4" (12 x 67 x 23.5 cm)","Edward Larrabee Barnes Purchase Fund",81.1989,Architecture,"Architecture & Design",1989-05-16,yes,972,https://www.moma.org/collection/works/972,NULL,NULL,NULL,23.50,NULL,12.00,NULL,NULL,67.00,NULL,NULL
"Residence for Herbert Green, Cherry Ridge, Pennsylvania","Paul Rudolph",5076,"(American, 1918–1997)",(American),(1918),(1997),(male),1968-72,Plexiglass,"17 1/2 x 53 x 32 1/8" (44.5 x 134.6 x 81.6 cm)","Gift of the architect",82.1989,Architecture,"Architecture & Design",1989-05-16,yes,973,https://www.moma.org/collection/works/973,https://www.moma.org/media/W1siZiIsIjIyNjQzMSJdLFsicCIsImNvbnZlcnQiLCItcmVzaXplIDEwMjR4MTAyNFx1MDAzZSJdXQ.jpg?sha=1811e88c385017c2,NULL,NULL,81.60,NULL,44.45,NULL,NULL,134.62,NULL,NULL
"Lemoine House (Maison à Bordeaux), Floirac, Bordeaux, France","Rem Koolhaas, Julien Monfort, Jeroen Thomas, Yo Yamagata, Jeanne Gang, Chris Dondorp","6956, 22837, 8175, 22838, 22839, 22840","(Dutch, born 1944) (French, born 1968) (Dutch, born 1952) (Japanese, born 1962) (American, born 1964) (Dutch, born 1970)","(Dutch) (French) (Dutch) (Japanese) (American) (Dutch)","(1944) (1968) (1952) (1962) (1964) (1970)","(0) (0) (0) (0) (0) (0)","(male) (male) (male) (male) (female) (male)",1994-98,"Aluminum, plastic, metal, composite board, rock, electric lights and motor","12 7/8 x 52 1/8 x 18 3/16" (32.7 x 132.4 x 46.2 cm)","Gift of Patricia Phelps de Cisneros in honor of Terence Riley",101.1996,Architecture,"Architecture & Design",1996-04-09,yes,974,https://www.moma.org/collection/works/974,https://www.moma.org/media/W1siZiIsIjIyNzkyMiJdLFsicCIsImNvbnZlcnQiLCItcmVzaXplIDEwMjR4MTAyNFx1MDAzZSJdXQ.jpg?sha=effb5e579f2657d3,NULL,NULL,46.20,NULL,32.70,NULL,NULL,132.40,NULL,NULL
"A Dutch House, Holten, The Netherlands","Rem Koolhaas, Gro Bonesmo, Jeroen Thomas","6956, 22836, 8175","(Dutch, born 1944) (Norwegian, born 1963) (Dutch, born 1952)","(Dutch) (Norwegian) (Dutch)","(1944) (1963) (1952)","(0) (0) (0)","(male) (female) (male)",1993,"Plywood, plastic, paper, sand, wood, metal, and paint","15 1/8 x 36 1/2 x 59" (38.4 x 92.7 x 149.9 cm)","Given anonymously",102.1996,Architecture,"Architecture & Design",1996-04-09,yes,975,https://www.moma.org/collection/works/975,https://www.moma.org/media/W1siZiIsIjIyNzkyNiJdLFsicCIsImNvbnZlcnQiLCItcmVzaXplIDEwMjR4MTAyNFx1MDAzZSJdXQ.jpg?sha=d4ce5ebc1353d14c,NULL,NULL,149.86,NULL,38.42,NULL,NULL,92.71,NULL,NULL
"Slow House Project, North Haven, New York, Scale model 1/4"=1'","Elizabeth Diller, Ricardo Scofidio","6951, 6952","(American, born Poland 1954) (American, born 1935)","(American) (American)","(1954) (1935)",NULL,"(female) (male)",1988-90,"Wood, cardboard, metal, plastic, and twine","14 3/4 x 59 1/16 x 30 1/4" (37.5 x 150 x 76.8 cm)","Marshall Cogan Purchase Fund and Jeffrey P. Klein Purchase Fund",115.1992,Architecture,"Architecture & Design",1992-01-15,yes,977,https://www.moma.org/collection/works/977,https://www.moma.org/media/W1siZiIsIjIyNzk5OCJdLFsicCIsImNvbnZlcnQiLCItcmVzaXplIDEwMjR4MTAyNFx1MDAzZSJdXQ.jpg?sha=c3a1c0b087497a09,NULL,NULL,76.84,NULL,37.47,NULL,NULL,150.02,NULL,NULL
"Offices for Willis Faber & Dumas Ltd., Ipswich, England","Foster Associates",1953,"(British, founded 1967)",(British),(1967),NULL,NULL,1970-75,Plastic,"11 x 37 1/2 x 47 3/8" (27.9 x 95.3 x 120.3 cm)","Gift of the architects",123.1984,Architecture,"Architecture & Design",1984-10-30,yes,978,https://www.moma.org/collection/works/978,https://www.moma.org/media/W1siZiIsIjIyODAyMyJdLFsicCIsImNvbnZlcnQiLCItcmVzaXplIDEwMjR4MTAyNFx1MDAzZSJdXQ.jpg?sha=a982a3b3557ed520,NULL,NULL,120.33,NULL,27.94,NULL,NULL,95.25,NULL,NULL
"Offices for Willis Faber & Dumas Ltd., Ipswich, England","Foster Associates",1953,"(British, founded 1967)",(British),(1967),NULL,NULL,1970-75,NULL,"13 1/2 x 54 1/2 x 63 3/4" (34.3 x 138.4 x 162 cm)","Gift of the architects",124.1984,Architecture,"Architecture & Design",1984-10-30,no,979,NULL,NULL,NULL,NULL,162.00,NULL,34.29,NULL,NULL,138.43,NULL,NULL
"Fallingwater, Edgar J. Kaufmann House, Mill Run, Pennsylvania","Frank Lloyd Wright",6459,"(American, 1867–1959)",(American),(1867),(1959),(male),1934-37,"Acrylic, wood, metal, expanded polystyrene, and paint","40 1/2 x 71 1/2 x 47 5/8" (102.9 x 181.6 x 121 cm)","Best Products Company Architecture Fund",125.1984,Architecture,"Architecture & Design",1984-10-30,yes,980,https://www.moma.org/collection/works/980,https://www.moma.org/media/W1siZiIsIjIxMDM0OCJdLFsicCIsImNvbnZlcnQiLCItcmVzaXplIDEwMjR4MTAyNFx1MDAzZSJdXQ.jpg?sha=362f7c839268cbe6,NULL,NULL,121.00,NULL,102.90,NULL,NULL,181.60,NULL,NULL
"Governor's Palace (Raj Bhaven) project, Chandigarh, India","Le Corbusier (Charles-Édouard Jeanneret), Pierre Jeanneret","3426, 2899","(French, born Switzerland. 1887–1965) (Swiss, 1896–1967)","(French) (Swiss)","(1887) (1896)","(1965) (1967)","(male) (male)",1951–1976,"Wood, cardboard, and plexiglass","33 x 71 1/4 x 65" (83.8 x 181 x 165.1 cm)","Gift of Alexander Gorlin",125.1988,Architecture,"Architecture & Design",1988-04-27,yes,981,https://www.moma.org/collection/works/981,NULL,NULL,NULL,165.10,NULL,83.82,NULL,NULL,180.98,NULL,NULL
"Beach House Project","Robert Venturi",6132,"(American, 1925–2018)",(American),(1925),(2018),(male),"c. 1959","Cardboard and wooden dowels","11 1/4 x 14 3/4 x 9 1/2" (28.5 x 37.5 x 24.1 cm)","Gift of Venturi, Rauch, and Scott Brown, Inc.",126.1988,Architecture,"Architecture & Design",1988-04-27,yes,982,https://www.moma.org/collection/works/982,https://www.moma.org/media/W1siZiIsIjIyODAzMSJdLFsicCIsImNvbnZlcnQiLCItcmVzaXplIDEwMjR4MTAyNFx1MDAzZSJdXQ.jpg?sha=370327618a45c6b8,NULL,NULL,24.13,NULL,28.50,NULL,NULL,37.50,NULL,NULL
"Vanna Venturi House, Chestnut Hill, Pennsylvania, Scheme III A","Robert Venturi",6132,"(American, 1925–2018)",(American),(1925),(2018),(male),1959–1964,"Cardboard and wood","12 x 10 1/2 x 13" (30.5 x 26.7 x 33 cm)","Gift of Venturi, Rauch, and Scott Brown, Inc.",127.1988,Architecture,"Architecture & Design",1988-04-27,yes,983,https://www.moma.org/collection/works/983,https://www.moma.org/media/W1siZiIsIjIyODAzNyJdLFsicCIsImNvbnZlcnQiLCItcmVzaXplIDEwMjR4MTAyNFx1MDAzZSJdXQ.jpg?sha=2ba51f9979c4d0cd,NULL,NULL,33.02,NULL,30.48,NULL,NULL,26.67,NULL,NULL
"Vanna Venturi House, Chestnut Hill, Pennsylvania, Scheme III B","Robert Venturi",6132,"(American, 1925–2018)",(American),(1925),(2018),(male),1959-64,"Cardboard and wooden dowels","10 1/8 x 15 1/4 x 10 3/8" (25.7 x 38.7 x 26.3 cm)","Gift of Venturi, Rauch, and Scott Brown, Inc.",128.1988,Architecture,"Architecture & Design",1988-04-27,yes,984,https://www.moma.org/collection/works/984,https://www.moma.org/media/W1siZiIsIjIyODA0MyJdLFsicCIsImNvbnZlcnQiLCItcmVzaXplIDEwMjR4MTAyNFx1MDAzZSJdXQ.jpg?sha=aa4b2117064ea731,NULL,NULL,26.30,NULL,25.72,NULL,NULL,38.74,NULL,NULL
"Vanna Venturi House, Chestnut Hill, Pennsylvania, Scheme IV A","Robert Venturi",6132,"(American, 1925–2018)",(American),(1925),(2018),(male),1959-64,"Balsa wood and cardboard","9 1/4 x 14 1/4 x 9 3/4" (23.5 x 36.2 x 24.8 cm)","Gift of Venturi, Rauch, and Scott Brown, Inc.",129.1988,Architecture,"Architecture & Design",1988-04-27,yes,985,https://www.moma.org/collection/works/985,https://www.moma.org/media/W1siZiIsIjIyODA1MSJdLFsicCIsImNvbnZlcnQiLCItcmVzaXplIDEwMjR4MTAyNFx1MDAzZSJdXQ.jpg?sha=b608a18d35d86dfb,NULL,NULL,24.80,NULL,23.50,NULL,NULL,36.20,NULL,NULL
"Vanna Venturi House, Chestnut Hill, Pennsylvania, Scheme IV B","Robert Venturi",6132,"(American, 1925–2018)",(American),(1925),(2018),(male),1959-64,"Cardboard and paper","8 3/8 x 14 3/4 x 9 3/4" (21.2 x 37.5 x 24.8 cm)","Gift of Venturi, Rauch, and Scott Brown, Inc.",130.1988,Architecture,"Architecture & Design",1988-04-27,yes,987,https://www.moma.org/collection/works/987,https://www.moma.org/media/W1siZiIsIjIyODA1NSJdLFsicCIsImNvbnZlcnQiLCItcmVzaXplIDEwMjR4MTAyNFx1MDAzZSJdXQ.jpg?sha=602c1ccf47bfecbb,NULL,NULL,24.80,NULL,21.20,NULL,NULL,37.50,NULL,NULL
"Vanna Venturi House, Chestnut Hill, Pennsylvania, Scheme V","Robert Venturi",6132,"(American, 1925–2018)",(American),(1925),(2018),(male),1959-64,"Cardboard and paper","9 3/4 x 18 1/2 x 10" (24.8 x 47 x 25.4 cm)","Gift of Venturi, Rauch, and Scott Brown, Inc.",131.1988,Architecture,"Architecture & Design",1988-04-27,yes,989,https://www.moma.org/collection/works/989,https://www.moma.org/media/W1siZiIsIjIyODA2MSJdLFsicCIsImNvbnZlcnQiLCItcmVzaXplIDEwMjR4MTAyNFx1MDAzZSJdXQ.jpg?sha=f3d0fbaec26d652a,NULL,NULL,25.40,NULL,24.80,NULL,NULL,47.00,NULL,NULL
"Vanna Venturi House, Chestnut Hill, Pennsylvania, Scheme VI (final)","Robert Venturi",6132,"(American, 1925–2018)",(American),(1925),(2018),(male),1959-64,"Cardboard and paper","7 3/4 x 20 1/2 x 6 3/4" (19.7 x 52.1 x 17.1 cm)","Gift of Venturi, Rauch and Scott Brown, Inc.",132.1988,Architecture,"Architecture & Design",1988-04-27,yes,990,https://www.moma.org/collection/works/990,https://www.moma.org/media/W1siZiIsIjIyODA2NSJdLFsicCIsImNvbnZlcnQiLCItcmVzaXplIDEwMjR4MTAyNFx1MDAzZSJdXQ.jpg?sha=67de90da3acbe13c,NULL,NULL,17.10,NULL,19.70,NULL,NULL,52.10,NULL,NULL
"Chikatsa-Asuka Historical Museum, Minami-Kawachi, Osaka, Japan","Tadao Ando",7055,"(Japanese, born 1941)",(Japanese),(1941),NULL,(male),1989-1993,"Crayon, pencil, colored pencil, ink, charcoal","13 1/4 x 47 1/2" (33.7 x 120.7 cm)","Gift of the architect",141.1993,Architecture,"Architecture & Design",1993-05-04,yes,991,https://www.moma.org/collection/works/991,https://www.moma.org/media/W1siZiIsIjI2MDQ5NSJdLFsicCIsImNvbnZlcnQiLCItcmVzaXplIDEwMjR4MTAyNFx1MDAzZSJdXQ.jpg?sha=ed1daf659c4a0bde,NULL,NULL,NULL,NULL,33.66,NULL,NULL,120.65,NULL,NULL
"Eames House, Los Angeles, California","Charles Eames, Ray Eames","1671, 1672","(American, 1907–1978) (American, 1912–1988)","(American) (American)","(1907) (1912)","(1978) (1988)","(male) (female)",1949,"Plastic and wood","20 x 84 x 30" (50.8 x 213.4 x 76.2 cm)","Emilio Ambasz Fund",153.1984,Architecture,"Architecture & Design",1984-10-03,yes,992,https://www.moma.org/collection/works/992,https://www.moma.org/media/W1siZiIsIjYyMjEwIl0sWyJwIiwiY29udmVydCIsIi1yZXNpemUgMTAyNHgxMDI0XHUwMDNlIl1d.jpg?sha=e06460959324fab1,NULL,NULL,76.20,NULL,50.80,NULL,NULL,213.36,NULL,NULL
"Church on the Water, Hokkaido, Japan","Tadao Ando",7055,"(Japanese, born 1941)",(Japanese),(1941),NULL,(male),1985-89,"Wood and Plexiglass","5 1/2 x 53 11/16 x 32" (14 x 136.4 x 81.3 cm)","Gift of the architect",157.1993,Architecture,"Architecture & Design",1993-05-04,yes,993,https://www.moma.org/collection/works/993,https://www.moma.org/media/W1siZiIsIjIyODQ0MSJdLFsicCIsImNvbnZlcnQiLCItcmVzaXplIDEwMjR4MTAyNFx1MDAzZSJdXQ.jpg?sha=1d613b3637dfaed0,NULL,NULL,81.28,NULL,13.97,NULL,NULL,136.37,NULL,NULL
"Chikatsa-Asuka Historical Museum, Osaka, Japan","Tadao Ando",7055,"(Japanese, born 1941)",(Japanese),(1941),NULL,(male),1989-91,"Wood and acrylic","9 x 68 1/4 x 33" (22.9 x 173.4 x 83.8 cm)","Gift of the architect",158.1993,Architecture,"Architecture & Design",1993-05-04,yes,994,https://www.moma.org/collection/works/994,https://www.moma.org/media/W1siZiIsIjIyODQ1MiJdLFsicCIsImNvbnZlcnQiLCItcmVzaXplIDEwMjR4MTAyNFx1MDAzZSJdXQ.jpg?sha=cf62ac732cbf4cc2,NULL,NULL,83.82,NULL,22.86,NULL,NULL,173.36,NULL,NULL
"Fazenda Vargem Grande, Clemente Gomes Estate, Areira, Sao Paulo, Brazil, Model 1:200","Roberto Burle Marx",6934,"(Brazilian, 1909–1994)",(Brazilian),(1909),(1994),(male),1979-80,Plasteline,"9 x 26 5/8 x 36 5/8" (22.9 x 67.6 x 93 cm)","Friends of Roberto Burle Marx Fund and Department Purchase",159.1991,Architecture,"Architecture & Design",1991-06-04,yes,995,https://www.moma.org/collection/works/995,https://www.moma.org/media/W1siZiIsIjIyODQ1NiJdLFsicCIsImNvbnZlcnQiLCItcmVzaXplIDEwMjR4MTAyNFx1MDAzZSJdXQ.jpg?sha=08fd0c457ce3a81e,NULL,NULL,93.03,NULL,22.86,NULL,NULL,67.63,NULL,NULL
"Architectural block from the Imperial Hotel, Tokyo","Frank Lloyd Wright",6459,"(American, 1867–1959)",(American),(1867),(1959),(male),1913–1923,Terracotta,"8 1/2 x 8 5/16 x 2 5/8" (21.6 x 21.1 x 6.7 cm)","Gift of Barbara Pine",159.1993,Architecture,"Architecture & Design",1993-05-04,yes,996,https://www.moma.org/collection/works/996,https://www.moma.org/media/W1siZiIsIjUyNzQ0NiJdLFsicCIsImNvbnZlcnQiLCItcmVzaXplIDEwMjR4MTAyNFx1MDAzZSJdXQ.jpg?sha=fc20f1115ce94b50,NULL,NULL,6.67,NULL,21.59,NULL,NULL,21.11,NULL,NULL
"T-House, Wilton, New York (Scale model)","Simon Ungers, Thomas Kinslow","7992, 8248","(German, 1957–2006)","(German) ()","(1957) (0)","(2006) (0)","(male) (male)",1988–1995,"Steel and plywood","16 15/16 x 32 5/8 x 44 1/8" (43 x 82.9 x 112 cm)","Agnes Gund Purchase Fund and David Childs Purchase Fund",193.1998,Architecture,"Architecture & Design",1998-04-22,yes,997,https://www.moma.org/collection/works/997,https://www.moma.org/media/W1siZiIsIjIxMDYyNiJdLFsicCIsImNvbnZlcnQiLCItcmVzaXplIDEwMjR4MTAyNFx1MDAzZSJdXQ.jpg?sha=1e5df52175018bfc,NULL,NULL,112.00,NULL,43.00,NULL,NULL,82.90,NULL,NULL
"Midway Gardens, Chicago, IL","Frank Lloyd Wright",6459,"(American, 1867–1959)",(American),(1867),(1959),(male),1913-14,"Acrylic, brass, pewter, and paint","12 3/4 x 43 3/4 x 43 3/4" (32.4 x 111.1 x 111.1 cm)",Purchase,226.1994,Architecture,"Architecture & Design",1994-05-03,yes,998,https://www.moma.org/collection/works/998,https://www.moma.org/media/W1siZiIsIjIxMDc3MSJdLFsicCIsImNvbnZlcnQiLCItcmVzaXplIDEwMjR4MTAyNFx1MDAzZSJdXQ.jpg?sha=b1e597f7df5cf852,NULL,NULL,111.13,NULL,32.39,NULL,NULL,111.13,NULL,NULL
"San Marcos-in-the-Desert Resort, Chandler, Arizona","Frank Lloyd Wright",6459,"(American, 1867–1959)",(American),(1867),(1959),(male),1928–1929,"Urethane foam, acrylic, metal, plastic, brass, and paint","25 x 128 x 48" (63.5 x 325.1 x 121.9 cm)",Purchase,227.1994,Architecture,"Architecture & Design",1994-05-03,yes,999,https://www.moma.org/collection/works/999,NULL,NULL,NULL,121.92,NULL,63.50,NULL,NULL,325.12,NULL,NULL
"House, Breganoza, Switzerland","Mario Botta",696,"(Swiss, born 1943)",(Swiss),(1943),NULL,(male),1984,Wood,"25 x 45 13/16 x 31 5/8" (63.5 x 116.4 x 80.3 cm)","Marshall Cogan Purchase Fund",228.1987,Architecture,"Architecture & Design",1987-05-27,yes,1000,https://www.moma.org/collection/works/1000,https://www.moma.org/media/W1siZiIsIjIyODg5MiJdLFsicCIsImNvbnZlcnQiLCItcmVzaXplIDEwMjR4MTAyNFx1MDAzZSJdXQ.jpg?sha=9fd6c7f73675ef12,NULL,NULL,80.33,NULL,63.50,NULL,NULL,116.36,NULL,NULL
"Cité de Refuge, Paris, France","Le Corbusier (Charles-Édouard Jeanneret), Pierre Jeanneret","3426, 2899","(French, born Switzerland. 1887–1965) (Swiss, 1896–1967)","(French) (Swiss)","(1887) (1896)","(1965) (1967)","(male) (male)","1929-1933, model 1987",Acrylic,"18 3/4 x 45 x 27" (47.6 x 114.3 x 68.6 cm)","Given in honor of Arthur Drexler by Lily Auchincloss, Celeste & Armand P. Bartos, Edward & Mary Barnes, Samuel I. Newhouse Foundation, The Joseph H. & Florence A. Roblee Foundation, Skidmore, Owings & Merrill/New York Partners, Geddes Brecher Qualls Cunningham",229.1987,Architecture,"Architecture & Design",1987-05-27,yes,1002,https://www.moma.org/collection/works/1002,NULL,NULL,NULL,68.58,NULL,47.63,NULL,NULL,114.30,NULL,NULL
"Swiss Pavilion, Cité Universitaire, Paris, France","Le Corbusier (Charles-Édouard Jeanneret), Pierre Jeanneret","3426, 2899","(French, born Switzerland. 1887–1965) (Swiss, 1896–1967)","(French) (Swiss)","(1887) (1896)","(1965) (1967)","(male) (male)",1930-32,Acrylic,"21 1/4 x 48 3/16 x 36 1/8" (54 x 122.4 x 91.8 cm)","Given in honor of Arthur Drexler by Sydney and Frances Lewis, Richmond, Virginia",230.1987,Architecture,"Architecture & Design",1987-05-27,yes,1003,https://www.moma.org/collection/works/1003,https://www.moma.org/media/W1siZiIsIjIyODg5OSJdLFsicCIsImNvbnZlcnQiLCItcmVzaXplIDEwMjR4MTAyNFx1MDAzZSJdXQ.jpg?sha=4dcac0dc54a3d32b,NULL,NULL,91.76,NULL,53.98,NULL,NULL,122.40,NULL,NULL
"Glass Skyscraper, project, no intended site known","Ludwig Mies van der Rohe",7166,"(American, born Germany. 1886–1969)",(American),(1886),(1969),(male),"1922 (model 1985)","Acrylic and paper","24 1/8 x 9 3/8 x 8" (61.3 x 23.8 x 20.3 cm)",Purchase,259.1986,Architecture,"Architecture & Design",1986-10-07,yes,1004,https://www.moma.org/collection/works/1004,https://www.moma.org/media/W1siZiIsIjc1NjI0Il0sWyJwIiwiY29udmVydCIsIi1yZXNpemUgMTAyNHgxMDI0XHUwMDNlIl1d.jpg?sha=aaaff5faed309ad1,NULL,NULL,20.30,NULL,61.30,NULL,NULL,23.80,NULL,NULL
"Friedrichstrasse Skyscraper Project, Berlin-Mitte, Germany","Ludwig Mies van der Rohe",7166,"(American, born Germany. 1886–1969)",(American),(1886),(1969),(male),"1921 (model 1985)",Acrylic,"16 x 18 5/8 x 17 1/4" (40.6 x 47.3 x 43.8 cm)",Purchase,260.1986,Architecture,"Architecture & Design",1986-10-07,yes,1005,https://www.moma.org/collection/works/1005,https://www.moma.org/media/W1siZiIsIjUyNjg0OCJdLFsicCIsImNvbnZlcnQiLCItcmVzaXplIDEwMjR4MTAyNFx1MDAzZSJdXQ.jpg?sha=a461b591ae392a81,NULL,NULL,43.82,NULL,40.60,NULL,NULL,47.31,NULL,NULL
"Farnsworth House, Plano, Illinois","Ludwig Mies van der Rohe",7166,"(American, born Germany. 1886–1969)",(American),(1886),(1969),(male),1945–1951,"Synthetic polymer paint, wood, metal, plastic, Plexiglas, sand, and paper","30 1/4 x 60 3/8 x 42 1/4" (76.8 x 153.4 x 107.3 cm)
",Purchase,261.1986,Architecture,"Architecture & Design",1986-10-07,yes,1006,https://www.moma.org/collection/works/1006,https://www.moma.org/media/W1siZiIsIjIxMDkyMCJdLFsicCIsImNvbnZlcnQiLCItcmVzaXplIDEwMjR4MTAyNFx1MDAzZSJdXQ.jpg?sha=6cbd68752a2671ee,NULL,NULL,107.32,NULL,76.80,NULL,NULL,153.35,NULL,NULL
"Column Cover for the German Pavilion, International Exposition, Barcelona, Spain","Ludwig Mies van der Rohe",7166,"(American, born Germany. 1886–1969)",(American),(1886),(1969),(male),1928-29,"Chrome-plated steel","118 1/2 x 6 1/2 x 6 1/2" (301 x 16.5 x 16.5 cm)",Purchase,262.1986,Architecture,"Architecture & Design",1986-10-07,yes,1007,https://www.moma.org/collection/works/1007,https://www.moma.org/media/W1siZiIsIjIxMDkyNSJdLFsicCIsImNvbnZlcnQiLCItcmVzaXplIDEwMjR4MTAyNFx1MDAzZSJdXQ.jpg?sha=f09f4ba416d3a81e,"MoMA, Floor 5, 511",NULL,16.51,NULL,300.99,NULL,NULL,16.51,NULL,NULL
"Column Cover for the Tugendhat House, Brno, Czechoslovakia","Ludwig Mies van der Rohe",7166,"(American, born Germany. 1886–1969)",(American),(1886),(1969),(male),1928-30,"Chrome-plated steel","120 x 7 1/2 x 7 1/2" (304.8 x 19.1 x 19.1 cm)",Purchase,263.1986,Architecture,"Architecture & Design",1986-10-07,no,1008,NULL,NULL,"MoMA, Floor 5, 511",NULL,19.05,NULL,304.80,NULL,NULL,19.05,NULL,NULL
"Church of the Three Crosses, Vuoksenniska, Imatra, Finland","Alvar Aalto",34,"(Finnish, 1898–1976)",(Finnish),(1898),(1976),(male),1955-58,"Plastic, cardboard, and synthetic polymer paint","15 x 30 x 54" (38.1 x 76.2 x 137.1 cm)",Purchase,280.1999,Architecture,"Architecture & Design",2000-06-30,yes,1009,https://www.moma.org/collection/works/1009,https://www.moma.org/media/W1siZiIsIjExNTk1OSJdLFsicCIsImNvbnZlcnQiLCItcmVzaXplIDEwMjR4MTAyNFx1MDAzZSJdXQ.jpg?sha=8c9fb86650f6c7b7,NULL,NULL,137.10,NULL,38.10,NULL,NULL,76.20,NULL,NULL
"Viipuri City Library, Viipuri, Finland (now Vyborg, Russia)","Alvar Aalto",34,"(Finnish, 1898–1976)",(Finnish),(1898),(1976),(male),1927-35,"Plastic, wood, plywood, paper, and paint","24 x 42 1/8 x 72" (61 x 107 x 182.9 cm)","Gift of Elise Jaffe + Jeffrey Brown",281.1999,Architecture,"Architecture & Design",2000-06-30,yes,1010,https://www.moma.org/collection/works/1010,https://www.moma.org/media/W1siZiIsIjIyOTE3NyJdLFsicCIsImNvbnZlcnQiLCItcmVzaXplIDEwMjR4MTAyNFx1MDAzZSJdXQ.jpg?sha=7f77bd1aebc63c79,NULL,NULL,182.88,NULL,61.00,NULL,NULL,107.00,NULL,NULL
"German Pavilion, International Exposition, Barcelona, Spain","Ludwig Mies van der Rohe",7166,"(American, born Germany. 1886–1969)",(American),(1886),(1969),(male),1928-29,"Acrylic and chrome-plated glass","11 3/4 x 76 7/8 x 38 3/4" (29.8 x 195.3 x 98.4 cm)","Barcelona Pavilion Replacement Fund",282.1999,Architecture,"Architecture & Design",2000-06-30,yes,1011,https://www.moma.org/collection/works/1011,https://www.moma.org/media/W1siZiIsIjIyOTE4MSJdLFsicCIsImNvbnZlcnQiLCItcmVzaXplIDEwMjR4MTAyNFx1MDAzZSJdXQ.jpg?sha=9b0192a9b886d3a9,NULL,NULL,98.43,NULL,29.85,NULL,NULL,195.26,NULL,NULL
"The Atheneum, New Harmony, Indiana","Richard Meier & Associates, Architects",22754,"(founded 1963)",NULL,(1963),NULL,NULL,1975-79,Styrene,"9 3/4 x 41 x 29 3/4" (24.8 x 104.2 x 75.6 cm)","Gift of the architect",323.1984,Architecture,"Architecture & Design",1984-10-30,yes,1012,https://www.moma.org/collection/works/1012,https://www.moma.org/media/W1siZiIsIjIyOTI2MSJdLFsicCIsImNvbnZlcnQiLCItcmVzaXplIDEwMjR4MTAyNFx1MDAzZSJdXQ.jpg?sha=09bd117d6d79e909,NULL,NULL,75.57,NULL,24.80,NULL,NULL,104.20,NULL,NULL
"Gwathmey Residence, Amagansett, New York","Charles Gwathmey",2424,"(American, 1938–2009)",(American),(1938),(2009),(male),1965–1967,"Cardboard and wood","9 3/8 x 8 1/8 x 9 1/8" (23.8 x 20.6 x 23.2 cm)","Gift of the architect",356.1993,Architecture,"Architecture & Design",1993-11-04,yes,1013,https://www.moma.org/collection/works/1013,https://www.moma.org/media/W1siZiIsIjIyOTM5MyJdLFsicCIsImNvbnZlcnQiLCItcmVzaXplIDEwMjR4MTAyNFx1MDAzZSJdXQ.jpg?sha=3cd5467a50db8d46,NULL,NULL,23.18,NULL,23.81,NULL,NULL,20.64,NULL,NULL
"Kunsthalle project, Dresden, Germany","Frank Stella, Earl Childress, Robert Kahn Architects, New York, Nageli & Vallebuona Architekten, Berlin","5640, 7234, 7235, 7236","(American, 1936–2024) (American, born 1956) (German)","(American) (American) () (German)","(1936) (1956) (0) (0)","(2024) (0) (0) (0)","(male) (male) () ()",1992,"Stainless steel","9" x  60 3/4" x  42"  (22.9 x  154.3 x  106.7 cm)","Gift of the artist",357.1993,Architecture,"Architecture & Design",1993-11-04,yes,1014,https://www.moma.org/collection/works/1014,NULL,NULL,NULL,106.70,NULL,22.90,NULL,NULL,154.30,NULL,NULL
"Schröder House, Utrecht, The Netherlands","Gerrit Rietveld, Mrs. Truus Schröder-Schräder","4922, 22866","(Dutch, 1888–1964)","(Dutch) ()","(1888) (0)","(1964) (0)","(male) (female)","1924 (model 1965)","Wood and paint","19 x 30 3/16 x 21 3/16" (48.3 x 76.7 x 53.8 cm)","Gift of Mrs. Phyllis B. Lambert",361.1966,Architecture,"Architecture & Design",1966-05-10,yes,1015,https://www.moma.org/collection/works/1015,https://www.moma.org/media/W1siZiIsIjUxOTQ0NiJdLFsicCIsImNvbnZlcnQiLCItcmVzaXplIDEwMjR4MTAyNFx1MDAzZSJdXQ.jpg?sha=344e736b8f7af1cc,NULL,NULL,53.82,NULL,48.26,NULL,NULL,76.68,NULL,NULL
"Signal Box auf dem Wolf, Basel, Switzerland","Jacques Herzog, Pierre de Meuron, Herzog & de Meuron, Basel","7421, 7422, 7567","(Swiss, born 1950) (Swiss, born 1950) (est. 1978)","(Swiss) (Swiss) (Swiss)","(1950) (1950) (1978)","(0) (0) (0)","(male) (male) ()",1988-95,"Copper and painted wood","41 5/8 x 19 1/8 x 12 1/8" (105.8 x 48.6 x 30.8 cm)",Purchase,388.1994,Architecture,"Architecture & Design",1994-09-21,yes,1016,https://www.moma.org/collection/works/1016,https://www.moma.org/media/W1siZiIsIjIxNDAwNiJdLFsicCIsImNvbnZlcnQiLCItcmVzaXplIDEwMjR4MTAyNFx1MDAzZSJdXQ.jpg?sha=d3b1e64241795ab7,NULL,NULL,30.80,NULL,105.80,NULL,NULL,48.58,NULL,NULL
"The Museum of Modern Art, New York (Scheme 4, First Variation)","George Howe, William Lescaze","7424, 7425","(American, 1886–1955) (American, born Switzerland. 1896–1969)","(American) (American)","(1886) (1896)","(1955) (1969)","(male) (male)",1930,"Wood, plastic and metal","33 x 12 x 16 3/4" (83.8 x 30.5 x 42.5 cm)","Gift of Della Rothermel in honor of John Petrik Rothermel",389.1994,Architecture,"Architecture & Design",1998-04-22,yes,1017,https://www.moma.org/collection/works/1017,https://www.moma.org/media/W1siZiIsIjIyOTUwNCJdLFsicCIsImNvbnZlcnQiLCItcmVzaXplIDEwMjR4MTAyNFx1MDAzZSJdXQ.jpg?sha=d5e3340a7712c494,NULL,NULL,42.50,NULL,83.80,NULL,NULL,30.50,NULL,NULL
"Familian House Project, Santa Monica, California","Frank O. Gehry",2108,"(American, born Canada 1929)",(American),(1929),NULL,(male),1977-78,"Foam core board, cardboard, balsa, metallic foil, and grey paper","14 x 25 x 50" (35.5 x 63.5 x 127 cm)","Gift of the architect",393.1988,Architecture,"Architecture & Design",1988-11-22,yes,1020,https://www.moma.org/collection/works/1020,https://www.moma.org/media/W1siZiIsIjIyOTUwOSJdLFsicCIsImNvbnZlcnQiLCItcmVzaXplIDEwMjR4MTAyNFx1MDAzZSJdXQ.jpg?sha=c0bcff7caef60cec,NULL,NULL,127.00,NULL,35.50,NULL,NULL,63.50,NULL,NULL
"Hanselmann House, Fort Wayne, Indiana","Michael Graves, Timothy Wood, Peter Waldman, Peter Carl, Robert White, Christopher Chimera","2308, 22731, 22732, 22733, 22734, 22735","(American, 1934–2015)","(American) () () () () ()","(1934) (0) (0) (0) (0) (0)","(2015) (0) (0) (0) (0) (0)","(male) (male) (male) (male) (male) (male)",1967–1968,"Wood and paint","4 3/4 x 16 1/2 x 8 1/4" (12.1 x 41.9 x 21 cm)","Gift of Mr. and Mrs. Robert M. Meltzer",398.1982,Architecture,"Architecture & Design",1982-10-27,yes,1021,https://www.moma.org/collection/works/1021,https://www.moma.org/media/W1siZiIsIjIyOTUyMSJdLFsicCIsImNvbnZlcnQiLCItcmVzaXplIDEwMjR4MTAyNFx1MDAzZSJdXQ.jpg?sha=369ff7ffa6782b07,NULL,NULL,20.96,NULL,12.07,NULL,NULL,41.91,NULL,NULL
"Landfair Apartments, Westwood, Los Angeles, CA","Richard Neutra",4277,"(American, born Austria. 1892–1970)",(American),(1892),(1970),(male),1937,"Plastic and painted wood","17 x 30 1/4 x 46 3/16" (43.2 x 76.8 x 117.3 cm)","Gift of Theodore R. Gamble, Jr.",399.1982,Architecture,"Architecture & Design",1982-10-27,yes,1022,https://www.moma.org/collection/works/1022,https://www.moma.org/media/W1siZiIsIjMyODI4MyJdLFsicCIsImNvbnZlcnQiLCItcmVzaXplIDEwMjR4MTAyNFx1MDAzZSJdXQ.jpg?sha=61ae08cebb824064,NULL,NULL,117.32,NULL,43.18,NULL,NULL,76.84,NULL,NULL
"Municipal Gymnasium, Simancas, Spain (Façade study)","Iñaki Ábalos, Juan Herreros","8837, 8836","(Spanish, born 1956) (Spanish, born 1958)","(Spanish) (Spanish)","(1956) (1958)",NULL,"(male) (male)",1990–1991,"Wood and acrylic","9 1/2 x 19 3/8 x 1/4" (24.2 x 49.2 x 0.6 cm)","Gift of the architects in honor of Philip Johnson",403.1996,Architecture,"Architecture & Design",1996-09-25,yes,1023,https://www.moma.org/collection/works/1023,NULL,NULL,NULL,0.60,NULL,24.20,NULL,NULL,49.21,NULL,NULL
"Church of the Light, Ibaraki, Osaka, Japan","Tadao Ando",7055,"(Japanese, born 1941)",(Japanese),(1941),NULL,(male),1984-89,Wood,"7 1/8 x 17 3/4 x 7" (18.1 x 45.1 x 17.8 cm)","Gift of the architect in honor of Philip Johnson",404.1996,Architecture,"Architecture & Design",1996-09-25,yes,1024,https://www.moma.org/collection/works/1024,https://www.moma.org/media/W1siZiIsIjIyOTUzMCJdLFsicCIsImNvbnZlcnQiLCItcmVzaXplIDEwMjR4MTAyNFx1MDAzZSJdXQ.jpg?sha=b20a1dd90dc416ad,NULL,NULL,17.78,NULL,18.10,NULL,NULL,45.09,NULL,NULL
"Company Centre Nijkerk Project, Nijkerk, The Netherlands","Ben van Berkel",7529,"(Dutch, born 1957)",(Dutch),(1957),NULL,(male),1992,"Aluminium, wood, and Plexiglass","2 1/4 x 39 1/4 x 24" (5.7 x 99.7 x 61 cm) Scale 1:200","Gift of the architect in honor of Philip Johnson",405.1996,Architecture,"Architecture & Design",1996-09-25,yes,1025,https://www.moma.org/collection/works/1025,https://www.moma.org/media/W1siZiIsIjIyOTUzNyJdLFsicCIsImNvbnZlcnQiLCItcmVzaXplIDEwMjR4MTAyNFx1MDAzZSJdXQ.jpg?sha=a1604c9d6bfccd66,NULL,NULL,61.00,NULL,5.70,NULL,NULL,99.70,NULL,NULL
"Alamillo Bridge and Cartuga Viaduct, Seville, Spain","Santiago Calatrava",6968,"(Spanish, born 1951)",(Spanish),(1951),NULL,(male),1987-92,"Acrylic and mirror glass","34 x 104 x 24 1/2" (86.4 x 264.2 x 62.2 cm)","Gift of the architect",406.1996,Architecture,"Architecture & Design",1996-09-25,yes,1026,https://www.moma.org/collection/works/1026,https://www.moma.org/media/W1siZiIsIjIxMTI3NCJdLFsicCIsImNvbnZlcnQiLCItcmVzaXplIDEwMjR4MTAyNFx1MDAzZSJdXQ.jpg?sha=8319b1057ea0377f,NULL,NULL,60.96,NULL,94.30,NULL,NULL,264.16,NULL,NULL
"Lyons Airport Railroad Station, Lyons-Satolas, France","Santiago Calatrava",6968,"(Spanish, born 1951)",(Spanish),(1951),NULL,(male),1989-94,"Acrylic and mirror glass","21 x 60 1/8 x 31 7/8" (53.3 x 152.7 x 81 cm)","Gift of the architect",407.1996,Architecture,"Architecture & Design",1996-09-25,yes,1027,https://www.moma.org/collection/works/1027,https://www.moma.org/media/W1siZiIsIjIyOTU0OSJdLFsicCIsImNvbnZlcnQiLCItcmVzaXplIDEwMjR4MTAyNFx1MDAzZSJdXQ.jpg?sha=395037b84bb6dabf,NULL,NULL,80.96,NULL,53.34,NULL,NULL,152.72,NULL,NULL
"Rooftop Remodeling, Vienna, Austria, Scale model 1:25","Wolf D. Prix, Helmut Swiczinsky","7572, 7573","(Austrian, born 1942) (Polish, born 1944)","(Austrian) (Polish)","(1942) (1944)",NULL,"(male) (male)",1984,"Plastic, wood, metal, cardboard, foamboard, and paint","54 x 42 x 36" (137.2 x 106.7 x 91.5 cm)","Gift of the architect in honor of Philip Johnson",408.1996,Architecture,"Architecture & Design",1996-09-25,yes,1028,https://www.moma.org/collection/works/1028,NULL,NULL,NULL,91.50,NULL,137.20,NULL,NULL,106.70,NULL,NULL
"Glass House, New Canaan, Connecticut","Philip Johnson",2927,"(American, 1906–2005)",(American),(1906),(2005),(male),1947-1949,"Acrylic, wood, metal, paper, synthetic polymer paint, sand and stone","42 1/2 x 55 1/2 x 67" (108 x 141 x 170.2 cm) Scale: 3/8" = 1'-0"","Gift of the architect",409.1985,Architecture,"Architecture & Design",1985-11-18,yes,1029,https://www.moma.org/collection/works/1029,https://www.moma.org/media/W1siZiIsIjU0NzgyNCJdLFsicCIsImNvbnZlcnQiLCItcmVzaXplIDEwMjR4MTAyNFx1MDAzZSJdXQ.jpg?sha=105cc42401f5ab9e,NULL,NULL,170.20,NULL,108.00,NULL,NULL,141.00,NULL,NULL
"Alteka Office Building Project, Tokyo, Japan","Peter Eisenman, Eisenman Architects, New York, Richard Rosson, Mark Wamble, Gregory Merryweather, Nazli Gononsay","6969, 22846, 22847, 22848, 22849, 22850","(American, born 1932) (founded 1988) (American, born 1959)","(American) () () (American) () ()","(1932) (1988) (0) (1959) (0) (0)","(0) (0) (0) (0) (0) (0)","(male) () (male) (male) (male) (male)",1991,"Wood, acrylic, and color tape (zip-a-tone color)","14 1/2 x 12 1/8 x 9 1/2" (36.8 x 30.8 x 24.2 cm)","Gift of the architect in honor of Philip Johnson",409.1996,Architecture,"Architecture & Design",1996-09-25,yes,1030,https://www.moma.org/collection/works/1030,https://www.moma.org/media/W1siZiIsIjE3OTMzMyJdLFsicCIsImNvbnZlcnQiLCItcmVzaXplIDEwMjR4MTAyNFx1MDAzZSJdXQ.jpg?sha=5c3004394716a73b,NULL,NULL,24.20,NULL,36.83,NULL,NULL,30.80,NULL,NULL
"Addition to the Solomon R. Guggenheim Museum, New York, New York, Scale model 1/16" = 1',","Gwathmey Siegel & Associates Architects, Charles Gwathmey, Robert Siegel","7560, 2424, 7171","(est. 1967) (American, 1938–2009) (American, born 1939)","(American) (American) (American)","(1967) (1938) (1939)","(0) (2009) (0)","() (male) (male)",1984-92,"Plexiglass and paint","11 3/4 x 19 x 14 1/2" (29.8 x 48.3 x 36.8 cm)","Gift of the architects in honor of Philip Johnson",410.1996,Architecture,"Architecture & Design",1996-09-25,yes,1031,https://www.moma.org/collection/works/1031,https://www.moma.org/media/W1siZiIsIjIyOTU1OCJdLFsicCIsImNvbnZlcnQiLCItcmVzaXplIDEwMjR4MTAyNFx1MDAzZSJdXQ.jpg?sha=bfb77a3a011e40da,NULL,NULL,36.83,NULL,29.85,NULL,NULL,48.26,NULL,NULL
"Vulcania, St. Ours-les-Roches, Auvergne, France","Hans Hollein",2705,"(Austrian, 1934–2014)",(Austrian),(1934),(2014),(male),1994-2002,"Sand-cast basalt","2 1/2 x 30 1/2 x 17" (6.4 x 77.5 x 43.2 cm)","Gift of the architect in honor of Philip Johnson",411.1996,Architecture,"Architecture & Design",1996-09-25,yes,1032,https://www.moma.org/collection/works/1032,https://www.moma.org/media/W1siZiIsIjIxMTI4OCJdLFsicCIsImNvbnZlcnQiLCItcmVzaXplIDEwMjR4MTAyNFx1MDAzZSJdXQ.jpg?sha=6b4535ccac8a6d76,NULL,NULL,43.20,NULL,6.40,NULL,NULL,77.50,NULL,NULL
"Facade Panel from the Ricola Europe Factory and Storage Building, Mulhouse-Brunnstatt, France","Herzog & de Meuron, Basel, Jacques Herzog, Pierre de Meuron, Karl Blossfeldt","7567, 7421, 7422, 24413","(est. 1978) (Swiss, born 1950) (Swiss, born 1950) (German, 1865–1932)","(Swiss) (Swiss) (Swiss) (German)","(1978) (1950) (1950) (1865)","(0) (0) (0) (1932)","() (male) (male) (male)",1992-93,"Silkscreen on acrylic, framed in aluminum","78 3/4 x 80 1/2 x 1 5/8" (200 x 204.5 x 4.2 cm)","Gift of the architects in honor of Philip Johnson",412.1996,Architecture,"Architecture & Design",1996-09-25,yes,1033,https://www.moma.org/collection/works/1033,https://www.moma.org/media/W1siZiIsIjIxMTI5MCJdLFsicCIsImNvbnZlcnQiLCItcmVzaXplIDEwMjR4MTAyNFx1MDAzZSJdXQ.jpg?sha=5c1e543162fe30a6,NULL,NULL,4.20,NULL,200.00,NULL,NULL,204.47,NULL,NULL
"Mediatheque, Sendai, Miyagi Prefecture, Japan (Scale model 1:150)","Toyo Ito & Associates, Architects",8987,"(Japan, established 1971)",(Japanese),(1971),NULL,NULL,1995–2001,Acrylic,"10 5/8 x 31 1/2 x 29 1/8" (27 x 80 x 74 cm)","Gift of the architect in honor of Philip Johnson",413.1996,Architecture,"Architecture & Design",1996-09-25,yes,1034,https://www.moma.org/collection/works/1034,https://www.moma.org/media/W1siZiIsIjIxMTI5MyJdLFsicCIsImNvbnZlcnQiLCItcmVzaXplIDEwMjR4MTAyNFx1MDAzZSJdXQ.jpg?sha=2b902d7be31b2a63,NULL,NULL,74.00,NULL,27.00,NULL,NULL,80.00,NULL,NULL
"Palm Bay Seafront Hotel and Convention Center Project, Agadir, Morocco","Rem Koolhaas, Winy Maas, Elizabeth Alford, Xaveer de Geyter, Ray Maggiore, Vince Scirano, Ron Steiner, Yushi Uehara","6956, 7575, 7576, 7581, 7577, 7578, 7579, 8933","(Dutch, born 1944) (Dutch, born 1959) (American, born 1967) (Dutch, born 1970) (American, born 1964) (American, born 1966) (American, born 1952) (Japanese, born 1964)","(Dutch) (Dutch) (American) (Dutch) (American) (American) (American) (Japanese)","(1944) (1959) (1967) (1970) (1964) (1966) (1952) (1964)","(0) (0) (0) (0) (0) (0) (0) (0)","(male) (male) (female) (male) (male) (male) (male) (male)",1990,"Plaster, aluminium, and goldplate","5 5/8 x 27 3/8 x 27 3/8" (14.3 x 69.6 x 69.6 cm)","Gift of the architect in honor of Philip Johnson",414.1996,Architecture,"Architecture & Design",1996-09-25,yes,1035,https://www.moma.org/collection/works/1035,https://www.moma.org/media/W1siZiIsIjIxMTI5NyJdLFsicCIsImNvbnZlcnQiLCItcmVzaXplIDEwMjR4MTAyNFx1MDAzZSJdXQ.jpg?sha=7862bf030093289f,NULL,NULL,69.60,NULL,14.30,NULL,NULL,69.60,NULL,NULL
"Berlin Museum with the Jewish Museum, Scale model 1:100","Daniel Libeskind",7527,"(American, born Poland 1946)",(American),(1946),NULL,(male),1989-2001,"Wood and paper","11 1/2 x 119 x 99 1/2" (29.2 x 302.3 x 252.7 cm)","Gift of the architect in honor of Philip Johnson",415.1996,Architecture,"Architecture & Design",1996-09-25,yes,1036,https://www.moma.org/collection/works/1036,https://www.moma.org/media/W1siZiIsIjIyOTU2NyJdLFsicCIsImNvbnZlcnQiLCItcmVzaXplIDEwMjR4MTAyNFx1MDAzZSJdXQ.jpg?sha=b9f8503cd2d28b5a,NULL,NULL,252.73,NULL,29.21,NULL,NULL,302.26,NULL,NULL
"Golgi Structures, project","Fumihiko Maki",6954,"(Japanese, born 1928)",(Japanese),(1928),NULL,(male),1967,"Plexiglass and acrylic","5 3/4 x 12 3/4 x 10 7/8" (14.6 x 32.4 x 27.6 cm)","Gift of the architect in honor of Philip Johnson",416.1996,Architecture,"Architecture & Design",1996-09-25,yes,1037,https://www.moma.org/collection/works/1037,https://www.moma.org/media/W1siZiIsIjIyOTU3MCJdLFsicCIsImNvbnZlcnQiLCItcmVzaXplIDEwMjR4MTAyNFx1MDAzZSJdXQ.jpg?sha=274fdd6b8835507c,NULL,NULL,27.60,NULL,14.61,NULL,NULL,32.40,NULL,NULL
"Federal Building and United States Courthouse, Islip, New York, Study of entry rotunda","Richard Meier & Partners, Architects",22753,"(founded 1963)",NULL,(1963),NULL,NULL,1993-2000,Wood,"34 x 50 1/4 x 26 1/4" (86.4 x 127.7 x 66.7 cm)","Gift of the architect in honor of Philip Johnson",417.1996,Architecture,"Architecture & Design",1996-09-25,yes,1038,https://www.moma.org/collection/works/1038,https://www.moma.org/media/W1siZiIsIjIyOTU3NSJdLFsicCIsImNvbnZlcnQiLCItcmVzaXplIDEwMjR4MTAyNFx1MDAzZSJdXQ.jpg?sha=2bdfa579cb5dd369,NULL,NULL,66.70,NULL,86.40,NULL,NULL,127.70,NULL,NULL
"Cartier Foundation for Contemporary Art, Paris, France, Elevation","Jean Nouvel",7450,"(French, born 1945)",(French),(1945),NULL,(male),1992-93,"Screenprint drawings on Plexiglass","Each: 19 5/8 x 35 1/2 x 2 5/8" (49.8 x 90.2 x 6.7 cm)","Gift of the architect in honor of Philip Johnson",418.1996.a-h,Architecture,"Architecture & Design",1996-09-25,yes,1039,https://www.moma.org/collection/works/1039,https://www.moma.org/media/W1siZiIsIjUyNzY1OCJdLFsicCIsImNvbnZlcnQiLCItcmVzaXplIDEwMjR4MTAyNFx1MDAzZSJdXQ.jpg?sha=985a5bdfd4f89de5,NULL,NULL,6.67,NULL,49.85,NULL,NULL,90.17,NULL,NULL
"Nike Tower, project, Linz, Austria","Ortner & Ortner, Laurids Ortner, Manfred Ortner","7574, 7561, 7562","(Austrian, founded 1987) (Austrian, born 1941) (Austrian, born 1943)","(Austrian) (Austrian) (Austrian)","(1987) (1941) (1943)","(0) (0) (0)","() (male) (male)",1991,"Acrylic and metal","55 3/4 x 9 x 12 1/8" (141.6 x 22.8 x 30.8 cm)","Gift of the architects in honor of Philip Johnson",419.1996,Architecture,"Architecture & Design",1996-09-25,yes,1040,https://www.moma.org/collection/works/1040,https://www.moma.org/media/W1siZiIsIjIxMTMwNyJdLFsicCIsImNvbnZlcnQiLCItcmVzaXplIDEwMjR4MTAyNFx1MDAzZSJdXQ.jpg?sha=695adc795d548987,NULL,NULL,30.80,NULL,141.60,NULL,NULL,22.80,NULL,NULL
"House for Venice Biennale project, Venice, Italy","Cesar Pelli",7528,"(American, born Argentina 1926)",(American),(1926),NULL,(male),1976,"Acrylic and dichroic glass","3 x 27 1/2 x 27 1/2" (7.6 x 69.9 x 69.9 cm)","Gift of the architect in honor of Philip Johnson",420.1996,Architecture,"Architecture & Design",1996-09-25,yes,1041,https://www.moma.org/collection/works/1041,NULL,NULL,NULL,69.85,NULL,7.62,NULL,NULL,69.85,NULL,NULL
"Sight Specific, project","Joel Sanders, Marc Tsurumaki, Jonathan Crary","7566, 7564, 7565","(American, born 1956) (American, born 1965) (American, born 1951)","(American) (American) (American)","(1956) (1965) (1951)","(0) (0) (0)","(male) (male) (male)",1994,"Bass wood, steel, paper, and resin","12 1/2 x 59 1/4 x 20" (31.8 x 150.5 x 50.8 cm)","Gift of the architect in honor of Philip Johnson",421.1996,Architecture,"Architecture & Design",1996-09-25,yes,1042,https://www.moma.org/collection/works/1042,NULL,NULL,NULL,50.80,NULL,31.80,NULL,NULL,150.50,NULL,NULL
"Villa in the Forest, Chino, Nagano, Japan","Kazuyo Sejima & Associates",7563,"(Japanese, established 1987)",(Japanese),(1987),NULL,NULL,1992-94,Acrylic,"6 1/2 x 29 1/2 x 29 3/4" (16.5 x 74.9 x 75.6 cm)","Gift of the architect in honor of Philip Johnson",422.1996,Architecture,"Architecture & Design",1996-09-25,yes,1043,https://www.moma.org/collection/works/1043,https://www.moma.org/media/W1siZiIsIjIyOTU5NCJdLFsicCIsImNvbnZlcnQiLCItcmVzaXplIDEwMjR4MTAyNFx1MDAzZSJdXQ.jpg?sha=8b4ceb0e0e0d3943,NULL,NULL,76.20,NULL,31.12,NULL,NULL,76.20,NULL,NULL
"Feature Animation Building, Walt Disney Company, Burbank, California, Design development phase - atrium study","Robert A. M. Stern",7606,"(American, born 1939)",(American),(1939),NULL,(male),1991–1994,"Wood, foamcore, and paint","43 1/2 x 29 1/2 x 29 1/2" (110.5 x 74.9 x 74.9 cm)","Gift of the architect in honor of Philip Johnson",423.1996,Architecture,"Architecture & Design",1996-09-25,yes,1044,https://www.moma.org/collection/works/1044,NULL,NULL,NULL,74.90,NULL,110.50,NULL,NULL,74.90,NULL,NULL
"Oxnard House, project, Oxnard, California","Mehrdad Yazdani",7530,"(Iranian, born 1959)",(Iranian),(1959),NULL,(male),1992,"Aluminum, copper, plastic and wood","14 1/8 x 18 x 30" (35.9 x 45.7 x 76.2 cm) Scale 1/2"=1'","Gift of the architect in honor of Philip Johnson",424.1996,Architecture,"Architecture & Design",1996-09-25,yes,1045,https://www.moma.org/collection/works/1045,https://www.moma.org/media/W1siZiIsIjIyOTYwOCJdLFsicCIsImNvbnZlcnQiLCItcmVzaXplIDEwMjR4MTAyNFx1MDAzZSJdXQ.jpg?sha=adb09fd1da545074,NULL,NULL,76.20,NULL,35.88,NULL,NULL,45.72,NULL,NULL
"Haystack Mountain School of Crafts, Deer Isle, Maine","Edward Larrabee Barnes",6966,"(American, 1915–2004)",(American),(1915),(2004),(male),1958–1961,"Basswood, cork, and mirrored glass","5 1/8 x 34 7/8 x 26 1/8" (13 x 88.6 x 66.4 cm)","Gift of the architect",431.1992,Architecture,"Architecture & Design",1992-10-21,yes,1046,https://www.moma.org/collection/works/1046,https://www.moma.org/media/W1siZiIsIjIxMTMzNSJdLFsicCIsImNvbnZlcnQiLCItcmVzaXplIDEwMjR4MTAyNFx1MDAzZSJdXQ.jpg?sha=dce7ec24da4c3e7b,NULL,NULL,66.36,NULL,13.02,NULL,NULL,88.58,NULL,NULL
"Fin d'Ou T Hou S, project (Fourth and final stage)","Peter Eisenman",6969,"(American, born 1932)",(American),(1932),NULL,(male),1983,"Polystyrene, chipboard, and acrylic","16 1/4 x 24 1/8 x 24 1/8" (41.3 x 61.3 x 61.3 cm)","Gift of Frederieke Taylor",432.1992,Architecture,"Architecture & Design",1992-10-21,yes,1047,https://www.moma.org/collection/works/1047,https://www.moma.org/media/W1siZiIsIjIxMTMzNyJdLFsicCIsImNvbnZlcnQiLCItcmVzaXplIDEwMjR4MTAyNFx1MDAzZSJdXQ.jpg?sha=198a660310e18b54,NULL,NULL,61.28,NULL,41.28,NULL,NULL,61.28,NULL,NULL
"Parc de la Villette, Paris, France (Four Follies intersecting North-South Gallery)","Bernard Tschumi",7056,"(French and Swiss, born Switzerland 1944)",NULL,(1944),NULL,(male),1982-98,"Acrylic and metal","6 1/2 x  60 x  15 1/4"  (16.5 x  152.4 x  38.7 cm)","Gift of the architect",433.1992,Architecture,"Architecture & Design",1992-10-21,yes,1048,https://www.moma.org/collection/works/1048,https://www.moma.org/media/W1siZiIsIjIyOTY0NSJdLFsicCIsImNvbnZlcnQiLCItcmVzaXplIDEwMjR4MTAyNFx1MDAzZSJdXQ.jpg?sha=61364aadc56f9ad5,NULL,NULL,38.74,NULL,16.51,NULL,NULL,152.40,NULL,NULL
"Winton Guest House, Wayzata, Minnesota","Frank O. Gehry",2108,"(American, born Canada 1929)",(American),(1929),NULL,(male),1983–1987,"Wood, plastic, and plaster","11 3/4 x 24 x 24" (29.8 x 61 x 61 cm)","Gift of the architect",440.1987,Architecture,"Architecture & Design",1987-11-18,yes,1049,https://www.moma.org/collection/works/1049,https://www.moma.org/media/W1siZiIsIjIyOTY2MiJdLFsicCIsImNvbnZlcnQiLCItcmVzaXplIDEwMjR4MTAyNFx1MDAzZSJdXQ.jpg?sha=35b7842e565210f0,NULL,NULL,61.00,NULL,29.80,NULL,NULL,61.00,NULL,NULL
"Detail of Roof Top for Waterloo International Terminal, London, England","Nicholas Grimshaw",7696,"(British, born 1939)",(British),(1939),NULL,(male),1990–1993,"Brass, bronze, and perspex","66 x 61 5/8 x 64 3/4" (165 x 154 x 162 cm)","Gift of the architect in honor of Philip Johnson",443.1997,Architecture,"Architecture & Design",1997-10-17,yes,1050,https://www.moma.org/collection/works/1050,NULL,NULL,NULL,162.00,NULL,165.00,NULL,NULL,154.00,NULL,NULL
"Leisure Studio, Puolarmaari, Espoo, Finland","The Group, Juha Kaakko, Ilkka Laine, Kimmo Liimatainen, Jari Tirkkonen","7857, 7858, 7861, 7859, 7860","(Finnish) (Finnish, born 1964) (Finnish, born 1964) (Finnish, born 1965) (Finnish, born 1965)","(Finnish) (Finnish) (Finnish) (Finnish) (Finnish)","(0) (1964) (1964) (1965) (1965)","(0) (0) (0) (0) (0)","() () (female) () ()",1990-92,"Wood and plastic","11 13/16 x 26 5/8 x 15 3/8" (30 x 67.6 x 39.1 cm)
2 5/8" (6.7 cm)","Gift of the architects in honor of Philip Johnson",444.1997,Architecture,"Architecture & Design",1997-10-17,yes,1051,https://www.moma.org/collection/works/1051,https://www.moma.org/media/W1siZiIsIjIxNDAwNyJdLFsicCIsImNvbnZlcnQiLCItcmVzaXplIDEwMjR4MTAyNFx1MDAzZSJdXQ.jpg?sha=19cd46e0c42767b8,NULL,NULL,39.05,NULL,30.00,NULL,NULL,67.63,NULL,NULL
"Embassy of Finland, Washington D.C.","Heikkinen Komonen Architects, Mikko Heikkinen, Markku Komonen","7862, 7537, 7539","(Finnish, est. 1974) (Finnish, born 1949) (Finnish, born 1945)","(Finnish) (Finnish) (Finnish)","(1974) (1949) (1945)","(0) (0) (0)","() (male) (male)",1990-94,"Wood, plastic and metal","16 15/16 x 16 15/16 x 35 1/8" (43 x 43 x 89.2 cm)","Gift of the architects",445.1997,Architecture,"Architecture & Design",1997-10-17,yes,1052,https://www.moma.org/collection/works/1052,https://www.moma.org/media/W1siZiIsIjIyOTY3NCJdLFsicCIsImNvbnZlcnQiLCItcmVzaXplIDEwMjR4MTAyNFx1MDAzZSJdXQ.jpg?sha=f72b4c0f99eda445,NULL,NULL,89.22,NULL,43.00,NULL,NULL,43.02,NULL,NULL
"Ricola Europe Factory and Storage Building, Mulhouse-Brunnstatt, France","Herzog & de Meuron, Basel, Jacques Herzog, Pierre de Meuron","7567, 7421, 7422","(est. 1978) (Swiss, born 1950) (Swiss, born 1950)","(Swiss) (Swiss) (Swiss)","(1978) (1950) (1950)","(0) (0) (0)","() (male) (male)",1992-93,"Wood, plywood, black paint, silkscreen and polycarbonate","9 1/16 x 53 7/16 x 53 7/16" (23 x 135.7 x 135.7 cm)","Gift of the architects in honor of Philip Johnson",446.1997,Architecture,"Architecture & Design",1997-11-17,yes,1053,https://www.moma.org/collection/works/1053,https://www.moma.org/media/W1siZiIsIjIxMTM3NSJdLFsicCIsImNvbnZlcnQiLCItcmVzaXplIDEwMjR4MTAyNFx1MDAzZSJdXQ.jpg?sha=927dbcd922a23b65,NULL,NULL,135.73,NULL,23.00,NULL,NULL,135.70,NULL,NULL
"Chapel of St. Ignatius, Seattle University, Washington (Scale model: 1/4" = 1'0")","Steven Holl Architects",7609,"(American, founded 1976)",(American),(1976),NULL,NULL,1994–1997,"Basswood, styrene, plexiglass and homosote","14 3/8 x 60 1/4 x 62 7/8" (36.5 x 153 x 159.7 cm)","Gift of Seattle University",447.1997,Architecture,"Architecture & Design",1997-11-17,yes,1054,https://www.moma.org/collection/works/1054,NULL,NULL,NULL,159.70,NULL,36.50,NULL,NULL,153.00,NULL,NULL
"Knut Hamsun Museum, Hamaroy, Norway","Steven Holl Architects",7609,"(American, founded 1976)",(American),(1976),NULL,NULL,1996,"Basswood, foamcore board, Plexiglass, brass, and bristles","10 7/16 x 9 1/4 x 14" (26.5 x 23.5 x 35.5 cm)","Given anonymously and David Rockefeller, Jr. Purchase Fund",448.1997,Architecture,"Architecture & Design",1997-10-17,yes,1055,https://www.moma.org/collection/works/1055,https://www.moma.org/media/W1siZiIsIjIyOTY4OCJdLFsicCIsImNvbnZlcnQiLCItcmVzaXplIDEwMjR4MTAyNFx1MDAzZSJdXQ.jpg?sha=b3bed38c2a741704,NULL,NULL,35.50,NULL,26.51,NULL,NULL,23.50,NULL,NULL
"Shimosuwa Municipal Museum, Shimosuwa-machi, Nagano Prefecture, Japan (Scale model 1:150)","Toyo Ito & Associates, Architects",8987,"(Japan, established 1971)",(Japanese),(1971),NULL,NULL,1990–1993,"Plexiglass and aluminum","7 5/8 × 47 1/4 × 23 5/8" (19.4 × 120 × 60 cm)","Gift of the architect",449.1997,Architecture,"Architecture & Design",1997-10-17,yes,1056,https://www.moma.org/collection/works/1056,https://www.moma.org/media/W1siZiIsIjUyNzY5MyJdLFsicCIsImNvbnZlcnQiLCItcmVzaXplIDEwMjR4MTAyNFx1MDAzZSJdXQ.jpg?sha=67d96d6f06e55184,NULL,NULL,60.01,NULL,19.37,NULL,NULL,120.00,NULL,NULL
"Kansai International Airport, Passenger Terminal Main Building, Osaka, Japan, Study model of main structural truss","Renzo Piano, Peter Rice (Ove Arup and Partners), Nikken Sekkei Ltd., Renzo Piano Building Workshop, Noriaki Okabe","8988, 22843, 22844, 22845, 8028","(Italian, born 1937) (Italian, established 1980) (Japanese, born 1931)","(Italian) () () (Italian) (Japanese)","(1937) (0) (0) (1980) (1931)","(0) (0) (0) (0) (0)","(male) (male) () () (male)",1988-94,"Painted brass","5 1/8 x 51 7/8 x 6 7/8" (13 x 131.8 x 17.5 cm)","Gift of the architect in honor of Philip Johnson",450.1997,Architecture,"Architecture & Design",1997-10-17,yes,1057,https://www.moma.org/collection/works/1057,https://www.moma.org/media/W1siZiIsIjUyNzY5NyJdLFsicCIsImNvbnZlcnQiLCItcmVzaXplIDEwMjR4MTAyNFx1MDAzZSJdXQ.jpg?sha=897494f37523d367,NULL,NULL,17.46,NULL,13.02,NULL,NULL,131.76,NULL,NULL
"Kyle Residence Project, Houston, Texas","Joel Sanders, Ernest Guenzburger, Sean Keller, Dillon Kyle, Cary Siress, Joel Sanders, Architect, Marc Tsurumaki","7566, 22875, 22876, 22877, 22878, 22874, 7564","(American, born 1956) (American, born 1965)","(American) () () () () () (American)","(1956) (0) (0) (0) (0) (0) (1965)","(0) (0) (0) (0) (0) (0) (0)","(male) (male) (male) (male) () () (male)",1991-92,"Wood, Plexiglass, resin, and aluminum","7 7/8 x 33 3/4 x 29 1/2" (20 x 85.7 x 75 cm)","Gift of the Peter Norton Family Foundation",451.1997,Architecture,"Architecture & Design",1997-10-17,yes,1058,https://www.moma.org/collection/works/1058,https://www.moma.org/media/W1siZiIsIjUyODAyMSJdLFsicCIsImNvbnZlcnQiLCItcmVzaXplIDEwMjR4MTAyNFx1MDAzZSJdXQ.jpg?sha=57663846a51a1942,NULL,NULL,75.00,NULL,20.00,NULL,NULL,85.70,NULL,NULL
"Saishunkan Seiyaku Women's Dormitory, Kumamoto City, Japan (Scale model 1:100)","Kazuyo Sejima & Associates, Kazuyo Sejima","7563, 8958","(Japanese, established 1987) (Japanese, born 1956)","(Japanese) (Japanese)","(1987) (1956)",NULL,"() (female)",1990–1991,"Acrylic resin","3 1/2 x 27 5/8 x 27 5/8" (8.9 x 70.2 x 70.2 cm)","Gift of the architect",452.1997,Architecture,"Architecture & Design",1997-10-17,yes,1059,https://www.moma.org/collection/works/1059,https://www.moma.org/media/W1siZiIsIjIyOTcwMCJdLFsicCIsImNvbnZlcnQiLCItcmVzaXplIDEwMjR4MTAyNFx1MDAzZSJdXQ.jpg?sha=0aaa5cfc8630cadc,NULL,NULL,70.17,NULL,8.89,NULL,NULL,70.17,NULL,NULL
"National Commercial Bank, Jeddah, Saudi Arabia (Scale model)","Skidmore Owings & Merrill, Gordon Bunshaft","5518, 8170","(American, founded 1936) (American, 1909–1990)","(American) (American)","(1936) (1909)","(0) (1990)","() (male)",1977–1983,"Plastic, painted wood and other materials","42 x 45 x 60 1/2" (106.7 x 114.3 x 153.7 cm)","Gift of The National Commercial Bank, Jeddah, Saudi Arabia",485.1983,Architecture,"Architecture & Design",1983-05-17,yes,1061,https://www.moma.org/collection/works/1061,NULL,NULL,NULL,153.70,NULL,106.70,NULL,NULL,114.30,NULL,NULL
"Town Center, Avesta, Sweden","Alvar Aalto",34,"(Finnish, 1898–1976)",(Finnish),(1898),(1976),(male),1944,Wood,"2 1/2 x 18 1/8 x 14 1/4" (6.4 x 46 x 36.2 cm)","Emilio Ambasz Purchase Fund, Edward Larrabee Barnes Purchase Fund, and gift of Alvar Aalto Architects Ltd.",486.1990,Architecture,"Architecture & Design",1990-10-24,yes,1063,https://www.moma.org/collection/works/1063,https://www.moma.org/media/W1siZiIsIjIxMjIxMiJdLFsicCIsImNvbnZlcnQiLCItcmVzaXplIDEwMjR4MTAyNFx1MDAzZSJdXQ.jpg?sha=fbd66f0fded58148,NULL,NULL,36.20,NULL,6.35,NULL,NULL,46.04,NULL,NULL
"Church of the Three Crosses, Vuoksenniska, Imatra, Finland, Section model","Alvar Aalto",34,"(Finnish, 1898–1976)",(Finnish),(1898),(1976),(male),1955-58,Wood,"26 1/2 x 31 1/8 x 7 1/4" (67.3 x 79.1 x 18.4 cm)","Kenneth Walker Fund and gift of Alvar Aalto & Co. Architectural office",487.1990,Architecture,"Architecture & Design",1990-10-24,yes,1065,https://www.moma.org/collection/works/1065,https://www.moma.org/media/W1siZiIsIjIwODk5NyJdLFsicCIsImNvbnZlcnQiLCItcmVzaXplIDEwMjR4MTAyNFx1MDAzZSJdXQ.jpg?sha=1ad45e88a754d356,NULL,NULL,18.42,NULL,67.31,NULL,NULL,79.06,NULL,NULL
"Town Center, Seinajoki, Finland","Alvar Aalto",34,"(Finnish, 1898–1976)",(Finnish),(1898),(1976),(male),1958-87,Wood,"5 3/4 x 47 1/4 x 23 3/4" (14.6 x 120 x 60.3 cm)","David Rockefeller Jr. Fund, gift of Alvar Aalto Architects Ltd. and Department Purchase Fund",488.1990,Architecture,"Architecture & Design",1990-10-24,yes,1066,https://www.moma.org/collection/works/1066,https://www.moma.org/media/W1siZiIsIjIwODk5OSJdLFsicCIsImNvbnZlcnQiLCItcmVzaXplIDEwMjR4MTAyNFx1MDAzZSJdXQ.jpg?sha=0d377669e1f25025,NULL,NULL,60.33,NULL,14.61,NULL,NULL,120.02,NULL,NULL
"Center for Applied Computer Research project, Mexico City, Mexico","Emilio Ambasz",141,"(Argentine, born 1943)",(Argentine),(1943),NULL,(male),1975,"Painted wood, plastic, and cotton","6 x 40 1/8 x 40 1/8" (15.2 x 101.9 x 101.9 cm)","Gift of the architect",489.1990,Architecture,"Architecture & Design",1990-10-24,yes,1067,https://www.moma.org/collection/works/1067,NULL,NULL,NULL,101.92,NULL,15.24,NULL,NULL,101.92,NULL,NULL
"Casa de Retiro Espiritual, Córdoba, Spain","Emilio Ambasz",141,"(Argentine, born 1943)",(Argentine),(1943),NULL,(male),1976-79,Plastic,"14 3/16 x 32 3/8 x 36 1/8" (36 x 82.2 x 91.8 cm)","Gift of the architect",490.1990,Architecture,"Architecture & Design",1990-10-24,yes,1068,https://www.moma.org/collection/works/1068,https://www.moma.org/media/W1siZiIsIjIyOTg3OCJdLFsicCIsImNvbnZlcnQiLCItcmVzaXplIDEwMjR4MTAyNFx1MDAzZSJdXQ.jpg?sha=8a8fcba65153321c,NULL,NULL,91.76,NULL,36.04,NULL,NULL,82.23,NULL,NULL
"Convention Hall Project, Chicago, IL (Structural model of preliminary scheme)","Ludwig Mies van der Rohe",7166,"(American, born Germany. 1886–1969)",(American),(1886),(1969),(male),1953–1954,"Basswood and Plexiglass","9 1/4 x 73 x 73" (23.5 x 185.4 x 185.4 cm)","Gift of Fujikawa, Conterato, Lohan and Associates",512.1978,Architecture,"Architecture & Design",1978-09-27,yes,1069,https://www.moma.org/collection/works/1069,https://www.moma.org/media/W1siZiIsIjQ5MTgwMiJdLFsicCIsImNvbnZlcnQiLCItcmVzaXplIDEwMjR4MTAyNFx1MDAzZSJdXQ.jpg?sha=0f54553ea44bb265,NULL,NULL,185.40,NULL,23.50,NULL,NULL,185.40,NULL,NULL
"Forest Building, Henrico, Virginia","SITE, James Wines","5457, 7570","(American, founded 1970) (American, born 1932)","(American) (American)","(1970) (1932)",NULL,"() (male)",1978-80,"Cardboard, metal, and acrylic cover","5 x 24 3/4 x 26 3/4" (12.7 x 62.9 x 68 cm)","Best Products Company Inc. Architecture Fund",584.1981,Architecture,"Architecture & Design",1981-12-10,yes,1070,https://www.moma.org/collection/works/1070,https://www.moma.org/media/W1siZiIsIjIxMTY4MCJdLFsicCIsImNvbnZlcnQiLCItcmVzaXplIDEwMjR4MTAyNFx1MDAzZSJdXQ.jpg?sha=366ea4d6e4edfa00,NULL,NULL,68.00,NULL,12.70,NULL,NULL,62.90,NULL,NULL
"Terrarium Showroom, project, California","SITE, James Wines","5457, 7570","(American, founded 1970) (American, born 1932)","(American) (American)","(1970) (1932)",NULL,"() (male)",1978-79,"Cardboard, plastic, acrylic cover","4 1/8 x 23 1/2 x 24 1/4" (10.5 x 59.7 x 61.6 cm)","Best Products Company Inc. Architecture Fund",585.1981,Architecture,"Architecture & Design",1981-12-10,yes,1071,https://www.moma.org/collection/works/1071,https://www.moma.org/media/W1siZiIsIjIxMTY4MSJdLFsicCIsImNvbnZlcnQiLCItcmVzaXplIDEwMjR4MTAyNFx1MDAzZSJdXQ.jpg?sha=752428a87ee1e0a9,NULL,NULL,61.60,NULL,10.50,NULL,NULL,59.70,NULL,NULL
"Joseph E. Seagram and Sons Office Building, New York, New York","Ludwig Mies van der Rohe, Philip Johnson, Kahn & Jacobs","7166, 2927, 22816","(American, born Germany. 1886–1969) (American, 1906–2005)","(American) (American) ()","(1886) (1906) (0)","(1969) (2005) (0)","(male) (male) ()",1954-58,"Bronze, composition stone, plastic marbling, oak and laminate","26 3/8 x 34 1/4 x 26 1/2" (67 x 87 x 67.3 cm)","Gift of Joseph E. Seagram & Sons Inc. and Philip Johnson",586.1976,Architecture,"Architecture & Design",1976-10-22,yes,1072,https://www.moma.org/collection/works/1072,https://www.moma.org/media/W1siZiIsIjIxMTY4MyJdLFsicCIsImNvbnZlcnQiLCItcmVzaXplIDEwMjR4MTAyNFx1MDAzZSJdXQ.jpg?sha=04a77058f5c9fe56,NULL,NULL,NULL,NULL,NULL,NULL,NULL,NULL,NULL,NULL
"Doldertal Apartments, Zurich, Switzerland","Marcel Breuer, Alfred Roth, Emil Roth","769, 8996, 22621","(American, born Hungary. 1902–1981) (Swiss, 1930–1998) (Swiss, 1896–1980)","(American) (Swiss) (Swiss)","(1902) (1930) (1896)","(1981) (1998) (1980)","(male) (male) (male)",1936,"Wood, plastic and acrylic paint","11 3/4 x 25 3/4 x 21 3/4" (29.8 x 65.4 x 55.2 cm)","Gift of Alfred Roth and anonymous donor",587.1976,Architecture,"Architecture & Design",1976-10-22,yes,1073,https://www.moma.org/collection/works/1073,https://www.moma.org/media/W1siZiIsIjIwOTExNSJdLFsicCIsImNvbnZlcnQiLCItcmVzaXplIDEwMjR4MTAyNFx1MDAzZSJdXQ.jpg?sha=edff1cb8130cb0a6,NULL,NULL,NULL,NULL,NULL,NULL,NULL,NULL,NULL,NULL
"Tohoku Historical Museum project, Sendai, Tohoku, Japan","Asymptote Architecture, New York, Hani Rashid, Lise Anne Couture","8998, 22617, 22618","(founded 1989) (Canadian, born Egypt 1958) (Canadian, born 1959)","() (Canadian) (Canadian)","(1989) (1958) (1959)","(0) (0) (0)","() (male) (female)",1994,"Acrylic sheet, wood with oil stain, metal, and paint","5 x 30 x 60" (12.7 x 76.2 x 152.4 cm)","Jeffrey P. Klein Purchase Fund",680.1995,Architecture,"Architecture & Design",1995-10-24,yes,1074,https://www.moma.org/collection/works/1074,NULL,NULL,NULL,152.40,NULL,12.70,NULL,NULL,76.20,NULL,NULL
"Generator, project, White Oak, Florida","Cedric Price",7986,"(British, 1934–2003)",(British),(1934),(2003),(male),1978-80,"Plastic, metal, plastic coated wires, and self-adhesive paper dots","4 1/4 x 31 x 20 1/2" (10.8 x 78.7 x 52.1 cm) (irreg.)","Gift of The Howard Gilman Foundation",1319.2000,Architecture,"Architecture & Design",2000-10-31,yes,1076,https://www.moma.org/collection/works/1076,https://www.moma.org/media/W1siZiIsIjUzMDIyMiJdLFsicCIsImNvbnZlcnQiLCItcmVzaXplIDEwMjR4MTAyNFx1MDAzZSJdXQ.jpg?sha=90bc2643da425fa5,NULL,NULL,52.07,NULL,10.80,NULL,NULL,78.74,NULL,NULL
Vase,"Hans Coper",1235,"(British, born Germany. 1920–1981)",(British),(1920),(1981),(male),"c. 1960",Stoneware,"7 3/4 x 7" (19.7 x 17.8 cm)","Given anonymously",2250.2001,Design,"Architecture & Design",2001-09-24,yes,1084,https://www.moma.org/collection/works/1084,https://www.moma.org/media/W1siZiIsIjUzMDUyNyJdLFsicCIsImNvbnZlcnQiLCItcmVzaXplIDEwMjR4MTAyNFx1MDAzZSJdXQ.jpg?sha=eb3aafb2d48acb71,NULL,NULL,NULL,17.78,19.69,NULL,NULL,NULL,NULL,NULL
Bowl,"James Prestini",4729,"(American, born Italy. 1908–1993)",(American),(1908),(1993),(male),1949,"Black walnut","2 3/4 x 5 1/2" (7 x 14 cm)","Gift of the designer",2277.2001,Design,"Architecture & Design",2001-09-24,yes,1087,https://www.moma.org/collection/works/1087,https://www.moma.org/media/W1siZiIsIjUzMDUzMCJdLFsicCIsImNvbnZlcnQiLCItcmVzaXplIDEwMjR4MTAyNFx1MDAzZSJdXQ.jpg?sha=3422a6ca225f2906,NULL,NULL,NULL,13.97,6.99,NULL,NULL,NULL,NULL,NULL
"Prisma Tumblers","Kaj Franck",1968,"(Finnish, 1911–1989)",(Finnish),(1911),(1989),(male),1967,"Pressed glass","2 5/8 x 2 15/16" (6.6 x 7.5 cm)","Given anonymously",2254.2001.1-3,Design,"Architecture & Design",2001-09-24,yes,1091,https://www.moma.org/collection/works/1091,https://www.moma.org/media/W1siZiIsIjIxMjA2OSJdLFsicCIsImNvbnZlcnQiLCItcmVzaXplIDEwMjR4MTAyNFx1MDAzZSJdXQ.jpg?sha=6e178d7d2725d570,NULL,NULL,NULL,7.46,6.60,NULL,NULL,NULL,NULL,NULL
Vase,"Josef Hoffmann",2694,"(Austrian, 1870–1956)",(Austrian),(1870),(1956),(male),"c. 1938",Glass,"5 7/8 x 4 1/2" (14.9 x 11.4 cm)","Given anonymously",2260.2001,Design,"Architecture & Design",2001-09-24,yes,1098,https://www.moma.org/collection/works/1098,https://www.moma.org/media/W1siZiIsIjIxMjA3MyJdLFsicCIsImNvbnZlcnQiLCItcmVzaXplIDEwMjR4MTAyNFx1MDAzZSJdXQ.jpg?sha=58f93edf44b207ff,NULL,NULL,NULL,11.43,14.92,NULL,NULL,NULL,NULL,NULL
"Glass Bricks","Gustave Falconnier",24714,(Swiss),(Swiss),NULL,NULL,(male),1886,"Blown glass","Each: 7 3/4 x 5 3/8 x 4 1/2" (19.7 x 13.7 x 11.4 cm)","Given anonymously",2308.2001.1-3,Design,"Architecture & Design",2001-09-24,yes,1099,https://www.moma.org/collection/works/1099,https://www.moma.org/media/W1siZiIsIjYwMjYwIl0sWyJwIiwiY29udmVydCIsIi1yZXNpemUgMTAyNHgxMDI0XHUwMDNlIl1d.jpg?sha=36e5be6d76ae92b7,NULL,NULL,11.43,NULL,19.69,NULL,NULL,13.65,NULL,NULL
Tray,"Unidentified Designer",6011,NULL,NULL,NULL,NULL,NULL,Unknown,Glass,"2 1/8 x 11 3/4" (5.4 x 29.9 cm)","Given anonymously",2309.2001,Design,"Architecture & Design",2001-09-24,yes,1100,https://www.moma.org/collection/works/1100,https://www.moma.org/media/W1siZiIsIjIxMjA4NyJdLFsicCIsImNvbnZlcnQiLCItcmVzaXplIDEwMjR4MTAyNFx1MDAzZSJdXQ.jpg?sha=fee38e8636c51cd5,NULL,NULL,NULL,29.90,5.40,NULL,NULL,NULL,NULL,NULL
"Laboratory Glassware","Unidentified Designer",6011,NULL,NULL,NULL,NULL,NULL,Unknown,"Borosilicate glass","6 x 3 x 1 1/2" (15.2 x 7.6 x 3.8 cm)",Purchase,2310.2001,Design,"Architecture & Design",2001-09-24,yes,1101,https://www.moma.org/collection/works/1101,https://www.moma.org/media/W1siZiIsIjUzMDUzNSJdLFsicCIsImNvbnZlcnQiLCItcmVzaXplIDEwMjR4MTAyNFx1MDAzZSJdXQ.jpg?sha=7e57a466b732b79c,NULL,NULL,3.80,NULL,15.20,NULL,NULL,7.62,NULL,NULL
Vase,"Hans Coper",1235,"(British, born Germany. 1920–1981)",(British),(1920),(1981),(male),"c. 1960",Stoneware,"8 x 3" (20.3 x 7.6 cm)","Given anonymously",2249.2001,Design,"Architecture & Design",2001-09-24,yes,1102,https://www.moma.org/collection/works/1102,https://www.moma.org/media/W1siZiIsIjUzMDUyNiJdLFsicCIsImNvbnZlcnQiLCItcmVzaXplIDEwMjR4MTAyNFx1MDAzZSJdXQ.jpg?sha=12d5b59be0f24ea0,NULL,NULL,NULL,7.62,20.32,NULL,NULL,NULL,NULL,NULL
"Battery Jar","Corning Glass Works, Corning, NY",1249,"(est. 1851)",(American),(1851),NULL,NULL,1920s,"Pyrex glass","23 7/8 x 12" (60.7 x 30.5 cm)","Gift of the manufacturer",2252.2001,Design,"Architecture & Design",2001-09-24,yes,1110,https://www.moma.org/collection/works/1110,NULL,NULL,NULL,NULL,30.48,60.70,NULL,NULL,NULL,NULL,NULL
Vase,"Hans Coper",1235,"(British, born Germany. 1920–1981)",(British),(1920),(1981),(male),"c. 1963",Stoneware,"6 x 4 1/8" (15.3 x 10.5 cm)","Given anonymously",2251.2001,Design,"Architecture & Design",2001-09-24,yes,1111,https://www.moma.org/collection/works/1111,https://www.moma.org/media/W1siZiIsIjUzMDUyOCJdLFsicCIsImNvbnZlcnQiLCItcmVzaXplIDEwMjR4MTAyNFx1MDAzZSJdXQ.jpg?sha=6ad371533b49e288,NULL,NULL,NULL,10.48,15.30,NULL,NULL,NULL,NULL,NULL
Bowl,"Ronald Hayes Pearson",4532,"(American, 1924–1996)",(American),(1924),(1996),(male),"c. 1950-51","Spun bronze","1 9/16 x 11 7/8" (4 x 30.2 cm)","Gift of Bonniers, Inc.",2275.2001,Design,"Architecture & Design",2001-09-24,yes,1114,https://www.moma.org/collection/works/1114,https://www.moma.org/media/W1siZiIsIjIzMDI0NCJdLFsicCIsImNvbnZlcnQiLCItcmVzaXplIDEwMjR4MTAyNFx1MDAzZSJdXQ.jpg?sha=4401e4b39eb29c1f,NULL,NULL,NULL,30.16,4.00,NULL,NULL,NULL,NULL,NULL
Bowl,"James Prestini",4729,"(American, born Italy. 1908–1993)",(American),(1908),(1993),(male),"c. 1951","Mexican mahogany","4 1/4 x 9 3/8" (10.8 x 23.8 cm)","Gift of the designer",2278.2001,Design,"Architecture & Design",2001-09-24,yes,1116,https://www.moma.org/collection/works/1116,https://www.moma.org/media/W1siZiIsIjIzMDI0OCJdLFsicCIsImNvbnZlcnQiLCItcmVzaXplIDEwMjR4MTAyNFx1MDAzZSJdXQ.jpg?sha=4b5628122f67c57b,NULL,NULL,NULL,23.81,10.80,NULL,NULL,NULL,NULL,NULL
"Timer (model 152)","Rodolfo Bonetto",659,"(Italian, 1929–1991)",(Italian),(1929),(1991),(male),1960,"ABS polymer","2 3/8 x 4 1/2" (6 x 11.5 cm)","Gift of the manufacturer",2246.2001,Design,"Architecture & Design",2001-09-24,yes,1134,https://www.moma.org/collection/works/1134,https://www.moma.org/media/W1siZiIsIjIxMjA2NyJdLFsicCIsImNvbnZlcnQiLCItcmVzaXplIDEwMjR4MTAyNFx1MDAzZSJdXQ.jpg?sha=d0ad241be929a31f,NULL,NULL,NULL,11.50,6.03,NULL,NULL,NULL,NULL,NULL
"Air Flow Desk Fan","G. Byrn Company, Copenhagen",22512,(Danish),(Danish),NULL,NULL,NULL,"c. 1965","Plastic, metal, and rubber","10 1/2 x 8 1/4 x 6 1/4" (26.6 x 21 x 15.9 cm)","Gift of the manufacturer",2255.2001,Design,"Architecture & Design",2001-09-24,yes,1136,https://www.moma.org/collection/works/1136,https://www.moma.org/media/W1siZiIsIjIzMDIzMiJdLFsicCIsImNvbnZlcnQiLCItcmVzaXplIDEwMjR4MTAyNFx1MDAzZSJdXQ.jpg?sha=2ee0b2d4aee49fff,NULL,NULL,15.90,NULL,26.60,NULL,NULL,20.96,NULL,NULL
"Nizo S 30 Super-8 Camera","Robert Oberheim",4365,"(German, born 1938)",(German),(1938),NULL,(male),1970,"Metal and plastic housing","6 3/4 x 7 1/2 x 2" (17.1 x 19 x 5.1 cm)","Gift of the manufacturer",2274.2001,Design,"Architecture & Design",2001-09-24,yes,1142,https://www.moma.org/collection/works/1142,https://www.moma.org/media/W1siZiIsIjIzMDI0MiJdLFsicCIsImNvbnZlcnQiLCItcmVzaXplIDEwMjR4MTAyNFx1MDAzZSJdXQ.jpg?sha=ea795ab4734bc057,NULL,NULL,5.08,NULL,17.15,NULL,NULL,19.00,NULL,NULL
Nutcracker,"Carl Auböck",26166,"(Austrian, 1900–1957)",(Austrian),(1900),(1957),(male),"Early 1950s",Metal,"5/8 x 1 7/8 x 6 1/4" (1.6 x 4.8 x 15.9 cm)","Given anonymously",2243.2001,Design,"Architecture & Design",2001-09-24,yes,1144,https://www.moma.org/collection/works/1144,https://www.moma.org/media/W1siZiIsIjIxMjA2NSJdLFsicCIsImNvbnZlcnQiLCItcmVzaXplIDEwMjR4MTAyNFx1MDAzZSJdXQ.jpg?sha=d014c1eddbb5d5bf,NULL,NULL,15.90,NULL,1.59,NULL,NULL,4.80,NULL,NULL
"Ericofon Telephone","L.M. Ericsson Telephone Company, Sweden, Hugo Blomberg, Ralph Lysell, Hans Gösta Thames","8675, 8676, 8677, 8678","(est. 1876) (Swedish, born 1897) (Swedish, born 1907) (Swedish, born 1916)","(Swedish) (Swedish) (Swedish) (Swedish)","(1876) (1897) (1907) (1916)","(0) (0) (0) (0)","() (male) (male) (male)",1949–1959,"ABS plastic, rubber, and nylon housing",".1 (white): 8 1/2 x 3 7/8 x 4 3/8" (21.6 x 9.8 x 11.1 cm)
.2 (yellow): 9 1/8 x 3 7/8 x 4 3/8" (23.2 x 9.8 x 11.1 cm)","Given anonymously",2265.2001.1-2,Design,"Architecture & Design",2001-09-24,yes,1151,https://www.moma.org/collection/works/1151,https://www.moma.org/media/W1siZiIsIjIxMjA3NCJdLFsicCIsImNvbnZlcnQiLCItcmVzaXplIDEwMjR4MTAyNFx1MDAzZSJdXQ.jpg?sha=9712aebc3065758e,NULL,NULL,11.11,NULL,21.59,NULL,NULL,9.84,NULL,NULL
"Coiffeur/Set (model HLD 3/31)","Reinhold Weiss",7147,"(German, born 1934)",(German),(1934),NULL,(male),1972,"Plastic and metal housing","1 7/8 x 5 3/8 x 3 3/4" (4.7 x 13.6 x 9.5 cm)","Gift of the manufacturer",2321.2001,Design,"Architecture & Design",2001-09-24,yes,1156,https://www.moma.org/collection/works/1156,NULL,NULL,NULL,9.50,NULL,4.70,NULL,NULL,13.60,NULL,NULL
"Combi Electric Shaver","Dieter Rams, Gerd Alfred Müller","8451, 4158","(German, born 1932) (German, born 1932)","(German) (German)","(1932) (1932)",NULL,"(male) (male)",1957,"Plastic housing",".a (shaver): 3 9/16 x 2 1/2 x 1 5/16" (9 x 6.4 x 3.4 cm)
.c (brush): l. 2 1/2" (6.4 cm)
.e (case bottom): 1 5/8 x 5 x 1 15/16" (4.2 x 12.7 x 5 cm)
.f (case top): 3 7/8 x 4 7/8 x 1 15/16" (9.9 x 12.4 x 5 cm)","Gift of the manufacturer",2283.2001.a-f,Design,"Architecture & Design",2001-09-24,yes,1157,https://www.moma.org/collection/works/1157,NULL,NULL,NULL,3.40,NULL,9.05,NULL,NULL,6.35,NULL,NULL
"Braun Multipress Juice Separator/Lemon Squeezer (model MP 50)","Jürgen Greubel",7308,(German),(German),NULL,NULL,(male),1970,"Impact-resistant plastic housing and steel","10 1/8 x 7 3/4" (25.7 x 19.7 cm)","Gift of the manufacturer",2258.2001.a-h,Design,"Architecture & Design",2001-09-24,yes,1158,https://www.moma.org/collection/works/1158,NULL,NULL,NULL,NULL,19.69,25.70,NULL,NULL,NULL,NULL,NULL
"Folding Propeller","David Walter Beck",22955,"(American, 1915–2001)",(American),(1915),(2001),(male),1963,Bronze,"Open: 7 1/8 x 4 1/2 x 17 1/8" (18.4 x 11.5 x 43.8 cm); closed: 14 7/16 x 4 1/2 x 2" (36.7 x 11.5 x 5 cm)","Gift of the manufacturer",2244.2001,Design,"Architecture & Design",2001-09-24,yes,1159,https://www.moma.org/collection/works/1159,NULL,NULL,NULL,43.50,NULL,18.10,NULL,NULL,11.50,NULL,NULL
"Table Lamp","Massimo Vignelli",6155,"(Italian, 1931–2014)",(Italian),(1931),(2014),(male),1962,"Aluminum and plexiglass","17 13/16 x 11 11/16" (45.2 x 29.7 cm)","Gift of the manufacturer",2312.2001,Design,"Architecture & Design",2001-09-24,yes,1161,https://www.moma.org/collection/works/1161,NULL,NULL,NULL,NULL,29.69,45.24,NULL,NULL,NULL,NULL,NULL
"Parabolic Spotlight with Base (model 33267)","Roger Tallon",7378,"(French, 1929–2011)",(French),(1929),(2011),(male),1972,"Die-cast zinc and synthesized material housing and cast aluminum base","h. 25 1/2" (64.8 cm)","Gift of the manufacturer",2294.2001,Design,"Architecture & Design",2001-09-24,yes,1162,https://www.moma.org/collection/works/1162,NULL,NULL,NULL,NULL,NULL,64.77,NULL,NULL,NULL,NULL,NULL
"Asteroid Lamp","Ettore Sottsass",5536,"(Italian, born Austria. 1917–2007)",(Italian),(1917),(2007),(male),1968,"Perspex and wood","28 5/8 x 10 13/16 x 6 5/16" (72.7 x 27.5 x 16 cm)","Gift of the manufacturer",2291.2001,Design,"Architecture & Design",2001-09-24,yes,1163,https://www.moma.org/collection/works/1163,https://www.moma.org/media/W1siZiIsIjIxMjA4MyJdLFsicCIsImNvbnZlcnQiLCItcmVzaXplIDEwMjR4MTAyNFx1MDAzZSJdXQ.jpg?sha=58f53243782a3c92,NULL,NULL,16.00,NULL,72.70,NULL,NULL,27.50,NULL,NULL
"PS 2 Stereo Turntable","Dieter Rams",8451,"(German, born 1932)",(German),(1932),NULL,(male),1963,"Plastic and metal housing","3 3/16 x 11 7/8 x 8 5/8" (8.1 x 30.2 x 21.9 cm)","Gift of the manufacturer",2282.2001,Design,"Architecture & Design",2001-09-24,yes,1164,https://www.moma.org/collection/works/1164,https://www.moma.org/media/W1siZiIsIjIxMjA3OSJdLFsicCIsImNvbnZlcnQiLCItcmVzaXplIDEwMjR4MTAyNFx1MDAzZSJdXQ.jpg?sha=4d3ce2a7f0409cbe,NULL,NULL,21.90,NULL,8.10,NULL,NULL,30.16,NULL,NULL
"Table Lamps","Claus Bonderup, Torsten Thorup","655, 7200","(Danish, 1943 - 2022) (Danish, 1944 - 2016)","(Danish) (Danish)","(1943) (1944)","(2022) (2016)","(male) (male)",1979,".1: Enameled cast metal and cast iron base 
.2: Chrome-plated metal","Each: 19 1/2 x 4 9/16 x 5 3/4" (49.5 x 11.6 x 14.6 cm)","Gift of the designers",2245.2001.1-2,Design,"Architecture & Design",2001-09-24,yes,1165,https://www.moma.org/collection/works/1165,NULL,NULL,NULL,14.61,NULL,49.53,NULL,NULL,11.59,NULL,NULL
"Maldive Tray","Bruno Munari",4163,"(Italian, 1907–1998)",(Italian),(1907),(1998),(male),1960,Silver,"1 3/4 x 5 3/4 x 5 3/4" (4.5 x 14.6 x 14.6 cm)","Gift of the manufacturer",2272.2001,Design,"Architecture & Design",2001-09-24,yes,1166,https://www.moma.org/collection/works/1166,NULL,NULL,NULL,14.60,NULL,4.50,NULL,NULL,14.60,NULL,NULL
"Lemon Squeezer","Gino Colombini",1194,"(Italian, born 1915)",(Italian),(1915),NULL,(male),1958,"Low pressure polyethylene",".a (bottom): 3 9/16 x 4 3/16" (9 x 10.6 cm)
.b (insert): 3 1/8 x 3 1/2" (8 x 8.9 cm)
.c (lid): 2 5/8 x 3 3/4" (6.7 x 9.5 cm)","Gift of the designer",2248.2001.a-c,Design,"Architecture & Design",2001-09-24,yes,1167,https://www.moma.org/collection/works/1167,https://www.moma.org/media/W1siZiIsIjIzMDIyOSJdLFsicCIsImNvbnZlcnQiLCItcmVzaXplIDEwMjR4MTAyNFx1MDAzZSJdXQ.jpg?sha=9ba41b69428f3f11,NULL,NULL,NULL,10.60,9.05,NULL,NULL,NULL,NULL,NULL
Tumblers,"Earl S. Tupper",5970,"(American, 1907–1983)",(American),(1907),(1983),(male),1954,Polyethylene,"Each: 5 x 2 5/8" (12.7 x 6.7 cm)","Gift of the manufacturer",2302.2001.1-6,Design,"Architecture & Design",2001-09-24,yes,1168,https://www.moma.org/collection/works/1168,https://www.moma.org/media/W1siZiIsIjIzMDI2NCJdLFsicCIsImNvbnZlcnQiLCItcmVzaXplIDEwMjR4MTAyNFx1MDAzZSJdXQ.jpg?sha=3b79e90384e5f798,NULL,NULL,NULL,6.70,12.70,NULL,NULL,NULL,NULL,NULL
"Serving Bowl","Kenneth Brozen",817,"(American, 1927–1989)",(American),(1927),(1989),(male),1963,Plastic,".a (outer bowl): 8 1/4 x 9 3/4" (21 x 24.8 cm)
.b (inner bowl: 7 7/8 x 9 3/4" (20 x 24.8 cm)
.c (lid): 5 x 7 11/16" (12.7 x 19.5 cm)","Gift of the designer",2247.2001.a-c,Design,"Architecture & Design",2001-09-24,yes,1169,https://www.moma.org/collection/works/1169,https://www.moma.org/media/W1siZiIsIjIzMDIyNSJdLFsicCIsImNvbnZlcnQiLCItcmVzaXplIDEwMjR4MTAyNFx1MDAzZSJdXQ.jpg?sha=5ca2361503f03066,NULL,NULL,NULL,24.77,20.96,NULL,NULL,NULL,NULL,NULL
"Storage Boxes with Lids","Gene Hurwitt",2777,"(American, 1906–1988)",(American),(1906),(1988),(male),1966,Acrylic,".1: 2 7/8 x 1 5/8 x 1 5/8" (7.3 x 4.1 x 4.1 cm)
.2: 3 15/16 x 1 7/16 x 1 7/16" (10 x 3.7 x 3.7 cm)
.3: 4 3/16 x 2 1/4 x 2 1/4" (10.6 x 5.7 x 5.7 cm)
.4: 6 3/16 x 2 1/4 x 2 1/4" (15.7 x 5.7 x 5.7 cm)
.5: 6 5/16 x 3 1/2 x 3 1/2" (16 x 8.9 x 8.9 cm)
.6: 7 1/4 x 4 x 4" (18.4 x 10.2 x 10.2 cm)",Purchase,2261.2001.1-6,Design,"Architecture & Design",2001-09-24,yes,1170,https://www.moma.org/collection/works/1170,https://www.moma.org/media/W1siZiIsIjIzMDIzMyJdLFsicCIsImNvbnZlcnQiLCItcmVzaXplIDEwMjR4MTAyNFx1MDAzZSJdXQ.jpg?sha=f5d93b8b64011ad7,NULL,NULL,4.13,NULL,7.30,NULL,NULL,4.13,NULL,NULL
"Storage Boxes with Lids","Gene Hurwitt",2777,"(American, 1906–1988)",(American),(1906),(1988),(male),1966,Acrylic,".1: 1 15/16 x 1 3/16 x 1 3/16" (5 x 3 x 3 cm)
.2: 2 1/4 x 1 5/8 x 1 5/8" (5.7 x 4.2 x 4.2 cm)
.3: 3 1/8 x 2 5/16 x 2 5/16" (7.9 x 5.9 x 5.9 cm)
.4: 5 1/16 x 2 5/16 x 2 5/16" (12.8 x 5.9 x 5.9 cm)
.5: 4 1/2 x 3 1/2 x 3 1/2" (11.4 x 8.9 x 8.9 cm)
.6: 5 1/16 x 4 x 4" (12.9 x 10.2 x 10.2 cm)",Purchase,2262.2001.1-6,Design,"Architecture & Design",2001-09-24,yes,1171,https://www.moma.org/collection/works/1171,https://www.moma.org/media/W1siZiIsIjIzMDIzNiJdLFsicCIsImNvbnZlcnQiLCItcmVzaXplIDEwMjR4MTAyNFx1MDAzZSJdXQ.jpg?sha=78f14b391c38bc05,NULL,NULL,3.02,NULL,5.00,NULL,NULL,3.02,NULL,NULL
"Drinking Cups","Earl S. Tupper",5970,"(American, 1907–1983)",(American),(1907),(1983),(male),1946,Polyethylene,"Each: 2 7/8 x 4" (7.3 x 10.2 cm)","Gift of the manufacturer",2301.2001.1-5,Design,"Architecture & Design",2001-09-24,yes,1172,https://www.moma.org/collection/works/1172,https://www.moma.org/media/W1siZiIsIjIzMDI2MiJdLFsicCIsImNvbnZlcnQiLCItcmVzaXplIDEwMjR4MTAyNFx1MDAzZSJdXQ.jpg?sha=8cdcb963c5245b75,NULL,NULL,NULL,10.16,7.30,NULL,NULL,NULL,NULL,NULL
"Stacking Tableware (model TC 100)","Nick Roericht",4988,"(German, born 1932)",(German),(1932),NULL,(male),1959,"Glazed porcelain",".1 (round dish): h. 2 3/8" (6 cm), diam. 7 5/8" (19.4 cm)
.2 (deep plate): h. 1 3/8" (3.5 cm), diam. 8 7/8" (22.5 cm)
.3 (box): h. 2 1/4" (4 cm), diam. 4" (10.2 cm)
.4-.5 (dinner plate): diam. 9 7/8" (25 cm)
.6 (salad plate): diam. 8 1/4" (21 cm)
.7-.9 (bread plate): diam. 7 1/2" (19 cm)
.10-.11 (small plate): diam. 5 7/8" (15 cm)","Gift of the manufacturer",2284.2001.1-11,Design,"Architecture & Design",2001-09-24,yes,1174,https://www.moma.org/collection/works/1174,NULL,NULL,NULL,NULL,19.37,6.03,NULL,NULL,NULL,NULL,NULL
"Spring-Band Pliers","George Ygfors",6499,"(Swedish, born 1926)",(Swedish),(1926),NULL,(male),1974,"Stainless steel and plastic","1 1/4 x 2 7/8 x 5 3/4" (3.2 x 7.3 x 14.6 cm)","Gift of Lumex, Inc.",2325.2001,Design,"Architecture & Design",2001-09-24,yes,1177,https://www.moma.org/collection/works/1177,https://www.moma.org/media/W1siZiIsIjUzMDUzNiJdLFsicCIsImNvbnZlcnQiLCItcmVzaXplIDEwMjR4MTAyNFx1MDAzZSJdXQ.jpg?sha=7da9479d964ed7d9,NULL,NULL,14.60,NULL,3.18,NULL,NULL,7.30,NULL,NULL
"Spring-Band Pruning Scissors","George Ygfors",6499,"(Swedish, born 1926)",(Swedish),(1926),NULL,(male),1974,"Stainless steel and plastic","1/2 x 3 1/2 x 6 1/2" (1.3 x 8.9 x 16.5 cm)","Gift of Lumex, Inc.",2326.2001,Design,"Architecture & Design",2001-09-24,yes,1178,https://www.moma.org/collection/works/1178,NULL,NULL,NULL,16.50,NULL,1.27,NULL,NULL,8.89,NULL,NULL
"Spring-Band Blunt Scissors","George Ygfors",6499,"(Swedish, born 1926)",(Swedish),(1926),NULL,(male),1974,"Stainless steel and plastic","1/2 x 3 1/8 x 7" (1.2 x 8 x 17.8 cm)","Gift of Lumex, Inc.",2327.2001,Design,"Architecture & Design",2001-09-24,yes,1179,https://www.moma.org/collection/works/1179,NULL,NULL,NULL,17.78,NULL,1.20,NULL,NULL,8.00,NULL,NULL
"Ice Tups Popsicle Mold","Earl S. Tupper",5970,"(American, 1907–1983)",(American),(1907),(1983),(male),1955,Polyethylene,"1 1/4 x 2 3/8 x 4 3/4" (3.2 x 6 x 12 cm)","Gift of the manufacturer",2303.2001,Design,"Architecture & Design",2001-09-24,yes,1180,https://www.moma.org/collection/works/1180,https://www.moma.org/media/W1siZiIsIjIzMDI2NiJdLFsicCIsImNvbnZlcnQiLCItcmVzaXplIDEwMjR4MTAyNFx1MDAzZSJdXQ.jpg?sha=c68a7eeda668c313,NULL,NULL,12.00,NULL,3.18,NULL,NULL,6.00,NULL,NULL
"Cubitainer Recessed Plug and Closure Containers","Thomas W. Winstead",6403,"(American, born 1918)",(American),(1918),NULL,(male),1955,Polyethylene,".1-.2 (inflated): 6 1/4 x 6 1/4 x 6 1/4" (15.9 x 15.9 x 15.9 cm)
.3 (deflated): h. 6 1/4" (15.9 cm)
.4-.5 (deflated): h. 10 3/16" (25.8 cm)","Gift of the manufacturer",2322.2001.1-5,Design,"Architecture & Design",2001-09-24,yes,1182,https://www.moma.org/collection/works/1182,NULL,NULL,NULL,15.88,NULL,15.88,NULL,NULL,15.88,NULL,NULL
"Tea Strainer","Bertel Gardberg",7381,"(Finnish, born 1916)",(Finnish),(1916),NULL,(male),1955,"Silver and teak","1 x 2 1/2 x 4 1/2" (2.5 x 6.4 x 11.5 cm)","Given anonymously",2256.2001.a-b,Design,"Architecture & Design",2001-09-24,yes,1184,https://www.moma.org/collection/works/1184,https://www.moma.org/media/W1siZiIsIjIxMjA3MSJdLFsicCIsImNvbnZlcnQiLCItcmVzaXplIDEwMjR4MTAyNFx1MDAzZSJdXQ.jpg?sha=ef29537a755ba4a6,NULL,NULL,11.50,NULL,2.50,NULL,NULL,6.35,NULL,NULL
