ObjectID,Title,ConstituentID,Date,Medium,Dimensions,Classification,Department,DateAcquired,URL,ImageURL,OnView
257,"Simulated Dwelling for a Family of Five Project",2864,1970,"Fiberglass, polyester resin, metal, paper, plastic and synthetic polymer paint","28 x 34 3/8 x 34 3/8" (71.1 x 87.3 x 87.3 cm)",Architecture,"Architecture & Design",1973-05-08,https://www.moma.org/collection/works/257,https://www.moma.org/media/W1siZiIsIjIyODY1OCJdLFsicCIsImNvbnZlcnQiLCItcmVzaXplIDEwMjR4MTAyNFx1MDAzZSJdXQ.jpg?sha=0f4261daac246e9b,"MoMA, Floor 4, 417"
775,"Concrete Office Building Project, Berlin, Germany (Exterior perspective)",7166,1923,"Charcoal and crayon on paper","54 1/2 x 113 3/4" (138.4 x 288.9 cm)","Mies van der Rohe Archive","Architecture & Design",1968-03-07,https://www.moma.org/collection/works/775,https://www.moma.org/media/W1siZiIsIjQwMDE2MSJdLFsicCIsImNvbnZlcnQiLCItcmVzaXplIDEwMjR4MTAyNFx1MDAzZSJdXQ.jpg?sha=110180447018c67d,"MoMA, Floor 5, 511"
941,"Furniture Manufacturers Association Headquarters, project, High Wycombe, England, Side elevation",7987,1957-58,"Graphite and ink on tracing paper mounted on board","23 1/2 x 32" (59.7 x 81.3 cm)",Architecture,"Architecture & Design",1998-11-12,https://www.moma.org/collection/works/941,https://www.moma.org/media/W1siZiIsIjUzMDIyMSJdLFsicCIsImNvbnZlcnQiLCItcmVzaXplIDEwMjR4MTAyNFx1MDAzZSJdXQ.jpg?sha=2964904217fe93e6,"MoMA, Floor 4, 417"
1007,"Column Cover for the German Pavilion, International Exposition, Barcelona, Spain",7166,1928-29,"Chrome-plated steel","118 1/2 x 6 1/2 x 6 1/2" (301 x 16.5 x 16.5 cm)",Architecture,"Architecture & Design",1986-10-07,https://www.moma.org/collection/works/1007,https://www.moma.org/media/W1siZiIsIjIxMDkyNSJdLFsicCIsImNvbnZlcnQiLCItcmVzaXplIDEwMjR4MTAyNFx1MDAzZSJdXQ.jpg?sha=f09f4ba416d3a81e,"MoMA, Floor 5, 511"
1008,"Column Cover for the Tugendhat House, Brno, Czechoslovakia",7166,1928-30,"Chrome-plated steel","120 x 7 1/2 x 7 1/2" (304.8 x 19.1 x 19.1 cm)",Architecture,"Architecture & Design",1986-10-07,NULL,NULL,"MoMA, Floor 5, 511"
1512,"Carna Folding Wheelchair",7440,1989,"Titanium, rubber, and aluminum honeycomb","33 x 22 x 35 1/4" (83.8 x 55.9 x 89.5 cm)",Design,"Architecture & Design",1995-01-17,https://www.moma.org/collection/works/1512,https://www.moma.org/media/W1siZiIsIjIxMDAyMSJdLFsicCIsImNvbnZlcnQiLCItcmVzaXplIDEwMjR4MTAyNFx1MDAzZSJdXQ.jpg?sha=3b7076d407aab09b,"MoMA, Floor 4, 417"
1621,"Mind Expander / Flyhead Helmet","8412, 8413, 7561, 8414, 7562",1968,"Plastic, metal, electronic components, self-adhesive tapes, and paint","12 7/8 x 15 3/4 x 11 1/2" (32.7 x 40 x 29.2 cm)",Design,"Architecture & Design",2000-01-19,https://www.moma.org/collection/works/1621,https://www.moma.org/media/W1siZiIsIjQyMDk5MSJdLFsicCIsImNvbnZlcnQiLCItcmVzaXplIDEwMjR4MTAyNFx1MDAzZSJdXQ.jpg?sha=e47c3b5df9258394,"MoMA, Floor 4, 417"
1825,"Juicy Salif Lemon Squeezer",8418,1988,"P.T.F.E.-treated pressure cast aluminum and polyamide","11 1/2 x 5" (29.2 x 12.7 cm)",Design,"Architecture & Design",2000-01-19,https://www.moma.org/collection/works/1825,https://www.moma.org/media/W1siZiIsIjIxMDExNyJdLFsicCIsImNvbnZlcnQiLCItcmVzaXplIDEwMjR4MTAyNFx1MDAzZSJdXQ.jpg?sha=1b9d4471735839d3,"MoMA, Floor 1, 1 South"
1911,"Max-2 Stacking Cups",6155,1970,Plastic,"Each: 2 3/4 x 6 1/4 x 7 1/2" (7 x 15.9 x 19.1 cm)",Design,"Architecture & Design",1972-04-11,https://www.moma.org/collection/works/1911,https://www.moma.org/media/W1siZiIsIjIxMDE0OSJdLFsicCIsImNvbnZlcnQiLCItcmVzaXplIDEwMjR4MTAyNFx1MDAzZSJdXQ.jpg?sha=bd4f4bc76f2d531e,"MoMA, Floor 1, 1 South"
1964,"Tilt-Back Side Chair","1671, 1672","c. 1944","Molded plywood, metal rod, rubber shockmounts, and rubber glides","25 3/4 x 20 x 29" (65.4 x 50.8 x 73.7 cm)",Design,"Architecture & Design",1946-05-07,https://www.moma.org/collection/works/1964,https://www.moma.org/media/W1siZiIsIjIyNjM3MyJdLFsicCIsImNvbnZlcnQiLCItcmVzaXplIDEwMjR4MTAyNFx1MDAzZSJdXQ.jpg?sha=16733e2d84824824,"MoMA, Floor 1, 1 South"
2067,"Little River",5814,1968,Linen,"91 1/2 x 21" (232.4 x 53.3 cm)",Design,"Architecture & Design",NULL,https://www.moma.org/collection/works/2067,https://www.moma.org/media/W1siZiIsIjM5MTE5NSJdLFsicCIsImNvbnZlcnQiLCItcmVzaXplIDEwMjR4MTAyNFx1MDAzZSJdXQ.jpg?sha=19d84324c8dea7de,"MoMA, Floor 5, 516"
2133,"Prototype for Chaise Longue (La Chaise)","1671, 1672",1948,"Hard rubber foam, plastic, wood, and metal","32 1/2 x 59 x 34 1/4" (82.5 x 149.8 x 87 cm)",Design,"Architecture & Design",1973-05-08,https://www.moma.org/collection/works/2133,https://www.moma.org/media/W1siZiIsIjIxMjEwNCJdLFsicCIsImNvbnZlcnQiLCItcmVzaXplIDEwMjR4MTAyNFx1MDAzZSJdXQ.jpg?sha=a829eced7842c23c,"MoMA, Floor 1, 1 South"
2200,Pitcher,1968,1954,"Turn mold-blown glass","h. 8 3/4" (22.2 cm), diam. 3 7/8" (9.9 cm)",Design,"Architecture & Design",1992-01-15,https://www.moma.org/collection/works/2200,https://www.moma.org/media/W1siZiIsIjIyODAxMiJdLFsicCIsImNvbnZlcnQiLCItcmVzaXplIDEwMjR4MTAyNFx1MDAzZSJdXQ.jpg?sha=14397e948a30d891,"MoMA, Floor 1, 1 South"
2205,Tumblers,1968,1954,"Turn mold-blown glass","Each: 3 1/4 x 3 1/8" (8.3 x 8 cm)",Design,"Architecture & Design",1992-01-15,https://www.moma.org/collection/works/2205,https://www.moma.org/media/W1siZiIsIjIyODAxMyJdLFsicCIsImNvbnZlcnQiLCItcmVzaXplIDEwMjR4MTAyNFx1MDAzZSJdXQ.jpg?sha=6e69bbb923df7620,"MoMA, Floor 1, 1 South"
2234,"Bell-47D1 Helicopter",6518,1945,"Aluminum, steel, and acrylic plastic","9' 2 3/4" x 7' 11" x 42' 8 3/4" (281.3 x 302 x 1271.9 cm)",Design,"Architecture & Design",1984-10-30,https://www.moma.org/collection/works/2234,https://www.moma.org/media/W1siZiIsIjI0ODkwMCJdLFsicCIsImNvbnZlcnQiLCItcmVzaXplIDEwMjR4MTAyNFx1MDAzZSJdXQ.jpg?sha=1e29acec814a8870,"MoMA, Floor 3"
2253,"Roundel fragment with water fowl",74896,"4th-6th century C.E.","Wool and linen","8 × 10 3/4" (20.3 × 27.3 cm)",Design,"Architecture & Design",1934-09-23,https://www.moma.org/collection/works/2253,https://www.moma.org/media/W1siZiIsIjQ1Njc3NSJdLFsicCIsImNvbnZlcnQiLCItcmVzaXplIDEwMjR4MTAyNFx1MDAzZSJdXQ.jpg?sha=371edc8a6efa4074,"MoMA, Floor 2, 2 South"
2258,"Child with Bird",74896,"3rd century C.E.","Coptic textile","15 x 16 1/4" (38.1 x 41.3 cm)",Design,"Architecture & Design",1934-09-23,https://www.moma.org/collection/works/2258,https://www.moma.org/media/W1siZiIsIjQ1Njc3NiJdLFsicCIsImNvbnZlcnQiLCItcmVzaXplIDEwMjR4MTAyNFx1MDAzZSJdXQ.jpg?sha=d20175121bb62627,"MoMA, Floor 2, 2 South"
2267,"Dark River",5814,1962,"Linen and wood","164 x 22 1/2" (416.6 x 57.2 cm)",Design,"Architecture & Design",1963-02-13,https://www.moma.org/collection/works/2267,https://www.moma.org/media/W1siZiIsIjI4NDc1MCJdLFsicCIsImNvbnZlcnQiLCItcmVzaXplIDEwMjR4MTAyNFx1MDAzZSJdXQ.jpg?sha=e0591a2e13829cbe,"MoMA, Floor 1"
2294,"Side Chair (model DCMU)","1671, 1672",1969,"Polyester reinforced with glass fibers, steel tube, Naugahyde with polyurethane foam padding, vinyl, and nylon","Each: 29 1/2 x 19 1/2 x 21 1/2" (74.9 x 49.5 x 54.6 cm)",Design,"Architecture & Design",1973-05-08,https://www.moma.org/collection/works/2294,https://www.moma.org/media/W1siZiIsIjIyODQzNCJdLFsicCIsImNvbnZlcnQiLCItcmVzaXplIDEwMjR4MTAyNFx1MDAzZSJdXQ.jpg?sha=e89eae257b2fbd95,"MoMA, Floor 1, 1 South"
2334,"Child's cradle (model 1573)","8182, 8845, 10582","c. 1895","Ebonized bent beechwood","80 1/4 x 56 1/4 x 25 7/16" (203.8 x 142.9 x 64.6 cm)",Design,"Architecture & Design",1993-05-04,https://www.moma.org/collection/works/2334,https://www.moma.org/media/W1siZiIsIjIxMDUyNSJdLFsicCIsImNvbnZlcnQiLCItcmVzaXplIDEwMjR4MTAyNFx1MDAzZSJdXQ.jpg?sha=b953728b4dac2621,"MoMA, Floor 5, 504"
2363,Vase,9682,"c. 1900","Hand-painted sculptured glass","21 1/2 × 4 3/8 × 4 1/4" (54.6 × 11.1 × 10.8 cm)",Design,"Architecture & Design",1958-12-04,https://www.moma.org/collection/works/2363,https://www.moma.org/media/W1siZiIsIjU1NjIwMyJdLFsicCIsImNvbnZlcnQiLCItcmVzaXplIDEwMjR4MTAyNFx1MDAzZSJdXQ.jpg?sha=7a3c71ef95e440e1,"MoMA, Floor 5, 501"
2368,"Le Parthènon Vase",9682,"c. 1900","Painted glass","15 3/16 × 3 1/4 × 3 1/2" (38.6 × 8.3 × 8.9 cm)",Design,"Architecture & Design",1958-12-04,https://www.moma.org/collection/works/2368,https://www.moma.org/media/W1siZiIsIjIyODUxMiJdLFsicCIsImNvbnZlcnQiLCItcmVzaXplIDEwMjR4MTAyNFx1MDAzZSJdXQ.jpg?sha=558a588d4e27c5cd,"MoMA, Floor 5, 501"
2373,Vase,9682,"c. 1900","Painted glass","18 1/8 × 3 1/4 × 2 1/2" (46 × 8.3 × 6.4 cm)",Design,"Architecture & Design",1958-12-04,https://www.moma.org/collection/works/2373,https://www.moma.org/media/W1siZiIsIjIyODUxOSJdLFsicCIsImNvbnZlcnQiLCItcmVzaXplIDEwMjR4MTAyNFx1MDAzZSJdXQ.jpg?sha=e351bfe7021e1a18,"MoMA, Floor 5, 501"
2377,Vase,9682,"c. 1900","Painted glass","8 1/4 x 3 1/2 x 2 3/4" (21 x 8.9 x 7 cm)",Design,"Architecture & Design",1958-12-04,https://www.moma.org/collection/works/2377,https://www.moma.org/media/W1siZiIsIjIxMDU1NiJdLFsicCIsImNvbnZlcnQiLCItcmVzaXplIDEwMjR4MTAyNFx1MDAzZSJdXQ.jpg?sha=8fe2792e391d8c24,"MoMA, Floor 5, 501"
2381,"Miniature Vase",9682,"c. 1900","Painted glass","5 7/8 × 1 7/8 × 1 7/8" (14.9 × 4.8 × 4.8 cm)",Design,"Architecture & Design",1958-12-04,https://www.moma.org/collection/works/2381,https://www.moma.org/media/W1siZiIsIjIyODUyMyJdLFsicCIsImNvbnZlcnQiLCItcmVzaXplIDEwMjR4MTAyNFx1MDAzZSJdXQ.jpg?sha=4000408274c1db9c,"MoMA, Floor 5, 501"
2384,"Miniature Vase",9682,"c. 1900","Hand-painted sculptured glass","6 × 2 × 2" (15.2 × 5.1 × 5.1 cm)",Design,"Architecture & Design",1958-12-04,https://www.moma.org/collection/works/2384,https://www.moma.org/media/W1siZiIsIjIyODU5NyJdLFsicCIsImNvbnZlcnQiLCItcmVzaXplIDEwMjR4MTAyNFx1MDAzZSJdXQ.jpg?sha=57006abd13064ad0,"MoMA, Floor 5, 501"
2393,"Entrance Gate to Paris Subway (Métropolitain) Station, Paris, France",2407,"c. 1900","Painted cast iron, glazed lava, and glass","13' 11" x 17' 10" x 32" (424.2 x 543.6 x 81.3 cm)
Each vertical stanchion: 1040 lbs. Horizontal component: 460 lbs. Glazed lava sign: 100 lbs.",Architecture,"Architecture & Design",1958-12-04,https://www.moma.org/collection/works/2393,https://www.moma.org/media/W1siZiIsIjI0MDYzNCJdLFsicCIsImNvbnZlcnQiLCItcmVzaXplIDEwMjR4MTAyNFx1MDAzZSJdXQ.jpg?sha=9ec928b17dd8619b,"MoMA, Floor 1, Sculpture Garden"
2460,"Automobile Pistons",9958,1924–1934,"Aluminum alloy",".1: 3 3/4 × 3 1/4" (9.5 × 8.2 cm)
.2: 2 15/16 × 3 1/16" (7.5 × 7.8 cm)",Design,"Architecture & Design",1934-04-01,https://www.moma.org/collection/works/2460,NULL,"MoMA, Floor 5, 511"
2565,"Tulip Armchair (model 150)",5103,1955-56,"Fiberglass-reinforced polyester and cast aluminum","31 1/2 x 25 1/4 x 23 1/2" (80 x 64.1 x 59.7 cm)",Design,"Architecture & Design",1958-12-04,https://www.moma.org/collection/works/2565,https://www.moma.org/media/W1siZiIsIjUxNzkwNCJdLFsicCIsImNvbnZlcnQiLCItcmVzaXplIDEwMjR4MTAyNFx1MDAzZSJdXQ.jpg?sha=c735b3f62bac1931,"MoMA, Floor 1, 1 South"
2659,"Bearing Spring",9953,"Before 1934",Steel,"2 1/2 x 1 5/16" (6.4 x 3.4 cm)",Design,"Architecture & Design",1934-04-01,https://www.moma.org/collection/works/2659,https://www.moma.org/media/W1siZiIsIjIxMDY4NyJdLFsicCIsImNvbnZlcnQiLCItcmVzaXplIDEwMjR4MTAyNFx1MDAzZSJdXQ.jpg?sha=f6c14e8dd33a4ac4,"MoMA, Floor 5, 511"
2682,"Self-Aligning Ball Bearing",6394,1907,"Chrome-plated steel","1 3/4 x 8 1/2" (4.4 x 21.6 cm)",Design,"Architecture & Design",1934-04-01,https://www.moma.org/collection/works/2682,https://www.moma.org/media/W1siZiIsIjIxMDcwMCJdLFsicCIsImNvbnZlcnQiLCItcmVzaXplIDEwMjR4MTAyNFx1MDAzZSJdXQ.jpg?sha=805516127e63e161,"MoMA, Floor 5, 511"
2704,"Flush Valve",10121,"Before 1934",Chromium,"13 3/8 × 12 × 3 3/4" (34 × 30.5 × 9.5 cm)",Design,"Architecture & Design",1934-01-01,https://www.moma.org/collection/works/2704,https://www.moma.org/media/W1siZiIsIjIxMDcxMiJdLFsicCIsImNvbnZlcnQiLCItcmVzaXplIDEwMjR4MTAyNFx1MDAzZSJdXQ.jpg?sha=b1f0b041fbdb5455,"MoMA, Floor 5, 511"
2728,"Akari Floor Lamp (model 2P)",4324,"c. 1968","Paper shade and metal frame","h. 30" (76.2 cm)",Design,"Architecture & Design",1978-02-27,https://www.moma.org/collection/works/2728,https://www.moma.org/media/W1siZiIsIjIyODgwOSJdLFsicCIsImNvbnZlcnQiLCItcmVzaXplIDEwMjR4MTAyNFx1MDAzZSJdXQ.jpg?sha=cf7fba4d2ac5f3b6,"MoMA, Floor 1, 1 South"
2731,"Steel Balls",10113,"Before 1934","Nickel-plated steel","Dimensions range from a minimum diameter of  3/8" (1 cm) to a max diameter of 1" (2.5 cm)",Design,"Architecture & Design",1934-04-01,https://www.moma.org/collection/works/2731,https://www.moma.org/media/W1siZiIsIjIxMDcyOSJdLFsicCIsImNvbnZlcnQiLCItcmVzaXplIDEwMjR4MTAyNFx1MDAzZSJdXQ.jpg?sha=80b58dcb7f6b0c95,"MoMA, Floor 5, 511"
2805,"Boiling Flasks",1249,1920s,"Borosilicate glass",".1: 14 5/8 x 9 1/2" (37.2 x 24.1 cm)
.2: 7 x 4" (17.8 x 10.2 cm)
.4: 8 1/2 x 5 1/8" (21.6 x 13 cm)
.5-.6: 5 5/8 x 3 1/4" (14.3 x 8.2 cm)",Design,"Architecture & Design",1934-04-01,https://www.moma.org/collection/works/2805,https://www.moma.org/media/W1siZiIsIjIxMDc2MCJdLFsicCIsImNvbnZlcnQiLCItcmVzaXplIDEwMjR4MTAyNFx1MDAzZSJdXQ.jpg?sha=a19a047dbf5a1b7a,"MoMA, Floor 5, 511"
2807,"Chess Set",3716,1920–1926,"Silver-plated and oxidized silver-plated brass","Tallest piece: h. 4" (10.2 cm)
Case: 2 5/8 x 21 1/4 x 16 1/2" (6.7 x 54 x 41.9 cm)",Design,"Architecture & Design",1950-06-08,https://www.moma.org/collection/works/2807,https://www.moma.org/media/W1siZiIsIjI1Mjc1OSJdLFsicCIsImNvbnZlcnQiLCItcmVzaXplIDEwMjR4MTAyNFx1MDAzZSJdXQ.jpg?sha=9d8ac151caf39fee,"MoMA, Floor 5, 513"
2816,Beakers,9339,1920s,"Glazed porcelain",".1: 8 3/8 x 5 3/8" (21.2 x 13.7 cm)
.3: 6 1/2 x 4 1/4" (16.5 x 10.8 cm)
.4: 6 x 3 7/8" (15.2 x 9.8 cm)
.5: 5 5/8 x 3 5/8" (14.3 x 9.2 cm)
.7: 4 5/8 x 3 1/8" (11.8 x 7.9 cm)
.9: 3 3/4 x 2 1/2" (9.5 x 6.4 cm)",Design,"Architecture & Design",1934-04-01,https://www.moma.org/collection/works/2816,https://www.moma.org/media/W1siZiIsIjIxMDc2MyJdLFsicCIsImNvbnZlcnQiLCItcmVzaXplIDEwMjR4MTAyNFx1MDAzZSJdXQ.jpg?sha=e509fc25b6553176,"MoMA, Floor 5, 511"
2841,Spring,9953,"Before 1934",Steel,"2 1/4 x 2 1/4" (5.7 x 5.7 cm)",Design,"Architecture & Design",1934-04-01,https://www.moma.org/collection/works/2841,https://www.moma.org/media/W1siZiIsIjIxMDc3OCJdLFsicCIsImNvbnZlcnQiLCItcmVzaXplIDEwMjR4MTAyNFx1MDAzZSJdXQ.jpg?sha=4c83ced717ca1447,"MoMA, Floor 5, 511"
2859,"Hydrometer Jar",6011,"Before 1934",Glass,"h. 10" (25.4 cm), diam. 11/16" (1.8 cm); base diam. 1 15/16" (4.9 cm)",Design,"Architecture & Design",1934-04-01,https://www.moma.org/collection/works/2859,https://www.moma.org/media/W1siZiIsIjIxMDc4NyJdLFsicCIsImNvbnZlcnQiLCItcmVzaXplIDEwMjR4MTAyNFx1MDAzZSJdXQ.jpg?sha=8aff4a542a3efc49,"MoMA, Floor 5, 511"
2890,"Hydrometer Jar",6011,"Before 1934",Glass,"6 3/4 x 1 5/8" (17.2 x 4.2 cm)",Design,"Architecture & Design",1934-04-01,https://www.moma.org/collection/works/2890,https://www.moma.org/media/W1siZiIsIjIxMDgwOSJdLFsicCIsImNvbnZlcnQiLCItcmVzaXplIDEwMjR4MTAyNFx1MDAzZSJdXQ.jpg?sha=9f8bda1f03a4436c,"MoMA, Floor 5, 511"
2891,"Wear-Ever Tea Kettle (model 1403)",2402,"c. 1932-33","Aluminum and plastic","8 1/2 x 9 1/2" (21.6 x 24.1 cm)",Design,"Architecture & Design",1944-11-08,https://www.moma.org/collection/works/2891,https://www.moma.org/media/W1siZiIsIjIyODkxMSJdLFsicCIsImNvbnZlcnQiLCItcmVzaXplIDEwMjR4MTAyNFx1MDAzZSJdXQ.jpg?sha=13d364be6a47af30,"MoMA, Floor 5, 511"
2983,"Flores Box",3766,1991,"Thermoplastic polymer","3 x 12 1/4 x 6" (7.6 x 31.1 x 15.2 cm)",Design,"Architecture & Design",1998-04-22,https://www.moma.org/collection/works/2983,https://www.moma.org/media/W1siZiIsIjIxMDg1MyJdLFsicCIsImNvbnZlcnQiLCItcmVzaXplIDEwMjR4MTAyNFx1MDAzZSJdXQ.jpg?sha=c087e4e6cd38315f,"MoMA, Floor 1, 1 South"
3025,Bottles,10302,"Before 1934","Glass and plastic",".1: 6 1/2 x 3 1/4" (16.5 x 8.3 cm)
.2: 5 1/4 x 2 3/8" (13.4 x 6 cm)
.3: 4 1/4 x 2" (10.8 x 5.1 cm)",Design,"Architecture & Design",NULL,https://www.moma.org/collection/works/3025,https://www.moma.org/media/W1siZiIsIjIxMDg2OCJdLFsicCIsImNvbnZlcnQiLCItcmVzaXplIDEwMjR4MTAyNFx1MDAzZSJdXQ.jpg?sha=82554ae87c24eaef,"MoMA, Floor 5, 511"
3048,"Compote dish",4749,"c. 1907","Flashed and cut glass","8 x 5 7/8" (20.3 x 15 cm)",Design,"Architecture & Design",1986-10-07,https://www.moma.org/collection/works/3048,https://www.moma.org/media/W1siZiIsIjIyOTAxNSJdLFsicCIsImNvbnZlcnQiLCItcmVzaXplIDEwMjR4MTAyNFx1MDAzZSJdXQ.jpg?sha=f5f6cbff72ecfe08,"MoMA, Floor 5, 504"
3072,"Liqueur glasses",2694,"c. 1908","Blown glass",".1: h. 3 1/2" (8.9 cm), diam. 2 3/8" (6 cm)
.2: h. 2 3/4" (7 cm), diam. 2 1/2" (6.4 cm)
.3: h. 5 1/4" (13.3 cm), diam. 2 1/4" (5.7 cm)",Design,"Architecture & Design",1979-05-30,https://www.moma.org/collection/works/3072,https://www.moma.org/media/W1siZiIsIjIxMDg5MiJdLFsicCIsImNvbnZlcnQiLCItcmVzaXplIDEwMjR4MTAyNFx1MDAzZSJdXQ.jpg?sha=598b7fc6c6369e9c,"MoMA, Floor 5, 504"
3144,"Crusader Hotel Sauce Pots",9724,1920s,"Stainless steel",".1: 8 x 18 3/4 x 14 1/8" (20.3 x 47.6 x 35.9 cm)
.2: 7 x 17 3/8 x 13 1/4" (17.8 x 44.1 x 33.7 cm)
.3: 6 x 16 x 11 1/8" (15.2 x 40.6 x 28.3 cm)",Design,"Architecture & Design",1934-04-01,https://www.moma.org/collection/works/3144,https://www.moma.org/media/W1siZiIsIjIxMDk0MSJdLFsicCIsImNvbnZlcnQiLCItcmVzaXplIDEwMjR4MTAyNFx1MDAzZSJdXQ.jpg?sha=4ba4c3061e6fb3e3,"MoMA, Floor 5, 511"
3153,"Wear-Ever Hotel Sauté Pans",10027,"Before 1934",Aluminum,".1: 2 x 6 1/4" (5.1 x 15.9 cm)
.2: 2 1/4 x 7 1/4" (5.7 x 18.4 cm)
.3: 2 1/2 x 8 1/4" (6.4 x 21 cm)
.4: 2 3/4 x 10 1/4" (7 x 26 cm)",Design,"Architecture & Design",1934-04-01,https://www.moma.org/collection/works/3153,https://www.moma.org/media/W1siZiIsIjIyOTEyMyJdLFsicCIsImNvbnZlcnQiLCItcmVzaXplIDEwMjR4MTAyNFx1MDAzZSJdXQ.jpg?sha=d2860231caa6f1ca,"MoMA, Floor 5, 511"
3169,Carafe,5168,1956,Glass,"7 5/8 x 3 5/8" (19.4 x 9.2 cm)",Design,"Architecture & Design",1958-12-04,https://www.moma.org/collection/works/3169,https://www.moma.org/media/W1siZiIsIjIxMDk1NSJdLFsicCIsImNvbnZlcnQiLCItcmVzaXplIDEwMjR4MTAyNFx1MDAzZSJdXQ.jpg?sha=3c7a47bb67011775,"MoMA, Floor 1, 1 South"
3188,"Coil of Strip Stainless Steel",9953,"Before 1934","Stainless steel","coil diam. 2 3/8" (6 cm) of flattened stainless steel 1/8" (.3 cm) wide; h. variable",Design,"Architecture & Design",1934-04-01,https://www.moma.org/collection/works/3188,NULL,"MoMA, Floor 5, 511"
3212,"May Day Lamp",8149,1998,"Plastic and polycarbonate","21 x 8 1/2" (53.3 x 21.6 cm)",Design,"Architecture & Design",1999-06-30,https://www.moma.org/collection/works/3212,https://www.moma.org/media/W1siZiIsIjIxMTAwMyJdLFsicCIsImNvbnZlcnQiLCItcmVzaXplIDEwMjR4MTAyNFx1MDAzZSJdXQ.jpg?sha=41fe5e62d420e0e9,"MoMA, Floor 1, 1 South"
3250,Scissors,271,"Designed 1960-1967, this example 1976","Plastic and stainless steel","8 1/2 × 2 3/4 × 1" (21.6 × 7 × 2.5 cm)",Design,"Architecture & Design",1977-06-01,https://www.moma.org/collection/works/3250,https://www.moma.org/media/W1siZiIsIjIxMTAyNyJdLFsicCIsImNvbnZlcnQiLCItcmVzaXplIDEwMjR4MTAyNFx1MDAzZSJdXQ.jpg?sha=00d9bc3b587dcca1,"MoMA, Floor 1, 1 South"
3262,"Bud Vase",9682,"c. 1910","Blown painted glass","6 × 2 × 2" (15.2 × 5.1 × 5.1 cm)",Design,"Architecture & Design",1977-06-01,https://www.moma.org/collection/works/3262,https://www.moma.org/media/W1siZiIsIjIyOTI0NCJdLFsicCIsImNvbnZlcnQiLCItcmVzaXplIDEwMjR4MTAyNFx1MDAzZSJdXQ.jpg?sha=5758823a9b12138b,"MoMA, Floor 5, 501"
3266,"Bud Vase",9682,"c. 1910","Painted glass","6 3/8 × 2 × 2" (16.2 × 5.1 × 5.1 cm)",Design,"Architecture & Design",1977-06-01,https://www.moma.org/collection/works/3266,https://www.moma.org/media/W1siZiIsIjIxMTAzNSJdLFsicCIsImNvbnZlcnQiLCItcmVzaXplIDEwMjR4MTAyNFx1MDAzZSJdXQ.jpg?sha=a997c18f32ff43bc,"MoMA, Floor 5, 501"
3269,"Bud Vase",9682,"c. 1910","Painted glass","6 1/4 × 2 × 2" (15.9 × 5.1 × 5.1 cm)",Design,"Architecture & Design",1977-06-01,https://www.moma.org/collection/works/3269,https://www.moma.org/media/W1siZiIsIjIyOTI0OCJdLFsicCIsImNvbnZlcnQiLCItcmVzaXplIDEwMjR4MTAyNFx1MDAzZSJdXQ.jpg?sha=cda7a4c52e6cdcf7,"MoMA, Floor 5, 501"
3271,"Bud Vase",9682,"c. 1910","Painted glass","6 × 2 × 2" (15.2 × 5.1 × 5.1 cm)",Design,"Architecture & Design",1977-06-01,https://www.moma.org/collection/works/3271,https://www.moma.org/media/W1siZiIsIjIxMTAzOSJdLFsicCIsImNvbnZlcnQiLCItcmVzaXplIDEwMjR4MTAyNFx1MDAzZSJdXQ.jpg?sha=4c7be42c32d0fa12,"MoMA, Floor 5, 501"
3274,"Bud Vase",9682,"c. 1910","Blown painted glass","6 1/4 × 2 × 2" (15.9 × 5.1 × 5.1 cm)",Design,"Architecture & Design",1977-06-01,https://www.moma.org/collection/works/3274,https://www.moma.org/media/W1siZiIsIjIxMTA0MSJdLFsicCIsImNvbnZlcnQiLCItcmVzaXplIDEwMjR4MTAyNFx1MDAzZSJdXQ.jpg?sha=a728659970e20fef,"MoMA, Floor 5, 501"
3277,"Bud Vase",9682,"c. 1910","Blown painted glass","6 1/4 × 1 3/4 × 1 3/4" (15.9 × 4.4 × 4.4 cm)",Design,"Architecture & Design",1977-06-01,https://www.moma.org/collection/works/3277,https://www.moma.org/media/W1siZiIsIjIxMTA0NSJdLFsicCIsImNvbnZlcnQiLCItcmVzaXplIDEwMjR4MTAyNFx1MDAzZSJdXQ.jpg?sha=56c0cd5b3f0407f9,"MoMA, Floor 5, 501"
3279,"Bud Vase",9682,"c. 1910","Painted glass","6 × 2 × 2" (15.2 × 5.1 × 5.1 cm)",Design,"Architecture & Design",1977-06-01,https://www.moma.org/collection/works/3279,https://www.moma.org/media/W1siZiIsIjIxMTA0OSJdLFsicCIsImNvbnZlcnQiLCItcmVzaXplIDEwMjR4MTAyNFx1MDAzZSJdXQ.jpg?sha=9a263074322c30ce,"MoMA, Floor 5, 501"
3281,"Bud Vase",9682,"c. 1910","Painted glass","6 5/8 × 2 × 2" (16.8 × 5.1 × 5.1 cm)",Design,"Architecture & Design",1977-06-01,https://www.moma.org/collection/works/3281,https://www.moma.org/media/W1siZiIsIjIxMTA1MiJdLFsicCIsImNvbnZlcnQiLCItcmVzaXplIDEwMjR4MTAyNFx1MDAzZSJdXQ.jpg?sha=8badf08b3bf9bd3a,"MoMA, Floor 5, 501"
3283,"Bud Vase",9682,"c. 1910","Blown painted glass","6 1/4 × 1 7/8 × 1 7/8" (15.9 × 4.8 × 4.8 cm)",Design,"Architecture & Design",1977-06-01,https://www.moma.org/collection/works/3283,https://www.moma.org/media/W1siZiIsIjIxMTA1OCJdLFsicCIsImNvbnZlcnQiLCItcmVzaXplIDEwMjR4MTAyNFx1MDAzZSJdXQ.jpg?sha=63284f1d21d21b51,"MoMA, Floor 5, 501"
3285,"Bud Vase",9682,"c. 1910","Blown painted glass","6 1/4 × 2 1/8 × 2 1/8" (15.9 × 5.4 × 5.4 cm)",Design,"Architecture & Design",1977-06-01,https://www.moma.org/collection/works/3285,https://www.moma.org/media/W1siZiIsIjIxMTA2MCJdLFsicCIsImNvbnZlcnQiLCItcmVzaXplIDEwMjR4MTAyNFx1MDAzZSJdXQ.jpg?sha=cd5c1a2d248498ea,"MoMA, Floor 5, 501"
3287,"Bud Vase",9682,"c. 1910","Blown painted glass","6 × 2 × 2" (15.2 × 5.1 × 5.1 cm)",Design,"Architecture & Design",1977-06-01,https://www.moma.org/collection/works/3287,https://www.moma.org/media/W1siZiIsIjIyOTI1OCJdLFsicCIsImNvbnZlcnQiLCItcmVzaXplIDEwMjR4MTAyNFx1MDAzZSJdXQ.jpg?sha=42e3bbf20bda5fa4,"MoMA, Floor 5, 501"
3289,"Bud Vase",9682,"c. 1910","Painted glass","5 1/4 × 2 × 2" (13.3 × 5.1 × 5.1 cm)",Design,"Architecture & Design",1977-06-01,https://www.moma.org/collection/works/3289,https://www.moma.org/media/W1siZiIsIjIyOTI1OSJdLFsicCIsImNvbnZlcnQiLCItcmVzaXplIDEwMjR4MTAyNFx1MDAzZSJdXQ.jpg?sha=b1c1150542b51640,"MoMA, Floor 5, 501"
3291,"Bud Vase",9682,"c. 1910","Painted glass","6 5/8 × 1 3/4 × 1 3/4" (16.8 × 4.4 × 4.4 cm)",Design,"Architecture & Design",1977-06-01,https://www.moma.org/collection/works/3291,https://www.moma.org/media/W1siZiIsIjIxMTA2OCJdLFsicCIsImNvbnZlcnQiLCItcmVzaXplIDEwMjR4MTAyNFx1MDAzZSJdXQ.jpg?sha=3613f5363e68ece4,"MoMA, Floor 5, 501"
3293,"Bud Vase",9682,"c. 1910","Blown painted glass","6 3/8 × 2 × 2" (16.2 × 5.1 × 5.1 cm)",Design,"Architecture & Design",1977-06-01,https://www.moma.org/collection/works/3293,https://www.moma.org/media/W1siZiIsIjIxMTA3MCJdLFsicCIsImNvbnZlcnQiLCItcmVzaXplIDEwMjR4MTAyNFx1MDAzZSJdXQ.jpg?sha=097194eaa5166df5,"MoMA, Floor 5, 501"
3429,"Crinkle Super Bag Vase K-2",3207,1974,"Glazed cast porcelain","9 7/8 x 7 1/4 x 3 7/16" (25.1 x 18.4 x 8.7 cm)",Design,"Architecture & Design",1982-10-27,https://www.moma.org/collection/works/3429,https://www.moma.org/media/W1siZiIsIjUyMTQzOCJdLFsicCIsImNvbnZlcnQiLCItcmVzaXplIDEwMjR4MTAyNFx1MDAzZSJdXQ.jpg?sha=850264ab9a249a8d,"MoMA, Floor 1, 1 South"
3431,"Sitzmaschine chair with adjustable back (model 670)",2694,"c. 1905","Bent beechwood with sycamore panels","43 1/2 x 28 1/4 x 32" (110.5 x 71.8 x 81.3 cm)
",Design,"Architecture & Design",1994-08-04,https://www.moma.org/collection/works/3431,https://www.moma.org/media/W1siZiIsIjIxMTE3MSJdLFsicCIsImNvbnZlcnQiLCItcmVzaXplIDEwMjR4MTAyNFx1MDAzZSJdXQ.jpg?sha=29d70c5763c98fd1,"MoMA, Floor 5, 504"
3462,"Wine goblet",4749,"c. 1910","Flashed and cut glass","8 1/2 x 3 7/16" (21.6 x 8.8 cm)",Design,"Architecture & Design",1985-11-18,https://www.moma.org/collection/works/3462,https://www.moma.org/media/W1siZiIsIjIxMTE5NiJdLFsicCIsImNvbnZlcnQiLCItcmVzaXplIDEwMjR4MTAyNFx1MDAzZSJdXQ.jpg?sha=32fead6a5589c548,"MoMA, Floor 5, 504"
3477,"Zig-Zag Chair",4922,1934,"Oak and brass fittings","29 1/2 x 14 1/2 x 17 1/2" (75 x 36.8 x 44.5 cm), seat h. 16" (40.6 cm)",Design,"Architecture & Design",1988-11-22,https://www.moma.org/collection/works/3477,https://www.moma.org/media/W1siZiIsIjIyOTUzNCJdLFsicCIsImNvbnZlcnQiLCItcmVzaXplIDEwMjR4MTAyNFx1MDAzZSJdXQ.jpg?sha=b2dbf1d68149c2e3,"MoMA, Floor 1, 1 South"
3598,"Coffee and Tea Box for the Dutch company Van Nelle",6971,1928–1930,"Printed tin","14 1/2 x 16 15/16 x 11 1/4" (36.8 x 43 x 28.6 cm)",Design,"Architecture & Design",1992-10-21,https://www.moma.org/collection/works/3598,https://www.moma.org/media/W1siZiIsIjIyOTY1NyJdLFsicCIsImNvbnZlcnQiLCItcmVzaXplIDEwMjR4MTAyNFx1MDAzZSJdXQ.jpg?sha=1712876c115a84c2,"MoMA, Floor 5, 511"
3753,Vase,2694,"c. 1905","Painted perforated metal","4 1/4 x 3 1/8 x 3 1/8" (10.8 x 8 x 8 cm)",Design,"Architecture & Design",1988-11-22,https://www.moma.org/collection/works/3753,https://www.moma.org/media/W1siZiIsIjUyNzEyNyJdLFsicCIsImNvbnZlcnQiLCItcmVzaXplIDEwMjR4MTAyNFx1MDAzZSJdXQ.jpg?sha=3e15f584000b3f46,"MoMA, Floor 5, 504"
3758,"Good Grips Peeler",10725,1989,"Stainless steel and rubber","7 × 1 3/8 × 1" (17.8 × 3.5 × 2.5 cm)",Design,"Architecture & Design",1994-09-21,https://www.moma.org/collection/works/3758,https://www.moma.org/media/W1siZiIsIjIxMTI2MSJdLFsicCIsImNvbnZlcnQiLCItcmVzaXplIDEwMjR4MTAyNFx1MDAzZSJdXQ.jpg?sha=eaa3d14dc1eecd76,"MoMA, Floor 1, 1 South"
3872,Vase,4119,1902,Glass,"6 x 6 x 6" (15.2 x 15.2 x 15.2 cm)",Design,"Architecture & Design",1983-05-17,https://www.moma.org/collection/works/3872,https://www.moma.org/media/W1siZiIsIjIxMTQzNyJdLFsicCIsImNvbnZlcnQiLCItcmVzaXplIDEwMjR4MTAyNFx1MDAzZSJdXQ.jpg?sha=20ea4a3a14fd0437,"MoMA, Floor 5, 504"
3915,Scissors,5565,1980,"Epoxy-coated stainless steel and plastic","7 3/16 x 2 9/16" (18.2 x 6.5 cm)",Design,"Architecture & Design",1983-05-17,https://www.moma.org/collection/works/3915,https://www.moma.org/media/W1siZiIsIjIxMTQ1NiJdLFsicCIsImNvbnZlcnQiLCItcmVzaXplIDEwMjR4MTAyNFx1MDAzZSJdXQ.jpg?sha=ecd2d3f93b60160f,"MoMA, Floor 1, 1 South"
3985,Screen,2313,1922,"Lacquered wood and metal rods","74 1/2 x 53 1/2 x 3/4" (189.2 x 135.9 x 1.9 cm)",Design,"Architecture & Design",1978-09-27,https://www.moma.org/collection/works/3985,https://www.moma.org/media/W1siZiIsIjUyMDM2NSJdLFsicCIsImNvbnZlcnQiLCItcmVzaXplIDEwMjR4MTAyNFx1MDAzZSJdXQ.jpg?sha=a317a8ebd8d00171,"MoMA, Floor 5, 513"
4017,"Bar Tools",5707,1969,"Stainless steel",".1 (fork): h. 8 1/4" (21 cm)
.2 (mixer): h. 8 1/4" (21 cm)
.3 (ice tongs): h. 8 1/4" (21 cm)
.4 (knife): h. 8 1/4" (21 cm)
.5 (can perforator): h. 6 1/4" (15.9 cm)
.6 (bottle opener): h. 6 1/4" (15.9 cm)",Design,"Architecture & Design",1970-11-05,https://www.moma.org/collection/works/4017,https://www.moma.org/media/W1siZiIsIjIxMTUwOCJdLFsicCIsImNvbnZlcnQiLCItcmVzaXplIDEwMjR4MTAyNFx1MDAzZSJdXQ.jpg?sha=8217acae8abf8624,"MoMA, Floor 1, 1 South"
4023,Armchair,6210,1902,"Bent beechwood and aluminum","30 7/8 x 22 1/4 x 20 1/4" (78.5 x 56.5 x 51.5 cm), seat h. 18 5/8" (47.3 cm)",Design,"Architecture & Design",1978-09-27,https://www.moma.org/collection/works/4023,https://www.moma.org/media/W1siZiIsIjIyOTgzNyJdLFsicCIsImNvbnZlcnQiLCItcmVzaXplIDEwMjR4MTAyNFx1MDAzZSJdXQ.jpg?sha=022d146ca9d75fd8,"MoMA, Floor 5, 504"
4026,Stool,6210,1904,"Bent beechwood, molded plywood, and aluminum","18 1/2 x 16 x 16" (47 x 40.6 x 40.6 cm)",Design,"Architecture & Design",1978-09-27,https://www.moma.org/collection/works/4026,https://www.moma.org/media/W1siZiIsIjUyMDM2NyJdLFsicCIsImNvbnZlcnQiLCItcmVzaXplIDEwMjR4MTAyNFx1MDAzZSJdXQ.jpg?sha=d4986e9ca0b6dc4c,"MoMA, Floor 5, 504"
4044,"Red Blue Chair",4922,1918–1923,"Painted wood","34 1/8 x 26 x 33" (86.7 x 66 x 83.8 cm), seat h. 13" (33 cm)",Design,"Architecture & Design",1953-11-04,https://www.moma.org/collection/works/4044,https://www.moma.org/media/W1siZiIsIjQwMjU2OSJdLFsicCIsImNvbnZlcnQiLCItcmVzaXplIDEwMjR4MTAyNFx1MDAzZSJdXQ.jpg?sha=e7e6d212890598a1,"MoMA, Floor 1, 1 South"
4110,Goblet,4749,"c. 1905","Flashed and hand-painted cut glass","8 1/8 x 3 1/8" (20.6 x 7.9 cm)",Design,"Architecture & Design",1981-12-10,https://www.moma.org/collection/works/4110,https://www.moma.org/media/W1siZiIsIjIxMTY2OCJdLFsicCIsImNvbnZlcnQiLCItcmVzaXplIDEwMjR4MTAyNFx1MDAzZSJdXQ.jpg?sha=1eb93e6bcce8e17e,"MoMA, Floor 5, 504"
4334,Flatware,2694,1905,"Silver-plate on nickel silver",".1 (large knife): l. 8 1/2" (21.6 cm) 
.2 (small knife): l. 7 1/4" (18.4 cm) 
.3 (butter knife): l. 7 1/4" (18.4 cm) 
.4 (soupspoon): l. 8 1/4" (21 cm) 
.5 (teaspoon): l. 5 5/8" (14.3 cm) 
.6 (coffee spoon): l. 4" (10.2 cm) 
.7 (large fork): l. 8 3/8" (21.3 cm) 
.8 (small fork): l. 7 1/4" (18.4 cm) 
.9 (serving fork): l. 10 1/2" (26.7 cm) 
.10 (serving spoon): l. 10" (25.4 cm)",Design,"Architecture & Design",1977-11-28,https://www.moma.org/collection/works/4334,https://www.moma.org/media/W1siZiIsIjUyMDM5MCJdLFsicCIsImNvbnZlcnQiLCItcmVzaXplIDEwMjR4MTAyNFx1MDAzZSJdXQ.jpg?sha=958e1cadfaada0fc,"MoMA, Floor 5, 504"
4339,"Adjustable Table",2313,"Designed 1927 (this example 1976)","Chrome-plated tubular steel, sheet steel, and glass","Dimensions range from a minimum height of 21 1/4" (54 cm) to max height of 36 1/2" (93 cm), diam. 20" (50.8 cm)",Design,"Architecture & Design",1977-11-28,https://www.moma.org/collection/works/4339,https://www.moma.org/media/W1siZiIsIjIyOTk2MSJdLFsicCIsImNvbnZlcnQiLCItcmVzaXplIDEwMjR4MTAyNFx1MDAzZSJdXQ.jpg?sha=46b1f327991a5475,"MoMA, Floor 5, 513"
4369,"Barcelona Chair",7166,"Designed 1929 (this example 1953)","Stainless-steel bars and leather upholstery","31 x 29 3/8 x 30" (78.7 x 74.6 x 76.2 cm)",Design,"Architecture & Design",1954-01-12,https://www.moma.org/collection/works/4369,https://www.moma.org/media/W1siZiIsIjIxMTY0MCJdLFsicCIsImNvbnZlcnQiLCItcmVzaXplIDEwMjR4MTAyNFx1MDAzZSJdXQ.jpg?sha=b705f616552d4bd2,"MoMA, Floor 1, 1 South"
4379,Vase,9682,"c. 1900","Painted glass","23 1/4 × 5 1/2 × 5 1/2" (59.1 × 14 × 14 cm)",Design,"Architecture & Design",1959-12-30,https://www.moma.org/collection/works/4379,https://www.moma.org/media/W1siZiIsIjU1NjIwNiJdLFsicCIsImNvbnZlcnQiLCItcmVzaXplIDEwMjR4MTAyNFx1MDAzZSJdXQ.jpg?sha=6789d16d8b920e79,"MoMA, Floor 5, 501"
4401,Armchair,159,1964,"Poured polyurethane","29 1/2 x 44 1/4 x 35 1/4" (74.9 x 112.4 x 89.5 cm)",Design,"Architecture & Design",1966-12-06,https://www.moma.org/collection/works/4401,https://www.moma.org/media/W1siZiIsIjIzMDUxOCJdLFsicCIsImNvbnZlcnQiLCItcmVzaXplIDEwMjR4MTAyNFx1MDAzZSJdXQ.jpg?sha=dd903634a7d1c612,"MoMA, Floor 4, 417"
4418,"Coat Hangers",7221,1974,Beechwood,".a (coat hanger): 8 11/16 x 16 1/8 x 1 3/16" (22 x 41 x 3 cm)
.b (support, wall button): 2 3/4 x 3 1/8" (7 x 7.9 cm)",Design,"Architecture & Design",1983-11-30,https://www.moma.org/collection/works/4418,https://www.moma.org/media/W1siZiIsIjIxMTg2MiJdLFsicCIsImNvbnZlcnQiLCItcmVzaXplIDEwMjR4MTAyNFx1MDAzZSJdXQ.jpg?sha=ba482d5768de797e,"MoMA, Floor 1, 1 South"
4443,"Salt and Pepper Shakers",6208,1952-53,"Stainless steel and glass","Each: 2 1/2 x 2" (6.3 x 5.1 cm)",Design,"Architecture & Design",1983-11-30,https://www.moma.org/collection/works/4443,https://www.moma.org/media/W1siZiIsIjIxMTg3OSJdLFsicCIsImNvbnZlcnQiLCItcmVzaXplIDEwMjR4MTAyNFx1MDAzZSJdXQ.jpg?sha=300632c5609de936,"MoMA, Floor 1, 1 South"
4444,"Kryptonite 4 Bike Lock","6543, 7217",1976,"Vinyl-coated zinc and nickel-plated steel","Each: 10 5/8 x 7 1/2" (27 x 19.1 cm)",Design,"Architecture & Design",1983-11-30,https://www.moma.org/collection/works/4444,https://www.moma.org/media/W1siZiIsIjIxMTg4MSJdLFsicCIsImNvbnZlcnQiLCItcmVzaXplIDEwMjR4MTAyNFx1MDAzZSJdXQ.jpg?sha=a9611fee4ae4ff92,"MoMA, Floor 1, 1 South"
4457,Candleholder,6356,"c. 1903-04","Hammered silver","7 5/8 x 6 3/8" (19.4 x 16.2 cm)",Design,"Architecture & Design",1941-12-01,https://www.moma.org/collection/works/4457,https://www.moma.org/media/W1siZiIsIjIzMDU1NSJdLFsicCIsImNvbnZlcnQiLCItcmVzaXplIDEwMjR4MTAyNFx1MDAzZSJdXQ.jpg?sha=727e58f4d60c737b,"MoMA, Floor 5, 504"
4597,"Chronotime Clock",3743,1968,"ABS polymer casing and metal parts","Each: 2 5/8 x 2 3/4" (6.7 x 7 cm)",Design,"Architecture & Design",1969-12-01,https://www.moma.org/collection/works/4597,https://www.moma.org/media/W1siZiIsIjIzMDAxOCJdLFsicCIsImNvbnZlcnQiLCItcmVzaXplIDEwMjR4MTAyNFx1MDAzZSJdXQ.jpg?sha=2cd266d22ae269d4,"MoMA, Floor 1, 1 South"
4635,"Stacking Tumblers",3822,1967,Acrylic,"Each: 2 15/16 x 2 9/16" (7.5 x 6.5 cm)",Design,"Architecture & Design",1968-10-07,https://www.moma.org/collection/works/4635,https://www.moma.org/media/W1siZiIsIjUxOTU1OCJdLFsicCIsImNvbnZlcnQiLCItcmVzaXplIDEwMjR4MTAyNFx1MDAzZSJdXQ.jpg?sha=04c6bbe652c9cb5f,"MoMA, Floor 1, 1 South"
4729,"Lounge Chair",8435,1934,"Bent birch plywood with pigmented lacquer","29 5/8 x 23 1/2 x 35" (75.2 x 59.7 x 88.9 cm)",Design,"Architecture & Design",2000-12-11,https://www.moma.org/collection/works/4729,https://www.moma.org/media/W1siZiIsIjIzMDE5MyJdLFsicCIsImNvbnZlcnQiLCItcmVzaXplIDEwMjR4MTAyNFx1MDAzZSJdXQ.jpg?sha=f50536dfb66d9f2e,"MoMA, Floor 1, 1 South"
5376,"Poster for the Kunstschau exhibition, Vienna",3585,1908,Lithograph,"14 3/8 x 19 1/2" (37.5 x 49.5 cm)",Design,"Architecture & Design",1988-04-27,https://www.moma.org/collection/works/5376,https://www.moma.org/media/W1siZiIsIjIxMDUwNCJdLFsicCIsImNvbnZlcnQiLCItcmVzaXplIDEwMjR4MTAyNFx1MDAzZSJdXQ.jpg?sha=3029e91170ae38c9,"MoMA, Floor 5, 504"
5684,"Poster for the First Secession Exhibition (censored version) (1. Kunstausstellung Secession)",3147,1898,Lithograph,"25 x 18 7/16" (63.5 x 46.9 cm)",Design,"Architecture & Design",1968-03-07,https://www.moma.org/collection/works/5684,https://www.moma.org/media/W1siZiIsIjE3MDI1NCJdLFsicCIsImNvbnZlcnQiLCItcmVzaXplIDEwMjR4MTAyNFx1MDAzZSJdXQ.jpg?sha=c6ccaa5c234495fd,"MoMA, Floor 5, 504"
5724,"Radio - Rural Electrification Administration",409,1937,Silkscreen,"40 1/4 x 30" (102 x 76.2 cm)",Design,"Architecture & Design",1937-06-30,https://www.moma.org/collection/works/5724,https://www.moma.org/media/W1siZiIsIjUxNzI5MiJdLFsicCIsImNvbnZlcnQiLCItcmVzaXplIDEwMjR4MTAyNFx1MDAzZSJdXQ.jpg?sha=505c68eea17d4cac,"MoMA, Floor 5, 519"
5745,"Running Water - Rural Electrification Administration",409,1937,Silkscreen,"40 x 30" (101.6 x 76.2 cm)",Design,"Architecture & Design",1937-06-30,https://www.moma.org/collection/works/5745,https://www.moma.org/media/W1siZiIsIjIxMDc1NSJdLFsicCIsImNvbnZlcnQiLCItcmVzaXplIDEwMjR4MTAyNFx1MDAzZSJdXQ.jpg?sha=e7249b0a9758edf8,"MoMA, Floor 5, 519"
6706,"Contact With the World, Use the Telephone",3020,1934,Lithograph,"29 7/8 x 19 5/8" (75.9 x 49.8 cm)",Design,"Architecture & Design",1939-05-22,https://www.moma.org/collection/works/6706,https://www.moma.org/media/W1siZiIsIjUxNzAyOCJdLFsicCIsImNvbnZlcnQiLCItcmVzaXplIDEwMjR4MTAyNFx1MDAzZSJdXQ.jpg?sha=612588e3a9065533,"MoMA, Floor 5, 519"
7306,"Secession Plakat Ausstellung (Secession Poster Exhibition)",2507,1912,Lithograph,"24 3/4 x 18 1/2" (62.8 x 46.9 cm)",Design,"Architecture & Design",1983-05-17,https://www.moma.org/collection/works/7306,https://www.moma.org/media/W1siZiIsIjIxMTU3MyJdLFsicCIsImNvbnZlcnQiLCItcmVzaXplIDEwMjR4MTAyNFx1MDAzZSJdXQ.jpg?sha=47990799a887551c,"MoMA, Floor 5, 504"
10808,"Double page plate (between pages 96 and 97) from Vertogradari Nad Lozami (Gardeners over the Vines)",2229,1913,"Lithograph from an illustrated book with ten lithographs and two woodcuts","composition (irreg.): 6 5/8 × 8 9/16" (16.8 × 21.8 cm); page (each): 6 15/16 × 4 1/2" (17.7 × 11.4 cm)","Illustrated Book","Drawings & Prints",1977-02-10,https://www.moma.org/collection/works/10808,https://www.moma.org/media/W1siZiIsIjQ2MjI3NCJdLFsicCIsImNvbnZlcnQiLCItcmVzaXplIDEwMjR4MTAyNFx1MDAzZSJdXQ.jpg?sha=81bad5a283785c3b,"MoMA, Floor 5, 507"
26720,"Sleeping Woman (Schlafende Frau) (title page) from Die träumenden Knaben (The Dreaming Boys)",3197,"1917 (executed 1907-08)","Photolithograph from an illustrated book with eight photolithographs and three line block reproductions","composition: 9 7/16 x 8 7/8" (24 x 22.5 cm); page: 9 7/16 x 11 9/16" (24 x 29.3 cm)","Illustrated Book","Drawings & Prints",1964-10-06,https://www.moma.org/collection/works/26720,https://www.moma.org/media/W1siZiIsIjEyOTUzMSJdLFsicCIsImNvbnZlcnQiLCItcmVzaXplIDEwMjR4MTAyNFx1MDAzZSJdXQ.jpg?sha=48911516ef760993,"MoMA, Floor 5, 504"
26721,"Die träumenden Knaben (The Dreaming Boys)",3197,"1917 (prints executed 1907-08)","Illustrated book with eight photolithographs and three line block reproductions","overall: 9 9/16 x 11 11/16 x 3/8" (24.3 x 29.7 x 0.9 cm); page (each): 9 7/16 x 11 9/16" (24 x 29.3 cm); sheet (of composition): 3 7/8 x 2 7/8" (9.8 x 7.3 cm); composition: 3 9/16 x 2 9/16" (9 x 6.5 cm)","Illustrated Book","Drawings & Prints",1964-10-06,https://www.moma.org/collection/works/26721,https://www.moma.org/media/W1siZiIsIjEyOTUzMiJdLFsicCIsImNvbnZlcnQiLCItcmVzaXplIDEwMjR4MTAyNFx1MDAzZSJdXQ.jpg?sha=e5640ff7ffedf3c7,"MoMA, Floor 5, 504"
26722,"The Sailboat (Das Segelschiff) (in-text plate, folio 4) from Die träumenden Knaben (The Dreaming Boys)",3197,"1917 (executed 1907-08)","Photolithograph from an illustrated book with eight photolithographs and three line block reproductions","composition: 9 7/16 x 9" (24 x 22.9 cm); page: 9 7/16 x 11 9/16" (24 x 29.3 cm)","Illustrated Book","Drawings & Prints",1964-10-06,https://www.moma.org/collection/works/26722,https://www.moma.org/media/W1siZiIsIjEyOTUzNiJdLFsicCIsImNvbnZlcnQiLCItcmVzaXplIDEwMjR4MTAyNFx1MDAzZSJdXQ.jpg?sha=5149945fe5cb8b37,"MoMA, Floor 5, 504"
27170,"Plate (page 61) from Le Poème de l'angle droit (The Poem of the Right Angle)",3426,"1947–53, published 1955","Lithograph from an illustrated book with 121 lithographs, including covers (one with collage)","composition (irreg.): 16 1/4 × 12 1/2" (41.2 × 31.8 cm); page (each): 16 9/16 × 12 11/16" (42 × 32.3 cm)","Illustrated Book","Drawings & Prints",1964-10-06,https://www.moma.org/collection/works/27170,https://www.moma.org/media/W1siZiIsIjIzMTYzOCJdLFsicCIsImNvbnZlcnQiLCItcmVzaXplIDEwMjR4MTAyNFx1MDAzZSJdXQ.jpg?sha=529cca49aacafda6,"MoMA, Floor 4, 417"
28449,Jazz,3832,"1943–47, published 1947","Illustrated book with twenty pochoirs","page (each approx.): 16 5/8 × 12 13/16" (42.2 × 32.5 cm); overall (closed): 16 11/16 × 13 × 1 3/4" (42.4 × 33 × 4.4 cm)","Illustrated Book","Drawings & Prints",1964-10-06,https://www.moma.org/collection/works/28449,https://www.moma.org/media/W1siZiIsIjI5MTM3MiJdLFsicCIsImNvbnZlcnQiLCItcmVzaXplIDEwMjR4MTAyNFx1MDAzZSJdXQ.jpg?sha=4ce98e49f13b6b46,"MoMA, Floor 4, 406"
32973,Bathers,1053,"c. 1885-1890","Watercolor and pencil on paper","5 x 8 1/8" (12.7 x 20.6 cm)",Drawing,"Drawings & Prints",1934-09-23,https://www.moma.org/collection/works/32973,https://www.moma.org/media/W1siZiIsIjM0OTg3MSJdLFsicCIsImNvbnZlcnQiLCItcmVzaXplIDEwMjR4MTAyNFx1MDAzZSJdXQ.jpg?sha=53145f1a4ef757df,"MoMA, Floor 2, 2 South"
33075,"Foliage (recto); Study of Trees (verso)",1053,1895,"Watercolor and pencil on paper (recto and verso)","17 5/8 x 22 3/8" (44.8 x 56.8 cm)
",Drawing,"Drawings & Prints",1934-09-23,https://www.moma.org/collection/works/33075,https://www.moma.org/media/W1siZiIsIjE2OTI3MCJdLFsicCIsImNvbnZlcnQiLCItcmVzaXplIDEwMjR4MTAyNFx1MDAzZSJdXQ.jpg?sha=16f07bc818945b64,"MoMA, Floor 2, 2 South"
33169,"Head of the Medical Student (Study for Les Demoiselles d'Avignon)",4609,1907,"Gouache and watercolor on paper","23 3/4 x 18 1/2" (60.3 x 47 cm)",Drawing,"Drawings & Prints",1952-01-22,https://www.moma.org/collection/works/33169,https://www.moma.org/media/W1siZiIsIjQ5NjU5MCJdLFsicCIsImNvbnZlcnQiLCItcmVzaXplIDEwMjR4MTAyNFx1MDAzZSJdXQ.jpg?sha=bd01972d8437cd5f,"MoMA, Floor 5, 502"
33200,"Camden Mountain across the Bay",3770,1922,"Watercolor on paper","17 1/4 x 20 1/2" (43.8 x 52.1 cm)",Drawing,"Drawings & Prints",1936-01-14,https://www.moma.org/collection/works/33200,https://www.moma.org/media/W1siZiIsIjI0NDk0MyJdLFsicCIsImNvbnZlcnQiLCItcmVzaXplIDEwMjR4MTAyNFx1MDAzZSJdXQ.jpg?sha=5dde3f27677d5349,"MoMA, Floor 5, 509"
33280,"Rocks Near the Caves above Château Noir",1053,1895–1900,"Watercolor and pencil on paper","12 1/2 x 18 3/4" (31.7 x 47.5 cm)",Drawing,"Drawings & Prints",1934-09-23,https://www.moma.org/collection/works/33280,https://www.moma.org/media/W1siZiIsIjM0NzkyMSJdLFsicCIsImNvbnZlcnQiLCItcmVzaXplIDEwMjR4MTAyNFx1MDAzZSJdXQ.jpg?sha=c7e3f5e465aba007,"MoMA, Floor 2, 2 South"
33489,"Rogues' Gallery",870,1916,"Watercolor and pencil on paper","13 7/8 x 19 7/8" (35.2 x 50.6 cm)",Drawing,"Drawings & Prints",1935-06-13,https://www.moma.org/collection/works/33489,https://www.moma.org/media/W1siZiIsIjE2NjI5NiJdLFsicCIsImNvbnZlcnQiLCItcmVzaXplIDEwMjR4MTAyNFx1MDAzZSJdXQ.jpg?sha=79512364f9e0505e,"MoMA, Floor 5, 509"
33520,Untitled,7524,"c. 1944","Crayon and pencil on paper","11 1/2 × 9 5/8" (29.2 × 24.4 cm)",Drawing,"Drawings & Prints",1996-10-18,https://www.moma.org/collection/works/33520,https://www.moma.org/media/W1siZiIsIjIwNzY0MCJdLFsicCIsImNvbnZlcnQiLCItcmVzaXplIDEwMjR4MTAyNFx1MDAzZSJdXQ.jpg?sha=55f30ba079c60384,"MoMA, Floor 3, 3 East"
33633,"Standing Woman in Kimono (Dame im Kimono)",3147,1917-18,"Pencil on paper","19 3/4 x 12 3/4" (50.2 x 32.4 cm)",Drawing,"Drawings & Prints",1961-02-07,https://www.moma.org/collection/works/33633,https://www.moma.org/media/W1siZiIsIjEzNjE3NSJdLFsicCIsImNvbnZlcnQiLCItcmVzaXplIDEwMjR4MTAyNFx1MDAzZSJdXQ.jpg?sha=1a2ac1d925d54539,"MoMA, Floor 5, 504"
33695,"Girl's Head",3408,1916–18,"Watercolor, pencil, and crayon on paper","6 1/4 x 7" (15.9 x 17.8 cm)",Drawing,"Drawings & Prints",1934-09-23,https://www.moma.org/collection/works/33695,https://www.moma.org/media/W1siZiIsIjIxMDE5NyJdLFsicCIsImNvbnZlcnQiLCItcmVzaXplIDEwMjR4MTAyNFx1MDAzZSJdXQ.jpg?sha=9528a1b894564ef8,"MoMA, Floor 2, 2 South"
33706,"The Cock (Le Coq)",4609,1938,"Charcoal on paper","30 1/4 x 22 3/8" (76.9 x 56.9 cm)",Drawing,"Drawings & Prints",1991-04-08,https://www.moma.org/collection/works/33706,https://www.moma.org/media/W1siZiIsIjI3OTA2MCJdLFsicCIsImNvbnZlcnQiLCItcmVzaXplIDEwMjR4MTAyNFx1MDAzZSJdXQ.jpg?sha=cdc853d3f4303ccc,"MoMA, Floor 5, 522"
33945,"Study for Man and Machine (Skizze zu Mensch und Maschine)",2675,1921,"Watercolor, gouache, and pencil on paper","11 3/8 x 9 1/2" (29.0 x 24.2 cm)",Drawing,"Drawings & Prints",1978-04-04,https://www.moma.org/collection/works/33945,https://www.moma.org/media/W1siZiIsIjUyMDI4MiJdLFsicCIsImNvbnZlcnQiLCItcmVzaXplIDEwMjR4MTAyNFx1MDAzZSJdXQ.jpg?sha=90d15f6de90fd26f,"MoMA, Floor 3, 3 East"
34006,Untitled,3787,1960,"Ink on paper","11 7/8 x 12 1/8" (30.2 x 30.6 cm)
",Drawing,"Drawings & Prints",1979-05-07,https://www.moma.org/collection/works/34006,https://www.moma.org/media/W1siZiIsIjk3MTgyIl0sWyJwIiwiY29udmVydCIsIi1yZXNpemUgMTAyNHgxMDI0XHUwMDNlIl1d.jpg?sha=9bff169a56c9ba08,"MoMA, Floor 5, 516"
34050,"Roger and Angelica",4840,"c. 1910","Pastel on paper on canvas","36 1/2 x 28 3/4" (92.7 x 73 cm)",Drawing,"Drawings & Prints",1934-09-23,https://www.moma.org/collection/works/34050,https://www.moma.org/media/W1siZiIsIjIxMDI5MyJdLFsicCIsImNvbnZlcnQiLCItcmVzaXplIDEwMjR4MTAyNFx1MDAzZSJdXQ.jpg?sha=3e3493a479b3a785,"MoMA, Floor 2, 2 South"
34078,Silence,4840,"c. 1911","Oil on prepared paper","21 1/2 x 21 1/4" (54.6 x 54 cm)",Drawing,"Drawings & Prints",1934-09-23,https://www.moma.org/collection/works/34078,https://www.moma.org/media/W1siZiIsIjIxMDMwMyJdLFsicCIsImNvbnZlcnQiLCItcmVzaXplIDEwMjR4MTAyNFx1MDAzZSJdXQ.jpg?sha=a57c6a6e703c98c9,"MoMA, Floor 2, 2 South"
34157,Conception,94,1962,"Oil, metallic paint, spray paint and incising on brown paper","30 1/2 x 20 1/2" (77.5 x 51.9 cm)",Drawing,"Drawings & Prints",1965-04-06,https://www.moma.org/collection/works/34157,https://www.moma.org/media/W1siZiIsIjMyODc5OSJdLFsicCIsImNvbnZlcnQiLCItcmVzaXplIDEwMjR4MTAyNFx1MDAzZSJdXQ.jpg?sha=1c4a82726eaac263,"MoMA, Floor 4, 404"
34183,"At the Concert Européen (Au Concert Européen)",5358,"c. 1886–88","Conté crayon and gouache on paper","12 1/4 x 9 3/8" (31.1 x 23.8 cm)",Drawing,"Drawings & Prints",1934-09-23,https://www.moma.org/collection/works/34183,https://www.moma.org/media/W1siZiIsIjExNzE5MSJdLFsicCIsImNvbnZlcnQiLCItcmVzaXplIDEwMjR4MTAyNFx1MDAzZSJdXQ.jpg?sha=4b510c41d72d8e56,"MoMA, Floor 2, 2 South"
34479,"Stone Breaker, Le Raincy (Casseur de pierres, Le Raincy)",5358,"c. 1879–81","Conté crayon and graphite on paper","12 1/8 x 14 3/4" (30.8 x 37.5 cm)",Drawing,"Drawings & Prints",1934-09-23,https://www.moma.org/collection/works/34479,https://www.moma.org/media/W1siZiIsIjExNzY1NiJdLFsicCIsImNvbnZlcnQiLCItcmVzaXplIDEwMjR4MTAyNFx1MDAzZSJdXQ.jpg?sha=d16ecb3fd6fe9bca,"MoMA, Floor 2, 2 South"
35040,Metaesquema,7715,1956,"Gouache on incised board","18 1/8 x 20 1/2" (46 x 52.1 cm)",Drawing,"Drawings & Prints",1997-04-17,https://www.moma.org/collection/works/35040,https://www.moma.org/media/W1siZiIsIjEwMDk0NyJdLFsicCIsImNvbnZlcnQiLCItcmVzaXplIDEwMjR4MTAyNFx1MDAzZSJdXQ.jpg?sha=3f6c6e3ddcb2c75f,"MoMA, Floor 4, 421"
35054,"Metaesquema No. 4066",7715,1958,"Gouache on incised board","21 x 22 7/8" (53.3 x 58.1 cm)",Drawing,"Drawings & Prints",1997-04-07,https://www.moma.org/collection/works/35054,https://www.moma.org/media/W1siZiIsIjI2MTIyNyJdLFsicCIsImNvbnZlcnQiLCItcmVzaXplIDEwMjR4MTAyNFx1MDAzZSJdXQ.jpg?sha=cb05c8e5fcc9e6b6,"MoMA, Floor 4, 421"
35066,Metaesquema,7715,1958,"Gouache on board","19 7/8 x 26 3/4" (50.5 x 68 cm)",Drawing,"Drawings & Prints",1997-04-17,https://www.moma.org/collection/works/35066,https://www.moma.org/media/W1siZiIsIjUyNzQ1OCJdLFsicCIsImNvbnZlcnQiLCItcmVzaXplIDEwMjR4MTAyNFx1MDAzZSJdXQ.jpg?sha=ccb43d4847fee928,"MoMA, Floor 4, 421"
35262,Untitled,3315,1952,"Pastel and ballpoint pen on paper","14 7/8 x 11 1/2" (37.9 x 29.4 cm)",Drawing,"Drawings & Prints",1996-05-16,https://www.moma.org/collection/works/35262,https://www.moma.org/media/W1siZiIsIjQ3ODg3NCJdLFsicCIsImNvbnZlcnQiLCItcmVzaXplIDEwMjR4MTAyNFx1MDAzZSJdXQ.jpg?sha=747b7885d84b70dd,"MoMA, Floor 3, 3 East"
35270,Flower,3315,1953/1963,"Ink, gouache, and pastel on paper","15 3/4 x 13 1/4" (40.1 x 33.8 cm)",Drawing,"Drawings & Prints",1996-05-16,https://www.moma.org/collection/works/35270,https://www.moma.org/media/W1siZiIsIjQ3ODg3NSJdLFsicCIsImNvbnZlcnQiLCItcmVzaXplIDEwMjR4MTAyNFx1MDAzZSJdXQ.jpg?sha=eb08be7f38d4485d,"MoMA, Floor 3, 3 East"
35281,"The American Hay Company",2812,1962,"Conté crayon frottage on paper","25 1/8 x 19" (63.9 x 48.3 cm)",Drawing,"Drawings & Prints",1963-04-09,https://www.moma.org/collection/works/35281,https://www.moma.org/media/W1siZiIsIjIyNzI4NiJdLFsicCIsImNvbnZlcnQiLCItcmVzaXplIDEwMjR4MTAyNFx1MDAzZSJdXQ.jpg?sha=4c3b01d0955a14f4,"MoMA, Floor 5, 516"
35286,"St. Barts 10",3758,1989-91,"Ink on paper","10 3/4 x 16" (27.3 x 40.8 cm)",Drawing,"Drawings & Prints",1996-05-16,https://www.moma.org/collection/works/35286,https://www.moma.org/media/W1siZiIsIjIzNTM3MSJdLFsicCIsImNvbnZlcnQiLCItcmVzaXplIDEwMjR4MTAyNFx1MDAzZSJdXQ.jpg?sha=b18c75091523b93f,"MoMA, Floor 4, 407"
35320,"Rabbit Man",5689,1941,"Gouache on board","6 5/8 × 4 7/8" (16.8 × 12.4 cm)",Drawing,"Drawings & Prints",1942-05-07,https://www.moma.org/collection/works/35320,https://www.moma.org/media/W1siZiIsIjE4MzE2OCJdLFsicCIsImNvbnZlcnQiLCItcmVzaXplIDEwMjR4MTAyNFx1MDAzZSJdXQ.jpg?sha=3e327a6e2a7027d0,"MoMA, Floor 3, 3 East"
35369,"Islas Encantadas Series: Materia Prima I",5702,1981,"Earth from site (Galapagos Islands), graphite, and gelatin silver print on pieced paper on board","32 x 40" (81.3 x 101.6 cm)",Drawing,"Drawings & Prints",1996-05-16,https://www.moma.org/collection/works/35369,https://www.moma.org/media/W1siZiIsIjk3MjQ5Il0sWyJwIiwiY29udmVydCIsIi1yZXNpemUgMTAyNHgxMDI0XHUwMDNlIl1d.jpg?sha=6c2b9d03aa7c6948,"MoMA, Floor 2, 216"
35555,"Untitled (Doors)",7501,1995,"Oil, wax, and pencil on three sheets of paper","132 x 234" (335.3 x 594.4 cm)",Drawing,"Drawings & Prints",1996-05-16,https://www.moma.org/collection/works/35555,https://www.moma.org/media/W1siZiIsIjU4OTEyMiJdLFsicCIsImNvbnZlcnQiLCItcmVzaXplIDEwMjR4MTAyNFx1MDAzZSJdXQ.jpg?sha=2b4ebae75b2426cb,"MoMA, Floor 2, 206"
36248,Untitled,3758,1982,"Ink and gouache on paper","10 x 9 5/8" (25.5 x 24.5 cm)",Drawing,"Drawings & Prints",1983-03-15,https://www.moma.org/collection/works/36248,https://www.moma.org/media/W1siZiIsIjEyODYxMCJdLFsicCIsImNvbnZlcnQiLCItcmVzaXplIDEwMjR4MTAyNFx1MDAzZSJdXQ.jpg?sha=519b01f8510b3d2a,"MoMA, Floor 4, 407"
36255,"Card Drawing #11 (Counting)",3758,1982,"Ink, gouache, and watercolor on cardstock","6 1/8 x 6" (15.5 x 15.2 cm)",Drawing,"Drawings & Prints",1983-03-15,https://www.moma.org/collection/works/36255,https://www.moma.org/media/W1siZiIsIjk3NDE5Il0sWyJwIiwiY29udmVydCIsIi1yZXNpemUgMTAyNHgxMDI0XHUwMDNlIl1d.jpg?sha=53d148c2b7010b13,"MoMA, Floor 4, 407"
36572,"The Dove",412,1964,"Cut-and-pasted printed paper, gouache, pencil, and colored pencil on board","13 3/8 x 18 3/4" (33.8 x 47.5 cm)",Drawing,"Drawings & Prints",1971-04-13,https://www.moma.org/collection/works/36572,https://www.moma.org/media/W1siZiIsIjExNDE0NSJdLFsicCIsImNvbnZlcnQiLCItcmVzaXplIDEwMjR4MTAyNFx1MDAzZSJdXQ.jpg?sha=5152e63bc35adfdd,"MoMA, Floor 4, 416"
36628,"No. 19 H.S.W.",3315,1956,"Pastel and gouache on paper","23 1/2 x 18" (59.7 x 45.7 cm)",Drawing,"Drawings & Prints",1999-10-21,https://www.moma.org/collection/works/36628,https://www.moma.org/media/W1siZiIsIjQ4MDA2MyJdLFsicCIsImNvbnZlcnQiLCItcmVzaXplIDEwMjR4MTAyNFx1MDAzZSJdXQ.jpg?sha=10b5ca335af06429,"MoMA, Floor 3, 3 East"
36802,"Cover design for Matisse: His Art and His Public",3832,1951,"Cut-and-pasted painted paper with ink on paper","10 5/8 x 16 7/8" (27.0 x 42.9 cm)",Drawing,"Drawings & Prints",1953-06-22,https://www.moma.org/collection/works/36802,https://www.moma.org/media/W1siZiIsIjE4MjE5OCJdLFsicCIsImNvbnZlcnQiLCItcmVzaXplIDEwMjR4MTAyNFx1MDAzZSJdXQ.jpg?sha=96be847dbcf9fb77,"MoMA, Floor 4, 406"
36808,"Cover design for exhibition catalogue Henri Matisse",3832,1951,"Gouache on paper, cut-and-pasted","10 5/8 x 15 3/4" (27.0 x 40.0 cm)",Drawing,"Drawings & Prints",1953-06-22,https://www.moma.org/collection/works/36808,https://www.moma.org/media/W1siZiIsIjE4MjE5OSJdLFsicCIsImNvbnZlcnQiLCItcmVzaXplIDEwMjR4MTAyNFx1MDAzZSJdXQ.jpg?sha=796862a22f900e95,"MoMA, Floor 4, 406"
36817,"Maquette for Nuit de Noël",3832,1952,"Gouache on paper, cut-and-pasted on board","107 x 53 1/2" (271.8 x 135.9cm)",Drawing,"Drawings & Prints",1953-06-22,https://www.moma.org/collection/works/36817,https://www.moma.org/media/W1siZiIsIjI2MjA0MyJdLFsicCIsImNvbnZlcnQiLCItcmVzaXplIDEwMjR4MTAyNFx1MDAzZSJdXQ.jpg?sha=330564b848fb903d,"MoMA, Floor 4, 406"
36848,"Pardon Me - But Could You Direct Me to the Oceanic Dredging Company?",412,1935,"Ink, gouache, and pencil on paper","17 1/2 x 12 1/4" (44.5 x 31.2 cm)",Drawing,"Drawings & Prints",1974-10-25,https://www.moma.org/collection/works/36848,https://www.moma.org/media/W1siZiIsIjUxNTU0NiJdLFsicCIsImNvbnZlcnQiLCItcmVzaXplIDEwMjR4MTAyNFx1MDAzZSJdXQ.jpg?sha=d3e3899455d1648d,"MoMA, Floor 4, 416"
36914,Untitled,710,"1951, signed 1953","Ink on paper","12 1/4 x 6 1/4" (31.1 x 15.9 cm)",Drawing,"Drawings & Prints",1986-12-22,https://www.moma.org/collection/works/36914,https://www.moma.org/media/W1siZiIsIjE2NjI4NyJdLFsicCIsImNvbnZlcnQiLCItcmVzaXplIDEwMjR4MTAyNFx1MDAzZSJdXQ.jpg?sha=8c86a015970fb31c,"MoMA, Floor 4, 402"
36985,"Card Drawing #14 (Counting)",3758,1980–82,"Masking tape, ink, gouache, and watercolor on cardstock","6 1/8 x 6" (15.6 x 15.2 cm)",Drawing,"Drawings & Prints",1982-11-04,https://www.moma.org/collection/works/36985,https://www.moma.org/media/W1siZiIsIjk3NDIwIl0sWyJwIiwiY29udmVydCIsIi1yZXNpemUgMTAyNHgxMDI0XHUwMDNlIl1d.jpg?sha=37d6867f3cf1e56b,"MoMA, Floor 4, 407"
37195,Rain,3758,1991,"Ink and ink wash on paper","25 3/4 x 34 1/4" (65.4 x 87.2 cm)
",Drawing,"Drawings & Prints",1992-11-05,https://www.moma.org/collection/works/37195,https://www.moma.org/media/W1siZiIsIjk3NDIxIl0sWyJwIiwiY29udmVydCIsIi1yZXNpemUgMTAyNHgxMDI0XHUwMDNlIl1d.jpg?sha=1b258a29733e9777,"MoMA, Floor 4, 407"
37245,"Aphrodite Study",3758,1991-93,"Ink and gouache on paper","9 5/8 x 7 1/4" (24.4 x 18.4 cm)",Drawing,"Drawings & Prints",1997-10-23,https://www.moma.org/collection/works/37245,https://www.moma.org/media/W1siZiIsIjkzNDk3Il0sWyJwIiwiY29udmVydCIsIi1yZXNpemUgMTAyNHgxMDI0XHUwMDNlIl1d.jpg?sha=f9212a96a18ed355,"MoMA, Floor 4, 407"
37559,Stone,3787,1964,"Ink on paper","10 7/8 x 10 7/8" (27.7 x 27.7 cm)
",Drawing,"Drawings & Prints",1964-10-06,https://www.moma.org/collection/works/37559,https://www.moma.org/media/W1siZiIsIjE4NTU2NyJdLFsicCIsImNvbnZlcnQiLCItcmVzaXplIDEwMjR4MTAyNFx1MDAzZSJdXQ.jpg?sha=1f73693382289860,"MoMA, Floor 5, 516"
37661,Maine,6275,1914,"Pastel and charcoal on paper","24 1/2 x 18 3/4" (62.2 x 47.6 cm)
",Drawing,"Drawings & Prints",1943-11-04,https://www.moma.org/collection/works/37661,https://www.moma.org/media/W1siZiIsIjE4NjU2NiJdLFsicCIsImNvbnZlcnQiLCItcmVzaXplIDEwMjR4MTAyNFx1MDAzZSJdXQ.jpg?sha=835e3c0b912bbfe5,"MoMA, Floor 5, 509"
38245,"Profile of a Girl (Study for 'Thalia and Melpomene') (Brustbild eines Mädchens mit langem Haar im Profil nach links)",3147,1898–99,"Colored pencil on paper","16 3/4 x 11 3/8" (42.6 x 28.9 cm)",Drawing,"Drawings & Prints",1979-05-07,https://www.moma.org/collection/works/38245,https://www.moma.org/media/W1siZiIsIjEzNjE3OCJdLFsicCIsImNvbnZlcnQiLCItcmVzaXplIDEwMjR4MTAyNFx1MDAzZSJdXQ.jpg?sha=599ffb1a9a9adcf6,"MoMA, Floor 5, 504"
38276,"Annunciation Study I",3758,1978,"Pencil and beeswax on paper","22 1/8 x 29 5/8" (56.8 x 75.2 cm)",Drawing,"Drawings & Prints",1985-09-10,https://www.moma.org/collection/works/38276,https://www.moma.org/media/W1siZiIsIjIzNTA0NCJdLFsicCIsImNvbnZlcnQiLCItcmVzaXplIDEwMjR4MTAyNFx1MDAzZSJdXQ.jpg?sha=0ef6d6a60d8dbc22,"MoMA, Floor 4, 407"
38304,Blériotomobil,3964,1921,"Watercolor and ink on paper","21 3/8 x 26" (54.1 x 66.0 cm)",Drawing,"Drawings & Prints",1965-12-07,https://www.moma.org/collection/works/38304,https://www.moma.org/media/W1siZiIsIjQzMzE3OCJdLFsicCIsImNvbnZlcnQiLCItcmVzaXplIDEwMjR4MTAyNFx1MDAzZSJdXQ.jpg?sha=15a6efebb1a9371d,"MoMA, Floor 5, 505"
38561,""M'Amenez-y"",4607,"Paris, November 1919 - January 1920","Oil and enamel paint on cardboard","50 3/4 x 35 3/8" (129.2 x 89.8 cm)",Painting,"Painting & Sculpture",1968-10-08,https://www.moma.org/collection/works/38561,https://www.moma.org/media/W1siZiIsIjMzNjY1MyJdLFsicCIsImNvbnZlcnQiLCItcmVzaXplIDEwMjR4MTAyNFx1MDAzZSJdXQ.jpg?sha=fa4dcfd803bbb225,"MoMA, Floor 5, 505"
39473,"7, rue de l'Estrapade",229,1904-05,"Albumen silver print","8 1/2 × 7" (21.6 × 17.8 cm)",Photograph,Photography,1968-03-06,https://www.moma.org/collection/works/39473,https://www.moma.org/media/W1siZiIsIjI4MzU5NyJdLFsicCIsImNvbnZlcnQiLCItcmVzaXplIDEwMjR4MTAyNFx1MDAzZSJdXQ.jpg?sha=606d37a32227ec25,"MoMA, Floor 5, 501"
40017,"HÔTEL D'EPINAY. 37 RUE ST.-ROCH",229,1912,"Albumen silver print",NULL,Photograph,Photography,1968-03-06,NULL,NULL,"MoMA, Floor 5, 501"
40037,"Escalier, 8 rue Saint-Augustin",229,1913,"Albumen silver print","8 5/8 × 7 (21.9 × 17.8 cm)",Photograph,Photography,1968-03-06,https://www.moma.org/collection/works/40037,https://www.moma.org/media/W1siZiIsIjI4MjgwOSJdLFsicCIsImNvbnZlcnQiLCItcmVzaXplIDEwMjR4MTAyNFx1MDAzZSJdXQ.jpg?sha=80a5b2bc948670c7,"MoMA, Floor 5, 501"
40100,"88 Rue Bonaparte",229,1905-06,"Albumen silver print","Approx. 8 11/16 × 7 1/16" (22 × 18 cm)",Photograph,Photography,1968-03-06,https://www.moma.org/collection/works/40100,https://www.moma.org/media/W1siZiIsIjI4MjgzOSJdLFsicCIsImNvbnZlcnQiLCItcmVzaXplIDEwMjR4MTAyNFx1MDAzZSJdXQ.jpg?sha=37d4bbbea1eb500d,"MoMA, Floor 5, 501"
40116,"23 rue de Seine",229,1905-06,"Albumen silver print","Approx. 8 11/16 × 7 1/16" (22 × 18 cm)",Photograph,Photography,1968-03-06,https://www.moma.org/collection/works/40116,https://www.moma.org/media/W1siZiIsIjI4Mjg0NCJdLFsicCIsImNvbnZlcnQiLCItcmVzaXplIDEwMjR4MTAyNFx1MDAzZSJdXQ.jpg?sha=74a35431bf88ec44,"MoMA, Floor 5, 501"
40374,"14 rue du Cherche-Midi",229,1905-06,"Albumen silver print","8 1/2 × 6 15/16 (21.6 × 17.6 cm)",Photograph,Photography,1968-03-06,https://www.moma.org/collection/works/40374,https://www.moma.org/media/W1siZiIsIjI4MjgyOSJdLFsicCIsImNvbnZlcnQiLCItcmVzaXplIDEwMjR4MTAyNFx1MDAzZSJdXQ.jpg?sha=da9d0a6a58b54c3e,"MoMA, Floor 5, 501"
44999,"Les Trois Grâces, Musée de Louvre",745,"c. 1936","Gelatin silver print","18 5/16 × 13 7/8" (46.6 × 35.2 cm)",Photograph,Photography,1964-01-07,https://www.moma.org/collection/works/44999,https://www.moma.org/media/W1siZiIsIjE4Njc4MyJdLFsicCIsImNvbnZlcnQiLCItcmVzaXplIDEwMjR4MTAyNFx1MDAzZSJdXQ.jpg?sha=0084a8370cefa034,"MoMA, Floor 5, 517"
45258,"Pleasures and Terrors of Levitation 491",5456,1954,"Gelatin silver print","9 7/8 × 9 1/2" (25.1 × 24.2 cm)",Photograph,Photography,1989-03-09,https://www.moma.org/collection/works/45258,https://www.moma.org/media/W1siZiIsIjE4MzU2MSJdLFsicCIsImNvbnZlcnQiLCItcmVzaXplIDEwMjR4MTAyNFx1MDAzZSJdXQ.jpg?sha=0ecfa9e09fad2e2a,"MoMA, Floor 4, 409"
45727,"Magnolia Blossom, Tower of Jewels",1332,1925,"Gelatin silver print","9 1/2 × 7" (24.1 × 17.8 cm)",Photograph,Photography,1940-04-05,https://www.moma.org/collection/works/45727,https://www.moma.org/media/W1siZiIsIjE4NDQxOSJdLFsicCIsImNvbnZlcnQiLCItcmVzaXplIDEwMjR4MTAyNFx1MDAzZSJdXQ.jpg?sha=ed2f0fc4db6b3fc6,"MoMA, Floor 5, 509"
46166,"Two Double Negatives",1330,1974,"Two gelatin silver prints","a 7 9/16 × 9 5/8" (19.3 × 24.6 cm)
b 7 11/16 × 9 5/8" (19.5 × 24.5 cm)",Photograph,Photography,1985-03-27,https://www.moma.org/collection/works/46166,https://www.moma.org/media/W1siZiIsIjE5ODM2NSJdLFsicCIsImNvbnZlcnQiLCItcmVzaXplIDEwMjR4MTAyNFx1MDAzZSJdXQ.jpg?sha=faf2ec0a75802e56,"MoMA, Floor 4, 419"
46168,Boston,1973,"March 20, 1985","Color instant prints and paint","each 27 3/4 × 22 1/4" (70.3 × 56.4 cm)",Photograph,Photography,1987-04-16,https://www.moma.org/collection/works/46168,https://www.moma.org/media/W1siZiIsIjExNTk2MyJdLFsicCIsImNvbnZlcnQiLCItcmVzaXplIDEwMjR4MTAyNFx1MDAzZSJdXQ.jpg?sha=dbe0da5771467fa6,"MoMA, Floor 3, 3 South"
46597,"Man in Mirror",5456,1940,"Gelatin silver print, printed 1980","12 × 8 5/8" (30.5 × 22.1 cm)",Photograph,Photography,1985-03-27,https://www.moma.org/collection/works/46597,https://www.moma.org/media/W1siZiIsIjE4MzUwMiJdLFsicCIsImNvbnZlcnQiLCItcmVzaXplIDEwMjR4MTAyNFx1MDAzZSJdXQ.jpg?sha=6fe30b09e5c94b87,"MoMA, Floor 5, 510"
46599,"Peace Meals",5456,"c. 1937","Gelatin silver print, printed 1980","10 7/8 × 7 3/4" (27.9 × 19.9 cm)",Photograph,Photography,1985-03-27,https://www.moma.org/collection/works/46599,https://www.moma.org/media/W1siZiIsIjE4Mzg5NyJdLFsicCIsImNvbnZlcnQiLCItcmVzaXplIDEwMjR4MTAyNFx1MDAzZSJdXQ.jpg?sha=e5b61bda6ba828c3,"MoMA, Floor 5, 510"
46608,"Church Interior",5456,1938,"Gelatin silver print, printed 1980","8 5/8 × 12" (22 × 30.7 cm)",Photograph,Photography,1985-03-27,https://www.moma.org/collection/works/46608,https://www.moma.org/media/W1siZiIsIjE4MzUwOSJdLFsicCIsImNvbnZlcnQiLCItcmVzaXplIDEwMjR4MTAyNFx1MDAzZSJdXQ.jpg?sha=7b0ee6ba6b80e7ef,"MoMA, Floor 5, 510"
46614,"Night Club I",5456,"c. 1937","Gelatin silver print, printed 1980","10 7/8 × 7 7/8" (27.9 × 20.3 cm)",Photograph,Photography,1985-03-27,https://www.moma.org/collection/works/46614,https://www.moma.org/media/W1siZiIsIjE4MzUxNSJdLFsicCIsImNvbnZlcnQiLCItcmVzaXplIDEwMjR4MTAyNFx1MDAzZSJdXQ.jpg?sha=f22bb7b5fc19bb88,"MoMA, Floor 5, 510"
46616,"Lafayette Theatre",5456,1938,"Gelatin silver print, printed 1980","11 5/8 × 8 3/8" (29.7 × 21.5 cm)",Photograph,Photography,1985-03-27,https://www.moma.org/collection/works/46616,https://www.moma.org/media/W1siZiIsIjE4MzkwMSJdLFsicCIsImNvbnZlcnQiLCItcmVzaXplIDEwMjR4MTAyNFx1MDAzZSJdXQ.jpg?sha=394cb27f96ec5592,"MoMA, Floor 5, 510"
46617,"Watermelon Man",5456,1940,"Gelatin silver print, printed 1980","8 3/8 × 7 7/8" (21.4 × 20.2 cm)",Photograph,Photography,1985-03-27,https://www.moma.org/collection/works/46617,https://www.moma.org/media/W1siZiIsIjE4MzUxNiJdLFsicCIsImNvbnZlcnQiLCItcmVzaXplIDEwMjR4MTAyNFx1MDAzZSJdXQ.jpg?sha=9add87178288d9a6,"MoMA, Floor 5, 519"
46619,"Lady and Lamp",5456,1940,"Gelatin silver print, printed 1980","11 × 7 7/8" (28.1 × 20.2 cm)",Photograph,Photography,1985-03-27,https://www.moma.org/collection/works/46619,https://www.moma.org/media/W1siZiIsIjE4MzUxOCJdLFsicCIsImNvbnZlcnQiLCItcmVzaXplIDEwMjR4MTAyNFx1MDAzZSJdXQ.jpg?sha=9c109360d8cae206,"MoMA, Floor 5, 510"
47162,Untitled,1422,"Before 1958","Gelatin silver print","13 1/16 × 9 1/8" (33.2 × 23.1 cm)",Photograph,Photography,1959-04-22,https://www.moma.org/collection/works/47162,https://www.moma.org/media/W1siZiIsIjE4Mzk4MCJdLFsicCIsImNvbnZlcnQiLCItcmVzaXplIDEwMjR4MTAyNFx1MDAzZSJdXQ.jpg?sha=d532f5fe990485f7,"MoMA, Floor 4, 409"
48124,"Martha Graham, Extasis",4089,1935,"Gelatin silver print","13 1/4 × 10 1/4" (33.6 × 26.0 cm)",Photograph,Photography,1972-05-02,https://www.moma.org/collection/works/48124,https://www.moma.org/media/W1siZiIsIjIwMDIzNyJdLFsicCIsImNvbnZlcnQiLCItcmVzaXplIDEwMjR4MTAyNFx1MDAzZSJdXQ.jpg?sha=07192c83dfa27369,"MoMA, Floor 4, 409"
48247,"Corn Leaf Rhythm",4089,1945,"Gelatin silver print, printed 1971","19 1/2 × 13 1/2" (49.5 × 34.3 cm)",Photograph,Photography,1972-05-02,https://www.moma.org/collection/works/48247,https://www.moma.org/media/W1siZiIsIjIwMDk5NyJdLFsicCIsImNvbnZlcnQiLCItcmVzaXplIDEwMjR4MTAyNFx1MDAzZSJdXQ.jpg?sha=12e62888e3ffb86e,"MoMA, Floor 4, 409"
48285,"Spring on Madison Square",4089,1938,"Gelatin silver print","13 7/8 × 16 7/8" (35.3 × 43.0 cm)",Photograph,Photography,1972-05-02,https://www.moma.org/collection/works/48285,https://www.moma.org/media/W1siZiIsIjIwMDI0MiJdLFsicCIsImNvbnZlcnQiLCItcmVzaXplIDEwMjR4MTAyNFx1MDAzZSJdXQ.jpg?sha=3a968858a4b31eb6,"MoMA, Floor 4, 409"
48356,"Landscape - From the Grain Elevator, Happy, Texas",2207,1975-77,"Gelatin silver print",NULL,Photograph,Photography,1979-05-10,https://www.moma.org/collection/works/48356,https://www.moma.org/media/W1siZiIsIjE5ODU4MyJdLFsicCIsImNvbnZlcnQiLCItcmVzaXplIDEwMjR4MTAyNFx1MDAzZSJdXQ.jpg?sha=70ee737caf151625,"MoMA, Floor 5, 511"
48577,"Grass and Water",60,"c. 1935","Gelatin silver print, printed c. 1936","4 9/16 × 5 3/4" (11.6 × 14.6 cm)",Photograph,Photography,1947-06-17,NULL,NULL,"MoMA, Floor 5, 509"
48651,"Wabash Avenue, Chicago",924,1959,"Gelatin silver print","11 × 14" (27.9 × 35.6 cm)",Photograph,Photography,1962-05-08,https://www.moma.org/collection/works/48651,https://www.moma.org/media/W1siZiIsIjE4NDEwMyJdLFsicCIsImNvbnZlcnQiLCItcmVzaXplIDEwMjR4MTAyNFx1MDAzZSJdXQ.jpg?sha=7d49ce1054ec6429,"MoMA, Floor 4, 409"
48676,"Pleasures and Terrors of Levitation 55",5456,1956,"Gelatin silver print","9 7/8 × 9 1/2" (25.1 × 24.2 cm)",Photograph,Photography,1979-05-10,https://www.moma.org/collection/works/48676,https://www.moma.org/media/W1siZiIsIjUyMDI5OCJdLFsicCIsImNvbnZlcnQiLCItcmVzaXplIDEwMjR4MTAyNFx1MDAzZSJdXQ.jpg?sha=9ec25dc4a18d6a7c,"MoMA, Floor 4, 409"
49844,Chicago,3948,"Spring 1958","Gelatin silver print","9 1/8 × 13 7/16" (23.1 × 34.1 cm)",Photograph,Photography,1959-04-22,https://www.moma.org/collection/works/49844,https://www.moma.org/media/W1siZiIsIjIwMTA4NSJdLFsicCIsImNvbnZlcnQiLCItcmVzaXplIDEwMjR4MTAyNFx1MDAzZSJdXQ.jpg?sha=122dc86bb84807aa,"MoMA, Floor 4, 409"
49879,"Pas de Bourree, Nora Kaye of the American Ballet Theatre",3979,1947,"Gelatin silver print","10 3/8 × 13 3/8"  (26.3 × 33.9 cm)",Photograph,Photography,1959-04-22,https://www.moma.org/collection/works/49879,https://www.moma.org/media/W1siZiIsIjI0MDA5NyJdLFsicCIsImNvbnZlcnQiLCItcmVzaXplIDEwMjR4MTAyNFx1MDAzZSJdXQ.jpg?sha=b6f5d4507402b093,"MoMA, Floor 4, 409"
50131,"A Lightplay: Black White Gray",4048,"c. 1926","Gelatin silver print","14 3/4 × 10 3/4" (37.4 × 27.4 cm)",Photograph,Photography,1937-12-03,https://www.moma.org/collection/works/50131,https://www.moma.org/media/W1siZiIsIjQ0NDkxNiJdLFsicCIsImNvbnZlcnQiLCItcmVzaXplIDEwMjR4MTAyNFx1MDAzZSJdXQ.jpg?sha=4bb55b76ef64bb52,"MoMA, Floor 5, 505"
50229,"Dream Dance during the Rebuilding of the Vienna State Opera House",4389,"c. 1950","Gelatin silver print","12 3/8 × 10 3/4" (31.4 × 27.3 cm)",Photograph,Photography,1959-04-22,https://www.moma.org/collection/works/50229,https://www.moma.org/media/W1siZiIsIjI1MTE4MSJdLFsicCIsImNvbnZlcnQiLCItcmVzaXplIDEwMjR4MTAyNFx1MDAzZSJdXQ.jpg?sha=5ffb5e4db1eec047,"MoMA, Floor 4, 409"
50674,"Grete's Eyes",869,1928,"Gelatin silver print","7 1/16 × 9 7/16" (18 × 24 cm)",Photograph,Photography,1994-06-09,https://www.moma.org/collection/works/50674,https://www.moma.org/media/W1siZiIsIjE4ODU5NSJdLFsicCIsImNvbnZlcnQiLCItcmVzaXplIDEwMjR4MTAyNFx1MDAzZSJdXQ.jpg?sha=243430853a8df4c7,"MoMA, Floor 5, 514"
51562,"Funeral, Paris",1973,1951,"Gelatin silver print","8 11/16 × 13 1/16" (22.1 × 33.1 cm)",Photograph,Photography,1981-10-15,https://www.moma.org/collection/works/51562,https://www.moma.org/media/W1siZiIsIjE4MjE0MyJdLFsicCIsImNvbnZlcnQiLCItcmVzaXplIDEwMjR4MTAyNFx1MDAzZSJdXQ.jpg?sha=3f1c44c5df8c79e6,"MoMA, Floor 4, 402"
51565,"Family, Peru",1973,1948,"Gelatin silver print","8 9/16 × 13 1/16" (21.7 × 33.1 cm)",Photograph,Photography,1981-10-15,https://www.moma.org/collection/works/51565,https://www.moma.org/media/W1siZiIsIjE4MjE0NiJdLFsicCIsImNvbnZlcnQiLCItcmVzaXplIDEwMjR4MTAyNFx1MDAzZSJdXQ.jpg?sha=55571fa381524ae0,"MoMA, Floor 4, 402"
51567,"Tree, London",1973,1951,"Gelatin silver print","8 11/16 × 13 1/16" (22.1 × 33.1 cm)",Photograph,Photography,1981-10-15,https://www.moma.org/collection/works/51567,https://www.moma.org/media/W1siZiIsIjE4MjE0OCJdLFsicCIsImNvbnZlcnQiLCItcmVzaXplIDEwMjR4MTAyNFx1MDAzZSJdXQ.jpg?sha=11be53002a5dff9b,"MoMA, Floor 4, 402"
51568,"Communion, Valencia",1973,1952,"Gelatin silver print","9 11/16 × 13" (27.2 × 33 cm)",Photograph,Photography,1981-10-15,https://www.moma.org/collection/works/51568,https://www.moma.org/media/W1siZiIsIjE4MjE0OSJdLFsicCIsImNvbnZlcnQiLCItcmVzaXplIDEwMjR4MTAyNFx1MDAzZSJdXQ.jpg?sha=2263cdbc5de420f0,"MoMA, Floor 4, 402"
51571,"Procession, Valencia",1973,1952,"Gelatin silver print","9 5/8 × 13 1/16" (22 × 33.2 cm)",Photograph,Photography,1981-10-15,https://www.moma.org/collection/works/51571,https://www.moma.org/media/W1siZiIsIjE4MjE2MCJdLFsicCIsImNvbnZlcnQiLCItcmVzaXplIDEwMjR4MTAyNFx1MDAzZSJdXQ.jpg?sha=880907f85402286d,"MoMA, Floor 4, 402"
51572,"Street Line, New York",1973,1951,"Gelatin silver print","13 13/16 × 8 15/16" (35 × 22.8 cm)",Photograph,Photography,1981-10-15,https://www.moma.org/collection/works/51572,https://www.moma.org/media/W1siZiIsIjE4MjE1MyJdLFsicCIsImNvbnZlcnQiLCItcmVzaXplIDEwMjR4MTAyNFx1MDAzZSJdXQ.jpg?sha=b891a3b202368c69,"MoMA, Floor 4, 402"
51574,"Woman of Stone, New York",1973,1951,"Gelatin silver print","13 13/16 × 10" (35.1 × 25.3 cm)",Photograph,Photography,1981-10-15,https://www.moma.org/collection/works/51574,https://www.moma.org/media/W1siZiIsIjE4MjE1NCJdLFsicCIsImNvbnZlcnQiLCItcmVzaXplIDEwMjR4MTAyNFx1MDAzZSJdXQ.jpg?sha=d60a5095cfedc6ae,"MoMA, Floor 4, 402"
51575,"Medals, New York",1973,1951,"Gelatin silver print","13 7/8 × 9 3/16" (35 × 23.3 cm)",Photograph,Photography,1981-10-15,https://www.moma.org/collection/works/51575,https://www.moma.org/media/W1siZiIsIjE4MjE1NSJdLFsicCIsImNvbnZlcnQiLCItcmVzaXplIDEwMjR4MTAyNFx1MDAzZSJdXQ.jpg?sha=eeb9df42f0b9bbcf,"MoMA, Floor 4, 402"
51578,"Doll, New York",1973,1949,"Gelatin silver print","13 13/16 × 8 7/16" (35.1 × 21.4 cm)",Photograph,Photography,1981-10-15,https://www.moma.org/collection/works/51578,https://www.moma.org/media/W1siZiIsIjE4MjE1OCJdLFsicCIsImNvbnZlcnQiLCItcmVzaXplIDEwMjR4MTAyNFx1MDAzZSJdXQ.jpg?sha=ab1a1aeeb3a0db27,"MoMA, Floor 4, 402"
51580,"Iron, Malaga",1973,1952,"Gelatin silver print","8 7/8 × 13 1/16" (22.5 × 33.1 cm)",Photograph,Photography,1981-10-15,https://www.moma.org/collection/works/51580,https://www.moma.org/media/W1siZiIsIjE4MjE1OSJdLFsicCIsImNvbnZlcnQiLCItcmVzaXplIDEwMjR4MTAyNFx1MDAzZSJdXQ.jpg?sha=4f325774be2fa81e,"MoMA, Floor 4, 402"
51581,"Table, Mallorca",1973,1952,"Gelatin silver print","13 7/8 × 8 15/16" (35.2 × 22.7 cm)",Photograph,Photography,1981-10-15,https://www.moma.org/collection/works/51581,https://www.moma.org/media/W1siZiIsIjIyNDA1NyJdLFsicCIsImNvbnZlcnQiLCItcmVzaXplIDEwMjR4MTAyNFx1MDAzZSJdXQ.jpg?sha=0ce95498bb6b7ef1,"MoMA, Floor 4, 402"
51582,"Bankers, London",1973,1951,"Gelatin silver print","8 13/16 × 13" (22.5 × 33 cm)",Photograph,Photography,1981-10-15,https://www.moma.org/collection/works/51582,https://www.moma.org/media/W1siZiIsIjE4MjY4NyJdLFsicCIsImNvbnZlcnQiLCItcmVzaXplIDEwMjR4MTAyNFx1MDAzZSJdXQ.jpg?sha=9cdd72c0b5935b9a,"MoMA, Floor 4, 402"
51585,"Dead Horse, Angers",1973,1949,"Gelatin silver print","13 1/16 × 7 15/16" (33.2 × 20.2 cm)",Photograph,Photography,1981-10-15,https://www.moma.org/collection/works/51585,https://www.moma.org/media/W1siZiIsIjE4MjE2MyJdLFsicCIsImNvbnZlcnQiLCItcmVzaXplIDEwMjR4MTAyNFx1MDAzZSJdXQ.jpg?sha=528df21db7e68783,"MoMA, Floor 4, 402"
51586,"Horse and Children, Paris",1973,1952,"Gelatin silver print","7 7/8 × 13 1/8" (20 × 33.3 cm)",Photograph,Photography,1981-10-15,https://www.moma.org/collection/works/51586,https://www.moma.org/media/W1siZiIsIjE4MjE2NCJdLFsicCIsImNvbnZlcnQiLCItcmVzaXplIDEwMjR4MTAyNFx1MDAzZSJdXQ.jpg?sha=4cdc34c647e94d6a,"MoMA, Floor 4, 402"
51590,"Woman, Paris",1973,1952,"Gelatin silver print","13 13/16 × 8 7/8" (35 × 22.1 cm)",Photograph,Photography,1981-10-15,https://www.moma.org/collection/works/51590,https://www.moma.org/media/W1siZiIsIjE4MjE2NyJdLFsicCIsImNvbnZlcnQiLCItcmVzaXplIDEwMjR4MTAyNFx1MDAzZSJdXQ.jpg?sha=ddeb443c73d65c2e,"MoMA, Floor 4, 402"
51591,"Ticker Tape, New York",1973,1951,"Gelatin silver print","13 13/16 × 10 1/16" (35 × 25.5 cm)",Photograph,Photography,1981-10-15,https://www.moma.org/collection/works/51591,https://www.moma.org/media/W1siZiIsIjE4MjE2OCJdLFsicCIsImNvbnZlcnQiLCItcmVzaXplIDEwMjR4MTAyNFx1MDAzZSJdXQ.jpg?sha=0ebe2e9beecac89d,"MoMA, Floor 4, 402"
51593,"Profile, Venice",1973,1952,"Gelatin silver print","9 1/16 × 13" (23.1 × 33 cm)",Photograph,Photography,1981-10-15,https://www.moma.org/collection/works/51593,https://www.moma.org/media/W1siZiIsIjE4MjE3MCJdLFsicCIsImNvbnZlcnQiLCItcmVzaXplIDEwMjR4MTAyNFx1MDAzZSJdXQ.jpg?sha=ca26999f8323e04e,"MoMA, Floor 4, 402"
52049,"Food for the Spirit #1",7017,1971,"Gelatin silver print, printed 1997","14 9/16 × 14 13/16" (37 × 37.7 cm)",Photograph,Photography,1998-06-11,https://www.moma.org/collection/works/52049,https://www.moma.org/media/W1siZiIsIjE1NjYzMyJdLFsicCIsImNvbnZlcnQiLCItcmVzaXplIDEwMjR4MTAyNFx1MDAzZSJdXQ.jpg?sha=d47f61f13fc67329,"MoMA, Floor 3, 3 East"
52051,"Food for the Spirit #10",7017,1971,"Gelatin silver print, printed 1997","14 9/16 × 15" (37 × 38.1 cm)",Photograph,Photography,1998-06-11,https://www.moma.org/collection/works/52051,https://www.moma.org/media/W1siZiIsIjE1NjYxOCJdLFsicCIsImNvbnZlcnQiLCItcmVzaXplIDEwMjR4MTAyNFx1MDAzZSJdXQ.jpg?sha=0ffe415f833488fc,"MoMA, Floor 3, 3 East"
52052,"Food for the Spirit #11",7017,1971,"Gelatin silver print, printed 1997","14 9/16 × 15" (37 × 38.1 cm)",Photograph,Photography,1998-06-11,https://www.moma.org/collection/works/52052,https://www.moma.org/media/W1siZiIsIjE1NjYxOSJdLFsicCIsImNvbnZlcnQiLCItcmVzaXplIDEwMjR4MTAyNFx1MDAzZSJdXQ.jpg?sha=6c186e4b026d96e0,"MoMA, Floor 3, 3 East"
52053,"Food for the Spirit #12",7017,1971,"Gelatin silver print, printed 1997","14 9/16 × 15" (37 × 38.1 cm)",Photograph,Photography,1998-06-11,https://www.moma.org/collection/works/52053,https://www.moma.org/media/W1siZiIsIjE1NjYyMCJdLFsicCIsImNvbnZlcnQiLCItcmVzaXplIDEwMjR4MTAyNFx1MDAzZSJdXQ.jpg?sha=3b97bdb8cf344396,"MoMA, Floor 3, 3 East"
52054,"Food for the Spirit #13",7017,1971,"Gelatin silver print, printed 1997","14 9/16 × 14 15/16" (37 × 38 cm)",Photograph,Photography,1998-06-11,https://www.moma.org/collection/works/52054,https://www.moma.org/media/W1siZiIsIjE1NjYyMSJdLFsicCIsImNvbnZlcnQiLCItcmVzaXplIDEwMjR4MTAyNFx1MDAzZSJdXQ.jpg?sha=a63a0a808e1ce6f1,"MoMA, Floor 3, 3 East"
52055,"Food for the Spirit #14",7017,1971,"Gelatin silver print, printed 1997","14 9/16 × 15" (37 × 38.1 cm)",Photograph,Photography,1998-06-11,https://www.moma.org/collection/works/52055,https://www.moma.org/media/W1siZiIsIjE1NjYzMiJdLFsicCIsImNvbnZlcnQiLCItcmVzaXplIDEwMjR4MTAyNFx1MDAzZSJdXQ.jpg?sha=a7dc1e2bb5daea14,"MoMA, Floor 3, 3 East"
52056,"Food for the Spirit #2",7017,1971,"Gelatin silver print, printed 1997","14 9/16 × 15" (37 × 38.1 cm)",Photograph,Photography,1998-06-11,https://www.moma.org/collection/works/52056,https://www.moma.org/media/W1siZiIsIjE1NjYzNCJdLFsicCIsImNvbnZlcnQiLCItcmVzaXplIDEwMjR4MTAyNFx1MDAzZSJdXQ.jpg?sha=a94d7a4358f37c82,"MoMA, Floor 3, 3 East"
52057,"Food for the Spirit #3",7017,1971,"Gelatin silver print, printed 1997","14 9/16 × 14 15/16" (37 × 38 cm)",Photograph,Photography,1998-06-11,https://www.moma.org/collection/works/52057,https://www.moma.org/media/W1siZiIsIjE1NjYzNSJdLFsicCIsImNvbnZlcnQiLCItcmVzaXplIDEwMjR4MTAyNFx1MDAzZSJdXQ.jpg?sha=8afad029cdafb350,"MoMA, Floor 3, 3 East"
52058,"Food for the Spirit #4",7017,1971,"Gelatin silver print, printed 1997","14 9/16 × 14 15/16" (37 × 38 cm)",Photograph,Photography,1998-06-11,https://www.moma.org/collection/works/52058,https://www.moma.org/media/W1siZiIsIjE1NjYzNiJdLFsicCIsImNvbnZlcnQiLCItcmVzaXplIDEwMjR4MTAyNFx1MDAzZSJdXQ.jpg?sha=33074f675bd7280a,"MoMA, Floor 3, 3 East"
52059,"Food for the Spirit #5",7017,1971,"Gelatin silver print, printed 1997","14 9/16 × 14 13/16" (37 × 37.6 cm)",Photograph,Photography,1998-06-11,https://www.moma.org/collection/works/52059,https://www.moma.org/media/W1siZiIsIjE1NjYzNyJdLFsicCIsImNvbnZlcnQiLCItcmVzaXplIDEwMjR4MTAyNFx1MDAzZSJdXQ.jpg?sha=e842496d780055dc,"MoMA, Floor 3, 3 East"
52060,"Food for the Spirit #6",7017,1971,"Gelatin silver print, printed 1997","14 9/16 × 14 15/16" (37 × 38 cm)",Photograph,Photography,1998-06-11,https://www.moma.org/collection/works/52060,https://www.moma.org/media/W1siZiIsIjE1NjYzOCJdLFsicCIsImNvbnZlcnQiLCItcmVzaXplIDEwMjR4MTAyNFx1MDAzZSJdXQ.jpg?sha=325eb51c800edd4d,"MoMA, Floor 3, 3 East"
52061,"Food for the Spirit #7",7017,1971,"Gelatin silver print, printed 1997","14 9/16 × 14 15/16" (37 × 38 cm)",Photograph,Photography,1998-06-11,https://www.moma.org/collection/works/52061,https://www.moma.org/media/W1siZiIsIjE1NjYzOSJdLFsicCIsImNvbnZlcnQiLCItcmVzaXplIDEwMjR4MTAyNFx1MDAzZSJdXQ.jpg?sha=06ce7b6f3e405d8b,"MoMA, Floor 3, 3 East"
52062,"Food for the Spirit #8",7017,1971,"Gelatin silver print, printed 1997","14 9/16 × 14 15/16" (37 × 38 cm)",Photograph,Photography,1998-06-11,https://www.moma.org/collection/works/52062,https://www.moma.org/media/W1siZiIsIjE1NjY0MCJdLFsicCIsImNvbnZlcnQiLCItcmVzaXplIDEwMjR4MTAyNFx1MDAzZSJdXQ.jpg?sha=da936c0d31589b27,"MoMA, Floor 3, 3 East"
52063,"Food for the Spirit #9",7017,1971,"Gelatin silver print, printed 1997","14 9/16 × 14 13/16" (37 × 37.6 cm)",Photograph,Photography,1998-06-11,https://www.moma.org/collection/works/52063,https://www.moma.org/media/W1siZiIsIjE1NjY0MSJdLFsicCIsImNvbnZlcnQiLCItcmVzaXplIDEwMjR4MTAyNFx1MDAzZSJdXQ.jpg?sha=a1714ca346727cc2,"MoMA, Floor 3, 3 East"
52577,Untitled,6913,1990,"Gelatin silver print","8 15/16 × 12 3/4" (22.8 × 32.4 cm)",Photograph,Photography,1992-10-15,https://www.moma.org/collection/works/52577,https://www.moma.org/media/W1siZiIsIjIzMjQ2OSJdLFsicCIsImNvbnZlcnQiLCItcmVzaXplIDEwMjR4MTAyNFx1MDAzZSJdXQ.jpg?sha=3c036d83e7d1eb80,"MoMA, Floor 2, 209"
52883,"Parade—Hoboken, New Jersey",1973,1955,"Gelatin silver print","8 1/16 × 12 1/4" (20.5 × 31.1 cm)",Photograph,Photography,1959-04-22,https://www.moma.org/collection/works/52883,https://www.moma.org/media/W1siZiIsIjQ1NTg1OSJdLFsicCIsImNvbnZlcnQiLCItcmVzaXplIDEwMjR4MTAyNFx1MDAzZSJdXQ.jpg?sha=88fd06a7e81d64e5,"MoMA, Floor 3, 3 South"
53380,"Wabash Avenue, Chicago",924,1959,"Gelatin silver print","8 7/8 × 13 1/2" (22.6 × 34.3 cm)",Photograph,Photography,1960-11-30,https://www.moma.org/collection/works/53380,https://www.moma.org/media/W1siZiIsIjE4NDI2OCJdLFsicCIsImNvbnZlcnQiLCItcmVzaXplIDEwMjR4MTAyNFx1MDAzZSJdXQ.jpg?sha=e10c7ad5eae1ddaa,"MoMA, Floor 4, 409"
53392,"Wabash Avenue, Chicago",924,1959,"Gelatin silver print","8 7/8 × 13 5/8" (22.4 × 34.6 cm)",Photograph,Photography,1960-11-30,https://www.moma.org/collection/works/53392,https://www.moma.org/media/W1siZiIsIjE4NDI2OSJdLFsicCIsImNvbnZlcnQiLCItcmVzaXplIDEwMjR4MTAyNFx1MDAzZSJdXQ.jpg?sha=ddf7e8c969d76ddb,"MoMA, Floor 4, 409"
53412,"Wabash Avenue, Chicago",924,1959,"Gelatin silver print","9 × 13 1/2" (22.9 × 34.2 cm)",Photograph,Photography,1960-11-30,https://www.moma.org/collection/works/53412,https://www.moma.org/media/W1siZiIsIjUxODI0NCJdLFsicCIsImNvbnZlcnQiLCItcmVzaXplIDEwMjR4MTAyNFx1MDAzZSJdXQ.jpg?sha=dbfdd1c5cb201e33,"MoMA, Floor 4, 409"
53414,"Cape Cod",1973,1959,"Gelatin silver print","9 1/8 × 13 1/4" (23.2 × 33.8 cm)",Photograph,Photography,1984-12-05,https://www.moma.org/collection/works/53414,https://www.moma.org/media/W1siZiIsIjEyMDg5NiJdLFsicCIsImNvbnZlcnQiLCItcmVzaXplIDEwMjR4MTAyNFx1MDAzZSJdXQ.jpg?sha=d4e355b80d9ad823,"MoMA, Floor 3, 3 South"
53434,"Wabash Avenue, Chicago",924,1959,"Gelatin silver print","9 × 13 3/8" (22.8 × 33.8 cm)",Photograph,Photography,1960-11-30,https://www.moma.org/collection/works/53434,https://www.moma.org/media/W1siZiIsIjUxODI0NSJdLFsicCIsImNvbnZlcnQiLCItcmVzaXplIDEwMjR4MTAyNFx1MDAzZSJdXQ.jpg?sha=86464f3eeed410ef,"MoMA, Floor 4, 409"
53438,Detroit,1973,1955,"Gelatin silver print","8 9/16 × 13 1/4" (21.8 × 33.7 cm)",Photograph,Photography,1984-12-05,https://www.moma.org/collection/works/53438,https://www.moma.org/media/W1siZiIsIjExOTY3NyJdLFsicCIsImNvbnZlcnQiLCItcmVzaXplIDEwMjR4MTAyNFx1MDAzZSJdXQ.jpg?sha=cbab8dddd53ff28e,"MoMA, Floor 3, 3 South"
53462,"Hoover Dam",1973,1956,"Gelatin silver print","12 1/8 × 7 15/16" (30.8 × 20.1 cm)",Photograph,Photography,1984-12-05,https://www.moma.org/collection/works/53462,https://www.moma.org/media/W1siZiIsIjQ1NTg3NCJdLFsicCIsImNvbnZlcnQiLCItcmVzaXplIDEwMjR4MTAyNFx1MDAzZSJdXQ.jpg?sha=34848f8d9446c599,"MoMA, Floor 3, 3 South"
53522,Mary,1973,1961,"Gelatin silver print","13 × 8 5/8" (33 × 21.8 cm)",Photograph,Photography,1984-12-05,https://www.moma.org/collection/works/53522,https://www.moma.org/media/W1siZiIsIjQ1NTg3OCJdLFsicCIsImNvbnZlcnQiLCItcmVzaXplIDEwMjR4MTAyNFx1MDAzZSJdXQ.jpg?sha=dd4a167aa0529fe2,"MoMA, Floor 3, 3 South"
53544,"New York City",1973,1959,"Gelatin silver print","8 3/4 × 13 3/16" (22.3 × 33.5 cm)",Photograph,Photography,1984-12-05,https://www.moma.org/collection/works/53544,https://www.moma.org/media/W1siZiIsIjEyMDkyNSJdLFsicCIsImNvbnZlcnQiLCItcmVzaXplIDEwMjR4MTAyNFx1MDAzZSJdXQ.jpg?sha=615ee278ff29a6fa,"MoMA, Floor 3, 3 South"
53617,Untitled,1594,1958,"Gelatin silver print","10 3/8 × 11" (26.2 × 27.9 cm)",Photograph,Photography,1960-11-30,https://www.moma.org/collection/works/53617,https://www.moma.org/media/W1siZiIsIjIxOTYwMyJdLFsicCIsImNvbnZlcnQiLCItcmVzaXplIDEwMjR4MTAyNFx1MDAzZSJdXQ.jpg?sha=a0b320a9a2e187cd,"MoMA, Floor 4, 409"
54516,"Grain Elevators II",8084,1949,"Gelatin silver print","10 1/8 × 12 9/16" (25.7 × 31.9 cm)",Photograph,Photography,1994-10-13,https://www.moma.org/collection/works/54516,https://www.moma.org/media/W1siZiIsIjE5MDM5MCJdLFsicCIsImNvbnZlcnQiLCItcmVzaXplIDEwMjR4MTAyNFx1MDAzZSJdXQ.jpg?sha=e0566805a4ee7957,"MoMA, Floor 5, 511"
54868,Kelp,6329,1930,"Gelatin silver print","7 7/16 × 9 3/8" (18.9 × 23.8 cm)",Photograph,Photography,1959-04-22,https://www.moma.org/collection/works/54868,https://www.moma.org/media/W1siZiIsIjIwOTA3MSJdLFsicCIsImNvbnZlcnQiLCItcmVzaXplIDEwMjR4MTAyNFx1MDAzZSJdXQ.jpg?sha=7577d1b7e6a42a5a,"MoMA, Floor 5, 509"
55003,"Bauhaus Balconies",1833,"c. 1928","Gelatin silver print","9 1/4 × 7" (23.5 × 17.8 cm)",Photograph,Photography,1967-06-06,https://www.moma.org/collection/works/55003,https://www.moma.org/media/W1siZiIsIjE1NjM1OCJdLFsicCIsImNvbnZlcnQiLCItcmVzaXplIDEwMjR4MTAyNFx1MDAzZSJdXQ.jpg?sha=6473e6b963bf4c3e,"MoMA, Floor 5, 511"
55069,Untitled,3948,1966,"Gelatin silver print","12 3/8 × 15 7/8" (31.5 × 40.3 cm)",Photograph,Photography,1967-06-06,https://www.moma.org/collection/works/55069,https://www.moma.org/media/W1siZiIsIjIwMTIwMSJdLFsicCIsImNvbnZlcnQiLCItcmVzaXplIDEwMjR4MTAyNFx1MDAzZSJdXQ.jpg?sha=97d93fc0f05d06d6,"MoMA, Floor 4, 409"
55120,France,1000,1929,"Gelatin silver print, printed 1986","9 7/16 × 12 9/16" (24 × 32 cm)",Photograph,Photography,1987-12-10,https://www.moma.org/collection/works/55120,https://www.moma.org/media/W1siZiIsIjE0MjgwOCJdLFsicCIsImNvbnZlcnQiLCItcmVzaXplIDEwMjR4MTAyNFx1MDAzZSJdXQ.jpg?sha=8c3ac70dccc8dbcf,"MoMA, Floor 5, 517"
55154,"From the Bauhaus Roof",1833,"c. 1929","Gelatin silver print
","14 3/8 × 11 7/16" (36.6 × 29.1 cm)",Photograph,Photography,1940-04-05,https://www.moma.org/collection/works/55154,https://www.moma.org/media/W1siZiIsIjE1NjM1OSJdLFsicCIsImNvbnZlcnQiLCItcmVzaXplIDEwMjR4MTAyNFx1MDAzZSJdXQ.jpg?sha=75c301bbb4e22fd8,"MoMA, Floor 5, 511"
55216,"Martha Graham",3979,"c. 1940","Gelatin silver print","13 9/16 × 10 7/16" (34.4 × 26.5 cm)
sheet  13 7/8 × 10 15/16" (35.3 × 27.9 cm)",Photograph,Photography,1959-04-22,https://www.moma.org/collection/works/55216,https://www.moma.org/media/W1siZiIsIjI0NTE0NyJdLFsicCIsImNvbnZlcnQiLCItcmVzaXplIDEwMjR4MTAyNFx1MDAzZSJdXQ.jpg?sha=532675524f50b7ee,"MoMA, Floor 4, 409"
55679,"Untitled (Facial Cosmetic Variations)",3924,"January-February, 1972","Four chromogenic color prints, printed 1997","Each 19 1/4 × 12 3/4" (48.9 × 32.4 cm)",Photograph,Photography,1997-12-11,https://www.moma.org/collection/works/55679,https://www.moma.org/media/W1siZiIsIjMwMTI4OSJdLFsicCIsImNvbnZlcnQiLCItcmVzaXplIDEwMjR4MTAyNFx1MDAzZSJdXQ.jpg?sha=ac5ba4b18afea1dc,"MoMA, Floor 3, 3 East"
55779,"Ham and Eggs. Advertisement for The Delineator",5631,1929,"Gelatin silver print","7 5/8 × 9 1/2" (19.3 × 24.1 cm)",Photograph,Photography,1970-10-27,https://www.moma.org/collection/works/55779,https://www.moma.org/media/W1siZiIsIjE4NjYyMCJdLFsicCIsImNvbnZlcnQiLCItcmVzaXplIDEwMjR4MTAyNFx1MDAzZSJdXQ.jpg?sha=c1276e61f4698d5f,"MoMA, Floor 5, 519"
55965,"Untitled (Southern California Edison Plant at Long Beach), Towers",1214,"c. 1932","Gelatin silver print","11 7/16 × 9 1/16" (29 × 23.1 cm)",Photograph,Photography,1978-10-12,https://www.moma.org/collection/works/55965,https://www.moma.org/media/W1siZiIsIjIxOTY4MyJdLFsicCIsImNvbnZlcnQiLCItcmVzaXplIDEwMjR4MTAyNFx1MDAzZSJdXQ.jpg?sha=867cb3720a2172a5,"MoMA, Floor 5, 519"
56043,"Gano Grain Elevator, Western Kansas",4109,1939,"Gelatin silver print","9 1/2 × 7 3/4" (24.1 × 19.7 cm)",Photograph,Photography,1941-12-10,https://www.moma.org/collection/works/56043,https://www.moma.org/media/W1siZiIsIjIwOTIzNyJdLFsicCIsImNvbnZlcnQiLCItcmVzaXplIDEwMjR4MTAyNFx1MDAzZSJdXQ.jpg?sha=d31865115261be08,"MoMA, Floor 5, 519"
56288,"Telephone Wires, Mexico",4039,"c. 1925","Palladium print","8 15/16 × 6 5/16" (22.8 × 16.1 cm)",Photograph,Photography,1959-12-30,https://www.moma.org/collection/works/56288,https://www.moma.org/media/W1siZiIsIjExOTA1MyJdLFsicCIsImNvbnZlcnQiLCItcmVzaXplIDEwMjR4MTAyNFx1MDAzZSJdXQ.jpg?sha=752a3cfc0f4b8d2f,"MoMA, Floor 5, 519"
56399,"Hand, Indonesian Dancer, Java",3373,1958,"Gelatin silver print","6 7/8 × 5 3/4" (17.5 × 14.6 cm)",Photograph,Photography,1967-11-21,https://www.moma.org/collection/works/56399,https://www.moma.org/media/W1siZiIsIjExOTA1NCJdLFsicCIsImNvbnZlcnQiLCItcmVzaXplIDEwMjR4MTAyNFx1MDAzZSJdXQ.jpg?sha=c9d35d49142f95be,"MoMA, Floor 4, 409"
57364,"The Junior Interstate Ballroom Dance Champions, Yonkers, N.Y., 1963",208,1963,"Gelatin silver print","Image: 9 1/16 × 8 11/16" (23 × 22 cm)
Sheet: 14 × 11" (35.6 × 27.9 cm)",Photograph,Photography,1969-11-05,https://www.moma.org/collection/works/57364,https://www.moma.org/media/W1siZiIsIjU1Mzk0MSJdLFsicCIsImNvbnZlcnQiLCItcmVzaXplIDEwMjR4MTAyNFx1MDAzZSJdXQ.jpg?sha=9d442d62045c27d3,"MoMA, Floor 4, 409"
57757,"Untitled (Herbert Bliss)",3648,"March 18, 1950","Gelatin silver print","9 1/4 × 7 1/2" (23.5 × 19.0 cm)",Photograph,Photography,1979-12-13,NULL,NULL,"MoMA, Floor 4, 409"
58181,"Penny Picture Display, Savannah",1777,1936,"Gelatin silver print","8 5/8 × 6 15/16" (21.9 × 17.6 cm)",Photograph,Photography,1968-11-06,https://www.moma.org/collection/works/58181,https://www.moma.org/media/W1siZiIsIjIxMjAzNiJdLFsicCIsImNvbnZlcnQiLCItcmVzaXplIDEwMjR4MTAyNFx1MDAzZSJdXQ.jpg?sha=622950e8839fd5f8,"MoMA, Floor 5, 521"
58857,"L'armoire à glace, rue Quincampoix, Paris",745,1932,"Gelatin silver print","15 7/16 × 11 5/8" (39.2 × 29.6 cm)",Photograph,Photography,1967-12-13,https://www.moma.org/collection/works/58857,https://www.moma.org/media/W1siZiIsIjQyNTYwNCJdLFsicCIsImNvbnZlcnQiLCItcmVzaXplIDEwMjR4MTAyNFx1MDAzZSJdXQ.jpg?sha=febd38d6f63ca3a4,"MoMA, Floor 5, 517"
58958,"Composit for First Feature (A)",1973,1967,"Gelatin silver print","11 1/8 × 11 1/8" (28.2 × 28.2 cm)",Photograph,Photography,1968-01-10,https://www.moma.org/collection/works/58958,https://www.moma.org/media/W1siZiIsIjIwOTcxMSJdLFsicCIsImNvbnZlcnQiLCItcmVzaXplIDEwMjR4MTAyNFx1MDAzZSJdXQ.jpg?sha=9d622014d17e9c1a,"MoMA, Floor 3, 3 South"
58959,"Composit for First Feature (B)",1973,1967,"Gelatin silver print","11 1/8 × 11 9/16" (28.2 × 29.4 cm)",Photograph,Photography,1968-01-10,https://www.moma.org/collection/works/58959,https://www.moma.org/media/W1siZiIsIjIwOTcxMiJdLFsicCIsImNvbnZlcnQiLCItcmVzaXplIDEwMjR4MTAyNFx1MDAzZSJdXQ.jpg?sha=cf00c86e15ece3e3,"MoMA, Floor 3, 3 South"
58961,Marilyn,1973,1962,"Gelatin silver print","9 5/16 × 6 3/16" (23.7 × 15.7 cm)",Photograph,Photography,1968-01-10,https://www.moma.org/collection/works/58961,https://www.moma.org/media/W1siZiIsIjQ1NTg1OCJdLFsicCIsImNvbnZlcnQiLCItcmVzaXplIDEwMjR4MTAyNFx1MDAzZSJdXQ.jpg?sha=51b20ea863dbfb29,"MoMA, Floor 3, 3 South"
60860,"Auti te Pape (Women at the River) from Noa Noa (Fragrant Scent)",2098,"1894, printed 1921","One from a series of eight woodcuts","composition: 8 1/16 x 13 15/16" (20.5 x 35.4 cm); sheet: 10 5/8 x 16 5/8" (27 x 42.2 cm)",Print,"Drawings & Prints",1934-09-23,https://www.moma.org/collection/works/60860,https://www.moma.org/media/W1siZiIsIjE2MzQ2NSJdLFsicCIsImNvbnZlcnQiLCItcmVzaXplIDEwMjR4MTAyNFx1MDAzZSJdXQ.jpg?sha=f6b22e129ec13d20,"MoMA, Floor 2, 2 South"
60996,"Maruru (Offerings of Gratitude)",2098,"1893-94, printed 1921","Wood engraving","composition: 8 1/16 x 14" (20.5 x 35.5 cm); sheet: 10 9/16 x 16 7/8" (26.8 x 42.8 cm)",Print,"Drawings & Prints",1943-09-23,https://www.moma.org/collection/works/60996,https://www.moma.org/media/W1siZiIsIjE2MzQ5NSJdLFsicCIsImNvbnZlcnQiLCItcmVzaXplIDEwMjR4MTAyNFx1MDAzZSJdXQ.jpg?sha=d92cb064e75251a0,"MoMA, Floor 2, 2 South"
61030,"Starfighter from Graphics of Capitalist Realism (Grafik des Kapitalistischen Realismus)",6191,"1967, published 1968","Screenprint  with glitter additions from a portfolio of six screenprints (one with four seed packets, one on plexiglass, and one with glitter additions)","composition and sheet: 20 7/8 x 32" (53 x 81.3cm)",Print,"Drawings & Prints",1995-01-24,https://www.moma.org/collection/works/61030,https://www.moma.org/media/W1siZiIsIjIwODExNCJdLFsicCIsImNvbnZlcnQiLCItcmVzaXplIDEwMjR4MTAyNFx1MDAzZSJdXQ.jpg?sha=a1ade442f878ec62,"MoMA, Floor 4, 412"
61037,"Noa Noa (Fragrant Scent) from Noa Noa (Fragrant Scent)",2098,1893–94,Woodcut,"composition: 14 x 8 1/16" (35.5 x 20.5 cm); sheet: 15 1/2 x 9 5/8" (39.3 x 24.4 cm)",Print,"Drawings & Prints",1934-09-23,https://www.moma.org/collection/works/61037,https://www.moma.org/media/W1siZiIsIjI3OTMwNSJdLFsicCIsImNvbnZlcnQiLCItcmVzaXplIDEwMjR4MTAyNFx1MDAzZSJdXQ.jpg?sha=da026fe254c86631,"MoMA, Floor 2, 2 South"
61106,"Te Atua (The Gods) from Noa Noa (Fragrant Scent)",2098,1893–94,Woodcut,"composition: 8 1/16 x 14" (20.5 x 35.5 cm); sheet: 15 9/16 x 9 3/4" (39.6 x 24.7 cm)",Print,"Drawings & Prints",1934-09-23,https://www.moma.org/collection/works/61106,https://www.moma.org/media/W1siZiIsIjI3OTMwNiJdLFsicCIsImNvbnZlcnQiLCItcmVzaXplIDEwMjR4MTAyNFx1MDAzZSJdXQ.jpg?sha=7411fd405bc37cf9,"MoMA, Floor 2, 2 South"
61125,"Night Eternal (Te Po)",2098,"1894, printed 1921",Woodcut,"composition: 8 1/16 x 14 1/16" (20.5 x 35.7 cm); sheet: 10 5/8 x 16 7/8" (27 x 42.8 cm)",Print,"Drawings & Prints",1934-09-23,https://www.moma.org/collection/works/61125,https://www.moma.org/media/W1siZiIsIjE2MzUwNSJdLFsicCIsImNvbnZlcnQiLCItcmVzaXplIDEwMjR4MTAyNFx1MDAzZSJdXQ.jpg?sha=c46ebf184b5d0ddd,"MoMA, Floor 2, 2 South"
61142,"L'Univers est crée(The Creation of the Universe)",2098,"1894, printed 1921",Woodcut,"composition: 8 1/16 x 13 7/8" (20.4 x 35.3 cm); sheet: 10 1/2 x 16 13/16" (26.7 x 42.7 cm)",Print,"Drawings & Prints",1934-09-23,https://www.moma.org/collection/works/61142,https://www.moma.org/media/W1siZiIsIjE2MzUxNSJdLFsicCIsImNvbnZlcnQiLCItcmVzaXplIDEwMjR4MTAyNFx1MDAzZSJdXQ.jpg?sha=d1776222ec011128,"MoMA, Floor 2, 2 South"
61651,"Salomé from the Saltimbanques series",4609,"1905, published 1913",Drypoint,"plate: 15 7/8 x 13 11/16" (40.3 x 34.7 cm); sheet: 25 5/16 x 20 1/16" (64.3 x 51 cm)",Print,"Drawings & Prints",1934-09-23,https://www.moma.org/collection/works/61651,https://www.moma.org/media/W1siZiIsIjE1OTEwMSJdLFsicCIsImNvbnZlcnQiLCItcmVzaXplIDEwMjR4MTAyNFx1MDAzZSJdXQ.jpg?sha=de7a96cbfbae7c2a,"MoMA, Floor 2, 2 South"
61700,"Pierrot and Harlequin, Seated from the series Dix Pochoirs",4609,"published 1921",Pochoir,"composition: 8 1/4 x 10 1/2" (21 x 26.7 cm); sheet: 9 13/16 x 12 1/16" (24.9 x 30.6 cm)",Print,"Drawings & Prints",1934-09-23,https://www.moma.org/collection/works/61700,https://www.moma.org/media/W1siZiIsIjE3NTAxMCJdLFsicCIsImNvbnZlcnQiLCItcmVzaXplIDEwMjR4MTAyNFx1MDAzZSJdXQ.jpg?sha=3b6d5e6445b22cf3,"MoMA, Floor 2, 2 South"
61712,"Head of a Woman, in Profile (Tête de femme, de profil) from the Saltimbanques series",4609,1905,Drypoint,"plate: 11 7/16 x 9 13/16" (29.1 x 25 cm); sheet: 18 3/16 x 12 5/8" (46.2 x 32.1 cm)",Print,"Drawings & Prints",1934-09-23,https://www.moma.org/collection/works/61712,https://www.moma.org/media/W1siZiIsIjE1MjgzOSJdLFsicCIsImNvbnZlcnQiLCItcmVzaXplIDEwMjR4MTAyNFx1MDAzZSJdXQ.jpg?sha=15f59d278e5b140e,"MoMA, Floor 2, 2 South"
61753,"Pierrot and Brown Harlequin, Standing from the series Dix Pochoirs",4609,"published 1921",Pochoir,"composition: 11 1/4 x 8 7/8" (28.5 x 22.6 cm); sheet: 12 1/8 x 9 1/2" (30.8 x 24.1 cm)",Print,"Drawings & Prints",1934-09-23,https://www.moma.org/collection/works/61753,https://www.moma.org/media/W1siZiIsIjE3NTAxMSJdLFsicCIsImNvbnZlcnQiLCItcmVzaXplIDEwMjR4MTAyNFx1MDAzZSJdXQ.jpg?sha=5bb1c990c6e981d7,"MoMA, Floor 2, 2 South"
61804,"Still Life from the series Dix Pochoirs",4609,"published 1921",Pochoir,"composition: 8 3/8 x 10 5/8" (21.3 x 27 cm); sheet: 8 7/8 x 11 7/16" (22.5 x 29.1 cm)",Print,"Drawings & Prints",1934-09-23,https://www.moma.org/collection/works/61804,https://www.moma.org/media/W1siZiIsIjEwMDgzMyJdLFsicCIsImNvbnZlcnQiLCItcmVzaXplIDEwMjR4MTAyNFx1MDAzZSJdXQ.jpg?sha=3535cd6942565be2,"MoMA, Floor 2, 2 South"
61845,"Day (Le Jour) from Dreams (Songes)",4840,1891,"One from a portfolio of six lithographs on chine appliqué","composition: 8 1/4 x 6 1/8" (20.9 x 15.5 cm); sheet: 17 3/16 x 12 3/16" (43.6 x 30.9 cm)",Print,"Drawings & Prints",1934-09-23,https://www.moma.org/collection/works/61845,https://www.moma.org/media/W1siZiIsIjk2NjAwIl0sWyJwIiwiY29udmVydCIsIi1yZXNpemUgMTAyNHgxMDI0XHUwMDNlIl1d.jpg?sha=cab07fd16818ff21,"MoMA, Floor 2, 2 South"
62014,"Young Woman Contemplating a Goldfish Bowl (Jeune femme contemplant un bocal de poissons rouges)",3832,1929,"Etching with chine collé","plate: 3 15/16 x 5 7/8" (10 x 15 cm); sheet: 11 x 15 1/16" (28 x 38.2 cm)",Print,"Drawings & Prints",1951-01-30,https://www.moma.org/collection/works/62014,https://www.moma.org/media/W1siZiIsIjE2NDA0NCJdLFsicCIsImNvbnZlcnQiLCItcmVzaXplIDEwMjR4MTAyNFx1MDAzZSJdXQ.jpg?sha=de26deb3dbb64886,"MoMA, Floor 5, 506"
62040,"Pierrot and Red Harlequin, Standing from the series Dix Pochoirs",4609,"published 1921",Pochoir,"composition: 10 13/16 x 8 3/8" (27.5 x 21.3 cm); sheet: 12 x 9 3/8" (30.5 x 23.8 cm)",Print,"Drawings & Prints",1934-09-23,https://www.moma.org/collection/works/62040,https://www.moma.org/media/W1siZiIsIjEwMDgzMiJdLFsicCIsImNvbnZlcnQiLCItcmVzaXplIDEwMjR4MTAyNFx1MDAzZSJdXQ.jpg?sha=a3f5f26cf2b53264,"MoMA, Floor 2, 2 South"
62093,"Head of a Young Girl and Two Goldfish (ête de jeune fille et deux cyprins dorés)",3832,1929,"Etching with chine collé","plate: 3 9/16 x 4 15/16" (9.1 x 12.5 cm); sheet: 11 x 14 13/16" (28 x 37.7 cm)",Print,"Drawings & Prints",1951-01-30,https://www.moma.org/collection/works/62093,https://www.moma.org/media/W1siZiIsIjE2NDA0NiJdLFsicCIsImNvbnZlcnQiLCItcmVzaXplIDEwMjR4MTAyNFx1MDAzZSJdXQ.jpg?sha=574ffb74f85d76d4,"MoMA, Floor 5, 506"
62197,"Young Woman, Goldfish and Checkered Cloth (Jeune femme, poissons rouges et nappe à carreaux)",3832,1929,"Etching with chine collé","plate: 5 1/16 x 7 1/16" (12.8 x 17.9 cm); sheet: 11 x 14 15/16" (28 x 38 cm)",Print,"Drawings & Prints",1951-01-30,https://www.moma.org/collection/works/62197,https://www.moma.org/media/W1siZiIsIjE2NDA1MCJdLFsicCIsImNvbnZlcnQiLCItcmVzaXplIDEwMjR4MTAyNFx1MDAzZSJdXQ.jpg?sha=50d267f506f6fe8b,"MoMA, Floor 5, 506"
62223,"Head Leaning and Goldfish Bowl (Tête penchée et bocal de poissons)",3832,1929,"Etching with chine collé","plate: 5 13/16 x 7 11/16" (14.8 x 19.6cm); sheet: 11 x 14 15/16" (28 x 38cm)",Print,"Drawings & Prints",1951-01-30,https://www.moma.org/collection/works/62223,https://www.moma.org/media/W1siZiIsIjE2NDMwNCJdLFsicCIsImNvbnZlcnQiLCItcmVzaXplIDEwMjR4MTAyNFx1MDAzZSJdXQ.jpg?sha=17f9fc197061d9a5,"MoMA, Floor 5, 506"
62298,"Young Woman with Black Eyes Staring at an Aquarium (Jeune femme aux yeux noirs fixant un aquarium)",3832,1929,"Etching with chine collé","plate: 3 5/8 x 4 7/8" (9.2 x 12.4 cm); sheet: 11 x 15" (28 x 38.1 cm)",Print,"Drawings & Prints",1951-01-30,https://www.moma.org/collection/works/62298,https://www.moma.org/media/W1siZiIsIjE2NDA2MCJdLFsicCIsImNvbnZlcnQiLCItcmVzaXplIDEwMjR4MTAyNFx1MDAzZSJdXQ.jpg?sha=7c73b531f02826fc,"MoMA, Floor 5, 506"
62419,"TV Antennae",5366,1953,Screenprint,"composition (irreg.): 16 3/16 x 36 15/16" (41.1 x 93.8 cm); sheet: 25 1/8 x 38 3/4" (63.8 x 98.4 cm)",Print,"Drawings & Prints",1963-02-13,https://www.moma.org/collection/works/62419,https://www.moma.org/media/W1siZiIsIjUxODU3NyJdLFsicCIsImNvbnZlcnQiLCItcmVzaXplIDEwMjR4MTAyNFx1MDAzZSJdXQ.jpg?sha=cfb46a8fffd606c6,"MoMA, Floor 5, 519"
62894,"Announcer (Ansager) from Figurines: The Three-Dimensional Design of the Electro-Mechanical Show Victory over the Sun (Figurinen, die plastische Gestaltung der elektro-mechanischen Schau Sieg über die Sonne)",3569,"1920–21, published 1923","One from a portfolio of ten lithographs","composition (irreg.): 13 3/4 x 11 7/8" (35 x 30.2 cm); sheet: 21 x 18" (53.3 x 45.7 cm)",Print,"Drawings & Prints",1944-09-27,https://www.moma.org/collection/works/62894,https://www.moma.org/media/W1siZiIsIjIxNzY2MyJdLFsicCIsImNvbnZlcnQiLCItcmVzaXplIDEwMjR4MTAyNFx1MDAzZSJdXQ.jpg?sha=524bb55402bebaca,"MoMA, Floor 5, 505"
63050,"Les Mollusques",710,"c. 1948","Etching, with hand additions","plate: 6 15/16 x 5 3/8" (17.6 x 13.6 cm); sheet: 9 7/8 x 6 5/8" (25 x 16.8 cm)",Print,"Drawings & Prints",1990-05-02,https://www.moma.org/collection/works/63050,https://www.moma.org/media/W1siZiIsIjE1NDc1NiJdLFsicCIsImNvbnZlcnQiLCItcmVzaXplIDEwMjR4MTAyNFx1MDAzZSJdXQ.jpg?sha=59b8304769d0a64f,"MoMA, Floor 4, 402"
63051,"Les Mollusques",710,"c. 1948","Etching and engraving","plate: 6 15/16 x 5 3/8" (17.6 x 13.6 cm); sheet: 9 3/4 x 6 3/8" (24 x 16.2 cm)",Print,"Drawings & Prints",1990-05-02,https://www.moma.org/collection/works/63051,https://www.moma.org/media/W1siZiIsIjE1NDc1NyJdLFsicCIsImNvbnZlcnQiLCItcmVzaXplIDEwMjR4MTAyNFx1MDAzZSJdXQ.jpg?sha=e68b9f62aed61651,"MoMA, Floor 4, 402"
63052,"Les Mollusques",710,"c. 1948","Etching and engraving","plate: 6 15/16 x 5 3/8" (17.6 x 13.6 cm); sheet: 9 15/16 x 6 1/2" (25 x 16.6 cm)",Print,"Drawings & Prints",1990-05-02,https://www.moma.org/collection/works/63052,https://www.moma.org/media/W1siZiIsIjE1NTUyOSJdLFsicCIsImNvbnZlcnQiLCItcmVzaXplIDEwMjR4MTAyNFx1MDAzZSJdXQ.jpg?sha=2b6427f4957f23f1,"MoMA, Floor 4, 402"
63260,"Shock Troops Advance under Gas (Sturmtruppe geht unter Gas vor) from The War (Der Krieg)",1559,1924,"Etching, aquatint, and drypoint from a portfolio of fifty etching, aquatint, and drypoints","plate: 7 5/8 x 11 5/16" (19.3 x 28.8 cm); sheet: 13 11/16 x 18 5/8" (34.8 x 47.3 cm)",Print,"Drawings & Prints",1934-07-02,https://www.moma.org/collection/works/63260,https://www.moma.org/media/W1siZiIsIjExNjQ1NyJdLFsicCIsImNvbnZlcnQiLCItcmVzaXplIDEwMjR4MTAyNFx1MDAzZSJdXQ.jpg?sha=1f8aec9375510ac7,"MoMA, Floor 5, 505"
63263,"Lens Being Bombed (Lens wird mit Bomben belegt) from The War (Der Krieg)",1559,1924,"Etching and drypoint from a portfolio of fifty etching, aquatint and drypoints","plate: 11 3/4 x 9 5/8" (29.8 x 24.5 cm); sheet: 18 9/16 x 13 3/4" (47.2 x 35 cm)",Print,"Drawings & Prints",1934-07-02,https://www.moma.org/collection/works/63263,https://www.moma.org/media/W1siZiIsIjExNjQyOSJdLFsicCIsImNvbnZlcnQiLCItcmVzaXplIDEwMjR4MTAyNFx1MDAzZSJdXQ.jpg?sha=42fce93998010960,"MoMA, Floor 5, 505"
64278,"Untitled from Flowers",6246,1970,"One from a portfolio of ten screenprints","composition and sheet:  36 1/8 x 36 1/16" (91 x 91.6 cm)",Print,"Drawings & Prints",1970-05-12,https://www.moma.org/collection/works/64278,https://www.moma.org/media/W1siZiIsIjEyOTM1NCJdLFsicCIsImNvbnZlcnQiLCItcmVzaXplIDEwMjR4MTAyNFx1MDAzZSJdXQ.jpg?sha=ceec293cfdd5c955,"MoMA, Floor 4, 413"
64280,"Untitled from Flowers",6246,1970,"One from a portfolio of ten screenprints","composition and sheet: 36 1/8 x 36 1/16" (91.8 x 91.6cm)",Print,"Drawings & Prints",1970-05-12,https://www.moma.org/collection/works/64280,https://www.moma.org/media/W1siZiIsIjEyOTM2MyJdLFsicCIsImNvbnZlcnQiLCItcmVzaXplIDEwMjR4MTAyNFx1MDAzZSJdXQ.jpg?sha=8dfe6fecd410a4d3,"MoMA, Floor 4, 413"
64283,"Untitled from Flowers",6246,1970,"One from a portfolio of ten screenprints","composition and sheet: 36 1/8 x 36 1/16" (91.8 x 91.6cm)",Print,"Drawings & Prints",1970-05-12,https://www.moma.org/collection/works/64283,https://www.moma.org/media/W1siZiIsIjEyOTM1NyJdLFsicCIsImNvbnZlcnQiLCItcmVzaXplIDEwMjR4MTAyNFx1MDAzZSJdXQ.jpg?sha=597e278a9fab446d,"MoMA, Floor 4, 413"
64284,"Untitled from Flowers",6246,1970,"One from a portfolio of ten screenprints","composition and sheet: 36 1/8 x 36 1/16" (91.8 x 91.6cm)",Print,"Drawings & Prints",1970-05-12,https://www.moma.org/collection/works/64284,https://www.moma.org/media/W1siZiIsIjEyOTM1OCJdLFsicCIsImNvbnZlcnQiLCItcmVzaXplIDEwMjR4MTAyNFx1MDAzZSJdXQ.jpg?sha=e3fbca4924f14b76,"MoMA, Floor 4, 413"
64285,"Untitled from Flowers",6246,1970,"One from a portfolio of ten screenprints","composition and sheet: 36 1/8 x 36 1/16" (91.8 x 91.6cm)",Print,"Drawings & Prints",1970-05-12,https://www.moma.org/collection/works/64285,https://www.moma.org/media/W1siZiIsIjEyOTM1OSJdLFsicCIsImNvbnZlcnQiLCItcmVzaXplIDEwMjR4MTAyNFx1MDAzZSJdXQ.jpg?sha=301000d6571380fd,"MoMA, Floor 4, 413"
64286,"Untitled from Flowers",6246,1970,"One from a portfolio of ten screenprints","composition and sheet: 36 1/8 x 36 1/16" (91.8 x 91.6cm)",Print,"Drawings & Prints",1970-05-12,https://www.moma.org/collection/works/64286,https://www.moma.org/media/W1siZiIsIjEyOTM2MCJdLFsicCIsImNvbnZlcnQiLCItcmVzaXplIDEwMjR4MTAyNFx1MDAzZSJdXQ.jpg?sha=1bec29e523586341,"MoMA, Floor 4, 413"
64959,"Take One",153,1985–87,"Stencil on torn-and-pasted paper","composition (irreg.): 40 13/16 x 29 1/4" (103.7 x 74.3 cm); sheet (mount): 41 5/16 x 29 1/2" (105 x 74.9 cm)",Print,"Drawings & Prints",1989-10-12,https://www.moma.org/collection/works/64959,https://www.moma.org/media/W1siZiIsIjI5ODA4NSJdLFsicCIsImNvbnZlcnQiLCItcmVzaXplIDEwMjR4MTAyNFx1MDAzZSJdXQ.jpg?sha=21e179469554b3a7,"MoMA, Floor 4, 417"
65232,"The Train",412,1975,"Photogravure and aquatint","plate: 17 11/16 x 22 1/8" (44.9 x 56.2 cm); sheet: 22 1/4 x 30 1/8" (56.5 x 76.5 cm)",Print,"Drawings & Prints",1975-10-07,https://www.moma.org/collection/works/65232,https://www.moma.org/media/W1siZiIsIjIxMDg4OCJdLFsicCIsImNvbnZlcnQiLCItcmVzaXplIDEwMjR4MTAyNFx1MDAzZSJdXQ.jpg?sha=0a9ae29f98148830,"MoMA, Floor 4, 416"
65285,"The History of Her Life Written Across Her Face",6628,1991,"Lithograph with copper leaf and collage additions","composition (irreg.): 29 15/16 x 29 5/8" (76 x 75.3 cm); sheet: 32 5/16 x 29 5/8" (82 x 75.3 cm)",Print,"Drawings & Prints",1991-10-16,https://www.moma.org/collection/works/65285,https://www.moma.org/media/W1siZiIsIjU3ODUzNyJdLFsicCIsImNvbnZlcnQiLCItcmVzaXplIDEwMjR4MTAyNFx1MDAzZSJdXQ.jpg?sha=eabca752aab4a8eb,"MoMA, Floor 3, 3 East"
65451,"Untitled from the Ken Moody Portfolio",3745,1985,"Photogravure with watercolor additions","plate: 22 9/16 x 18 13/16" (57.3 x 47.8 cm); sheet: 29 9/16 x 24 13/16" (75.1 x 63 cm)",Print,"Drawings & Prints",1991-10-16,https://www.moma.org/collection/works/65451,https://www.moma.org/media/W1siZiIsIjI1NDY1MSJdLFsicCIsImNvbnZlcnQiLCItcmVzaXplIDEwMjR4MTAyNFx1MDAzZSJdXQ.jpg?sha=564b968f6ce66200,"MoMA, Floor 5, 510"
65505,"Untitled from the Ken Moody Portfolio",3745,1985,"Photogravure with flocking and watercolor additions","plate: 22 3/4 x 18 5/8" (57.8 x 47.3 cm); sheet: 29 11/16 x 24 9/16" (75.4 x 62.4 cm)",Print,"Drawings & Prints",1991-10-16,https://www.moma.org/collection/works/65505,https://www.moma.org/media/W1siZiIsIjI1NDY1MiJdLFsicCIsImNvbnZlcnQiLCItcmVzaXplIDEwMjR4MTAyNFx1MDAzZSJdXQ.jpg?sha=63a95b6cd1203c05,"MoMA, Floor 5, 510"
66637,"Self-Portrait in the Hotel (Selbst im Hotel) from Trip to Berlin 1922 (Berliner Reise 1922)",429,1922,"One from a portfolio of eleven lithographs (including cover)","composition (irreg.): 17 7/8 x 12 13/16" (45.4 x 32.6 cm); sheet: 26 7/8 x 21 1/8" (68.2 x 53.7 cm)",Print,"Drawings & Prints",1951-05-24,https://www.moma.org/collection/works/66637,https://www.moma.org/media/W1siZiIsIjEyNjU5NiJdLFsicCIsImNvbnZlcnQiLCItcmVzaXplIDEwMjR4MTAyNFx1MDAzZSJdXQ.jpg?sha=b2635113ae30440d,"MoMA, Floor 5, 514"
66639,"The Chimney Sweep (Der Schornsteinfeger) from Trip to Berlin 1922 (Berliner Reise 1922)",429,1922,"One from a portfolio of eleven lithographs (including cover)","composition (irreg.): 17 3/4 x 13 1/8" (45.1 x 33.4 cm); sheet (irreg.): 26 7/8 x 21 1/4" (68.2 x 54 cm)",Print,"Drawings & Prints",1951-05-24,https://www.moma.org/collection/works/66639,https://www.moma.org/media/W1siZiIsIjExNjQ2MiJdLFsicCIsImNvbnZlcnQiLCItcmVzaXplIDEwMjR4MTAyNFx1MDAzZSJdXQ.jpg?sha=c63145dfe9fc8cb1,"MoMA, Floor 5, 514"
66640,"Self-Portrait with Suitcase (Selbstbildnis mit Koffer). Cover from Trip to Berlin 192 (Berliner Reise 1922)",429,1922,"Lithographed cover, from a portfolio of eleven lithographs (including cover)","composition (irreg.): 21 1/8 x 13 15/16" (53.6 x 35.4 cm); overall: 27 1/2 x 22 1/16 x 3 1/8" (69.9 x 56 x 8 cm)",Print,"Drawings & Prints",1951-05-24,https://www.moma.org/collection/works/66640,https://www.moma.org/media/W1siZiIsIjM4MjkxMiJdLFsicCIsImNvbnZlcnQiLCItcmVzaXplIDEwMjR4MTAyNFx1MDAzZSJdXQ.jpg?sha=a508ef163bd9040b,"MoMA, Floor 5, 514"
66641,"The Theater Lobby (Das Theaterfoyer) from Trip to Berlin 1922 (Berliner Reise 1922)",429,1922,"One from a portfolio of eleven lithographs (including cover)","composition (irreg.): 19 7/16 x 15 11/16" (49.3 x 39.8 cm); sheet (irreg.): 26 7/8 x 21 1/4" (68.3 x 54 cm)",Print,"Drawings & Prints",1951-05-24,https://www.moma.org/collection/works/66641,https://www.moma.org/media/W1siZiIsIjExNzI1NyJdLFsicCIsImNvbnZlcnQiLCItcmVzaXplIDEwMjR4MTAyNFx1MDAzZSJdXQ.jpg?sha=0d51f79ccb0dd944,"MoMA, Floor 5, 514"
66642,"Tavern (Kaschemme) from Trip to Berlin 1922 (Berliner Reise 1922)",429,1922,"One from a portfolio of eleven lithographs (including cover)","composition (irreg.): 17 3/4 x 13 1/4" (45.1 x 33.7 cm); sheet: 26 3/4 x 21 1/16" (68 x 53.5 cm)",Print,"Drawings & Prints",1951-05-24,https://www.moma.org/collection/works/66642,https://www.moma.org/media/W1siZiIsIjExNzI1OCJdLFsicCIsImNvbnZlcnQiLCItcmVzaXplIDEwMjR4MTAyNFx1MDAzZSJdXQ.jpg?sha=ab4c93b3667b4c69,"MoMA, Floor 5, 514"
66643,"Striptease (Nackttanz) fromTrip to Berlin 1922 (Berliner Reise 1922)",429,1922,"One from a portfolio of eleven lithographs (including cover)","composition (irreg.): 18 11/16 x 14 13/16" (47.4 x 37.6 cm); sheet (irreg.): 26 3/4 x 21 3/16" (68 x 53.8 cm)",Print,"Drawings & Prints",1951-05-24,https://www.moma.org/collection/works/66643,https://www.moma.org/media/W1siZiIsIjExNzI1OSJdLFsicCIsImNvbnZlcnQiLCItcmVzaXplIDEwMjR4MTAyNFx1MDAzZSJdXQ.jpg?sha=e89508c722905f03,"MoMA, Floor 5, 514"
66644,"The Ice Skater (Der Schlittschuhläufer) fromTrip to Berlin 1922 (Berliner Reise 1922)",429,1922,"One from a portfolio of eleven lithographs (including cover)","composition (irreg.): 19 1/2 x 14 3/16" (49.5 x 36.1 cm); sheet (irreg.): 26 7/8 x 21 3/16" (68.3 x 53.8 cm)",Print,"Drawings & Prints",1951-05-24,https://www.moma.org/collection/works/66644,https://www.moma.org/media/W1siZiIsIjExNzI2MCJdLFsicCIsImNvbnZlcnQiLCItcmVzaXplIDEwMjR4MTAyNFx1MDAzZSJdXQ.jpg?sha=ef15c5374b722380,"MoMA, Floor 5, 514"
66645,"The Disillusioned II (Die Enttäuschten II) from Trip to Berlin 1922 (Berliner Reise 1922)",429,1922,"One from a portfolio of eleven lithographs (including cover)","composition (irreg.): 18 3/4 x 15 3/16" (47.6 x 38.6 cm); sheet (irreg.): 26 15/16 x 21 1/8" (68.4 x 53.7 cm)",Print,"Drawings & Prints",1951-05-24,https://www.moma.org/collection/works/66645,https://www.moma.org/media/W1siZiIsIjExNzI2MSJdLFsicCIsImNvbnZlcnQiLCItcmVzaXplIDEwMjR4MTAyNFx1MDAzZSJdXQ.jpg?sha=4d86a98277cead6f,"MoMA, Floor 5, 514"
66646,"The Disillusioned I (Die Enttäuschten I) from Trip to Berlin 1922 (Berliner Reise 1922)",429,1922,"One from a portfolio of eleven lithographs (including cover)","composition (irreg.): 19 1/4 x 14 5/8" (48.9 x 37.2 cm); sheet: 26 3/4 x 21 1/16" (68 x 53.5 cm)",Print,"Drawings & Prints",1951-05-24,https://www.moma.org/collection/works/66646,https://www.moma.org/media/W1siZiIsIjExNjQ2MyJdLFsicCIsImNvbnZlcnQiLCItcmVzaXplIDEwMjR4MTAyNFx1MDAzZSJdXQ.jpg?sha=1be6da934151a862,"MoMA, Floor 5, 514"
66647,"Night (Die Nacht) from Trip to Berlin 1922 (Berliner Reise 1922)",429,1922,"One from a portfolio of eleven lithographs (including cover)","composition (irreg.): 17 15/16 x 14" (45.6 x 35.5 cm); sheet: 26 7/8 x 21 3/16" (68.3 x 53.8 cm)",Print,"Drawings & Prints",1951-05-24,https://www.moma.org/collection/works/66647,https://www.moma.org/media/W1siZiIsIjExNjQ2NCJdLFsicCIsImNvbnZlcnQiLCItcmVzaXplIDEwMjR4MTAyNFx1MDAzZSJdXQ.jpg?sha=569252219a2c40f2,"MoMA, Floor 5, 514"
66648,"The Beggars (Die Bettler) from Trip to Berlin 1922 (Berliner Reise 1922)",429,1922,"One from a portfolio of eleven lithographs (including cover)","composition (irreg.): 18 3/8 x 13 1/8" (46.7 x 33.4 cm); sheet (irreg.): 26 15/16 x 21 1/16" (68.5 x 53.5 cm)",Print,"Drawings & Prints",1951-05-24,https://www.moma.org/collection/works/66648,https://www.moma.org/media/W1siZiIsIjExNjQ2NSJdLFsicCIsImNvbnZlcnQiLCItcmVzaXplIDEwMjR4MTAyNFx1MDAzZSJdXQ.jpg?sha=11c4cd181b74b68d,"MoMA, Floor 5, 514"
66744,"The Little Laundry Girl (La petite blanchisseuse)",665,1896,"Lithograph from a portfolio by various artists","composition: 11 5/8 x 7 7/8" (29.5 x 20 cm); sheet: 22 1/2 x 16 5/8" (57.2 x 42.3 cm)",Print,"Drawings & Prints",1948-10-06,https://www.moma.org/collection/works/66744,https://www.moma.org/media/W1siZiIsIjIxMTA0MiJdLFsicCIsImNvbnZlcnQiLCItcmVzaXplIDEwMjR4MTAyNFx1MDAzZSJdXQ.jpg?sha=d1f4a6c5c3937c43,"MoMA, Floor 5, 501"
66753,Untitled,2776,1970,Lithograph,"composition and sheet: 21 5/8 × 30 3/16" (54.9 × 76.7 cm)
",Print,"Drawings & Prints",1974-01-10,https://www.moma.org/collection/works/66753,https://www.moma.org/media/W1siZiIsIjQ5NjU5OSJdLFsicCIsImNvbnZlcnQiLCItcmVzaXplIDEwMjR4MTAyNFx1MDAzZSJdXQ.jpg?sha=e16e1e7b17963050,"MoMA, Floor 4, 420"
66785,Untitled,2776,1970,Lithograph,"composition and sheet: 30 1/16 × 22 1/16" (76.3 × 56 cm)
",Print,"Drawings & Prints",NULL,https://www.moma.org/collection/works/66785,https://www.moma.org/media/W1siZiIsIjQ5NjYwMCJdLFsicCIsImNvbnZlcnQiLCItcmVzaXplIDEwMjR4MTAyNFx1MDAzZSJdXQ.jpg?sha=07014e94a94a9ec3,"MoMA, Floor 4, 420"
67167,"Young Woman on Balcony, Looking at Parakeets (Jeune femme au balcon, observant des perruches)",3832,1929,"Etching with chine collé","plate: 9 3/8 x 6 9/16" (23.8 x 16.7 cm); sheet: 14 9/16 x 11 1/8" (37 x 28.3 cm)",Print,"Drawings & Prints",1958-12-19,https://www.moma.org/collection/works/67167,https://www.moma.org/media/W1siZiIsIjE2NDE1MSJdLFsicCIsImNvbnZlcnQiLCItcmVzaXplIDEwMjR4MTAyNFx1MDAzZSJdXQ.jpg?sha=e7244d9272ba705a,"MoMA, Floor 5, 506"
67580,"Cigar Box",4945,1967,"Multiple of wood, canvas, paper, and plexiglass, with screenprint, paint, and collage additions","overall (open): 13 3/16 × 15 15/16 × 13 7/8" (33.5 × 40.5 × 35.3 cm)",Multiple,"Drawings & Prints",1989-12-31,https://www.moma.org/collection/works/67580,https://www.moma.org/media/W1siZiIsIjIxMTE1MSJdLFsicCIsImNvbnZlcnQiLCItcmVzaXplIDEwMjR4MTAyNFx1MDAzZSJdXQ.jpg?sha=6b9d3dd2216d7af8,"MoMA, Floor 4, 408"
68107,Composition,6165,1927,"Aquatint and roulette","plate: 19 5/8 x 13 1/2" (49.8 x 34.3cm); sheet: 28 3/4 x 22 1/4" (73.1 x 56.5cm)",Print,"Drawings & Prints",1948-10-06,https://www.moma.org/collection/works/68107,https://www.moma.org/media/W1siZiIsIjI0OTQ4OCJdLFsicCIsImNvbnZlcnQiLCItcmVzaXplIDEwMjR4MTAyNFx1MDAzZSJdXQ.jpg?sha=935f3428fc330c07,"MoMA, Floor 5, 513"
68232,"Dragonfly from Revolving Doors",3716,1926,"One from a portfolio of ten pochoirs","composition (irreg.): 15 13/16 x 5 11/16" (40.1 x 14.5 cm); sheet: 22 1/16 x 14 15/16" (56 x 37.9 cm)",Print,"Drawings & Prints",1988-10-25,https://www.moma.org/collection/works/68232,https://www.moma.org/media/W1siZiIsIjIxODUyNiJdLFsicCIsImNvbnZlcnQiLCItcmVzaXplIDEwMjR4MTAyNFx1MDAzZSJdXQ.jpg?sha=ce96dc37c6e3874d,"MoMA, Floor 5, 513"
68240,"Concrete Mixer from Revolving Doors",3716,1926,"One from a portfolio of ten pochoirs","composition (irreg.): 20 1/2 x 10 3/16" (52 x 25.8 cm); sheet: 21 5/8 x 15" (55 x 38.1 cm)",Print,"Drawings & Prints",1988-10-25,https://www.moma.org/collection/works/68240,https://www.moma.org/media/W1siZiIsIjIxODUzNSJdLFsicCIsImNvbnZlcnQiLCItcmVzaXplIDEwMjR4MTAyNFx1MDAzZSJdXQ.jpg?sha=ef59e854740bddde,"MoMA, Floor 5, 513"
68742,"Come Sunday from 1776 USA 1976 Bicentennial Prints",412,"1975, published 1976","One lithograph from a portfolio of six lithographs, five screenprints and one aquatint","composition and sheet: 27 7/8 x 21 1/2" (70.8 x 54.6cm)",Print,"Drawings & Prints",1977-11-10,https://www.moma.org/collection/works/68742,https://www.moma.org/media/W1siZiIsIjM0Mzc5OCJdLFsicCIsImNvbnZlcnQiLCItcmVzaXplIDEwMjR4MTAyNFx1MDAzZSJdXQ.jpg?sha=f2501fb1eb09235a,"MoMA, Floor 4, 416"
69068,"Plate 7 of 9, from the illustrated book, He Disappeared into Complete Silence",710,1946-1947,"Engraving and drypoint","plate: 7 × 5 7/16" (17.8 × 13.8 cm); sheet: 13 × 10" (33 × 25.4 cm)",Print,"Drawings & Prints",1993-11-17,https://www.moma.org/collection/works/69068,https://www.moma.org/media/W1siZiIsIjE1ODM1NyJdLFsicCIsImNvbnZlcnQiLCItcmVzaXplIDEwMjR4MTAyNFx1MDAzZSJdXQ.jpg?sha=1a0ce2c62da00bd1,"MoMA, Floor 5, 517"
69837,Worm,5486,1992,"Photogravure, etching, aquatint with cut-outs and collage","composition (irreg.) and sheet: 61 5/8 x 42 5/8" (156.5 x 108.3 cm)",Print,"Drawings & Prints",1992-11-04,https://www.moma.org/collection/works/69837,https://www.moma.org/media/W1siZiIsIjUyNzcwMiJdLFsicCIsImNvbnZlcnQiLCItcmVzaXplIDEwMjR4MTAyNFx1MDAzZSJdXQ.jpg?sha=41f5af1c19f5ca5a,"MoMA, Floor 3, 3 East"
70094,"Fourth Stone",670,1963,Lithograph,"composition (irreg.): 38 3/16 x 29 3/16" (97 x 74.2 cm); sheet: 41 9/16 x 29 3/4" (105.6 x 75.6 cm)",Print,"Drawings & Prints",1963-10-08,https://www.moma.org/collection/works/70094,https://www.moma.org/media/W1siZiIsIjE3Njk5MSJdLFsicCIsImNvbnZlcnQiLCItcmVzaXplIDEwMjR4MTAyNFx1MDAzZSJdXQ.jpg?sha=ec4ceb94826d810a,"MoMA, Floor 3, 3 East"
71674,"The Two Sisters-in-Law (Les deux belles-soeurs) from Landscapes and Interiors (Paysages et intérieurs)",6194,1899,"Lithograph from a portfolio of twelve lithographs and lithographed cover","composition: 14 1/2 x 11 9/16" (36.8 x 29.4 cm); sheet: 15 1/8 x 12 3/8" (38.4 x 31.5 cm)",Print,"Drawings & Prints",NULL,https://www.moma.org/collection/works/71674,https://www.moma.org/media/W1siZiIsIjE3Nzg1MyJdLFsicCIsImNvbnZlcnQiLCItcmVzaXplIDEwMjR4MTAyNFx1MDAzZSJdXQ.jpg?sha=f90a444d859f66dc,"MoMA, Floor 5, 501"
71676,"The Avenue (L'Avenue) from Landscapes and Interiors (Paysages et intérieurs)",6194,1899,"Lithograph from a portfolio of twelve lithographs and lithographed cover","composition (irreg.): 12 1/4 x 16 5/16" (31.1 x 41.4 cm); sheet: 12 5/8 x 17 5/16" (32 x 44 cm)",Print,"Drawings & Prints",1940-04-05,https://www.moma.org/collection/works/71676,https://www.moma.org/media/W1siZiIsIjIwOTEzMyJdLFsicCIsImNvbnZlcnQiLCItcmVzaXplIDEwMjR4MTAyNFx1MDAzZSJdXQ.jpg?sha=118e665354cb379c,"MoMA, Floor 5, 501"
72949,"Under the Horse-Chestnut Tree",1016,1896–97,"Drypoint and aquatint","plate: 15 15/16 x 11 5/16" (40.5 x 28.7 cm); sheet: 19 11/16 x 15 3/8" (50 x 39 cm)",Print,"Drawings & Prints",1940-04-05,https://www.moma.org/collection/works/72949,https://www.moma.org/media/W1siZiIsIjIyNDE5MiJdLFsicCIsImNvbnZlcnQiLCItcmVzaXplIDEwMjR4MTAyNFx1MDAzZSJdXQ.jpg?sha=3e4855c3d7477881,"MoMA, Floor 5, 501"
73480,"Coenties Slip",1182,1928,Lithograph,"Comp. 13 5/16 x 16 13/16" (33.8 x 42.8 cm)",Print,"Drawings & Prints",1940-04-05,https://www.moma.org/collection/works/73480,https://www.moma.org/media/W1siZiIsIjI2MjQ3MCJdLFsicCIsImNvbnZlcnQiLCItcmVzaXplIDEwMjR4MTAyNFx1MDAzZSJdXQ.jpg?sha=f915a909019ff280,"MoMA, Floor 5, 516"
78296,"The Bather",1053,"c. 1885","Oil on canvas","50 x 38 1/8" (127 x 96.8 cm)",Painting,"Painting & Sculpture",1934-09-23,https://www.moma.org/collection/works/78296,https://www.moma.org/media/W1siZiIsIjQ0NjA2NyJdLFsicCIsImNvbnZlcnQiLCItcmVzaXplIDEwMjR4MTAyNFx1MDAzZSJdXQ.jpg?sha=c6bd692fa0fe0685,"MoMA, Floor 2, 2 South"
78310,"Composition in White, Black, and Red",4057,"Paris 1936","Oil on canvas","40 1/4 x 41" (102.2 x 104.1 cm)",Painting,"Painting & Sculpture",1937-01-15,https://www.moma.org/collection/works/78310,https://www.moma.org/media/W1siZiIsIjI2NTc5NiJdLFsicCIsImNvbnZlcnQiLCItcmVzaXplIDEwMjR4MTAyNFx1MDAzZSJdXQ.jpg?sha=5be41d1b44a043ed,"MoMA, Floor 5, 512"
78311,"Girl before a Mirror",4609,"Paris, March 14, 1932","Oil on canvas","64 x 51 1/4" (162.3 x 130.2 cm)",Painting,"Painting & Sculpture",1937-12-17,https://www.moma.org/collection/works/78311,https://www.moma.org/media/W1siZiIsIjIwMzk0MCJdLFsicCIsImNvbnZlcnQiLCItcmVzaXplIDEwMjR4MTAyNFx1MDAzZSJdXQ.jpg?sha=ce18fbf31c41a4f0,"MoMA, Floor 5, 517"
78323,"Portrait of Meijer de Haan",2098,1889,"Oil on wood","31 3/8 x 20 3/8" (79.6 x 51.7 cm)",Painting,"Painting & Sculpture",1958-02-19,https://www.moma.org/collection/works/78323,https://www.moma.org/media/W1siZiIsIjE1MTI0OCJdLFsicCIsImNvbnZlcnQiLCItcmVzaXplIDEwMjR4MTAyNFx1MDAzZSJdXQ.jpg?sha=37537645a1b79b4d,"MoMA, Floor 5, 501"
78331,"Dr. Mayer-Hermann",1559,"Berlin 1926","Oil and tempera on wood","58 3/4 x 39" (149.2 x 99.1 cm)",Painting,"Painting & Sculpture",1932-06-08,https://www.moma.org/collection/works/78331,https://www.moma.org/media/W1siZiIsIjE1MTMxNSJdLFsicCIsImNvbnZlcnQiLCItcmVzaXplIDEwMjR4MTAyNFx1MDAzZSJdXQ.jpg?sha=c7b223f066353134,"MoMA, Floor 5, 514"
78333,"Self-Portrait with Cropped Hair",2963,1940,"Oil on canvas","15 3/4 x 11" (40 x 27.9 cm)",Painting,"Painting & Sculpture",1943-02-18,https://www.moma.org/collection/works/78333,https://www.moma.org/media/W1siZiIsIjQ5NDA4NSJdLFsicCIsImNvbnZlcnQiLCItcmVzaXplIDEwMjR4MTAyNFx1MDAzZSJdXQ.jpg?sha=ad6709f30ad309d1,"MoMA, Floor 5, 517"
78342,Doorstop,5021,1963,"Oil on canvas with light bulbs","60 1/8" x 6' 11 7/8" x 16 3/4"  (152.6 x 213 x 42.5 cm)",Painting,"Painting & Sculpture",1996-03-11,https://www.moma.org/collection/works/78342,https://www.moma.org/media/W1siZiIsIjIyNjYzMyJdLFsicCIsImNvbnZlcnQiLCItcmVzaXplIDEwMjR4MTAyNFx1MDAzZSJdXQ.jpg?sha=be00e0f4615331dd,"MoMA, Floor 5, 516"
78348,"I See Again in Memory My Dear Udnie",4607,"Paris, June - July 1914","Oil on canvas","8' 2 1/2" x 6' 6 1/4" (250.2 x 198.8 cm)",Painting,"Painting & Sculpture",1954-01-12,https://www.moma.org/collection/works/78348,https://www.moma.org/media/W1siZiIsIjI0MzI0MiJdLFsicCIsImNvbnZlcnQiLCItcmVzaXplIDEwMjR4MTAyNFx1MDAzZSJdXQ.jpg?sha=3eab33830c91b482,"MoMA, Floor 5, 505"
78361,"The Tree",3787,1964,"Oil and pencil on canvas","6 x 6' (182.8 x 182.8 cm)",Painting,"Painting & Sculpture",1965-01-12,https://www.moma.org/collection/works/78361,https://www.moma.org/media/W1siZiIsIjI0ODYzOCJdLFsicCIsImNvbnZlcnQiLCItcmVzaXplIDEwMjR4MTAyNFx1MDAzZSJdXQ.jpg?sha=6a94d1ae44f0fbcf,"MoMA, Floor 5, 516"
78367,Departure,429,"Frankfurt 1932, Berlin 1933-35","Oil on canvas, three panels","Side panels 7' 3/4" x 39 1/4" (215.3 x 99.7 cm), center panel 7' 3/4" x 45 3/8" (215.3 x 115.2 cm)",Painting,"Painting & Sculpture",1942-01-27,https://www.moma.org/collection/works/78367,https://www.moma.org/media/W1siZiIsIjMxMTkxMyJdLFsicCIsImNvbnZlcnQiLCItcmVzaXplIDEwMjR4MTAyNFx1MDAzZSJdXQ.jpg?sha=d077b03f945273d9,"MoMA, Floor 5, 522"
78386,"One: Number 31, 1950",4675,1950,"Oil and enamel paint on canvas","8' 10" x 17' 5 5/8" (269.5 x 530.8 cm)",Painting,"Painting & Sculpture",1968-01-10,https://www.moma.org/collection/works/78386,https://www.moma.org/media/W1siZiIsIjQ3ODMxNyJdLFsicCIsImNvbnZlcnQiLCItcmVzaXplIDEwMjR4MTAyNFx1MDAzZSJdXQ.jpg?sha=8e1103091f54a82d,"MoMA, Floor 4, 401"
78393,"Target with Four Faces",2923,1955,"Encaustic on newspaper and cloth over canvas surmounted by four tinted-plaster faces in wood box with hinged front","Overall, with box open, 33 5/8 x 26 x 3" (85.3 x 66 x 7.6 cm); canvas 26 x 26" (66 x 66 cm); box (closed) 3 3/4 x 26 x 3 1/2" (9.5 x 66 x 8.8 cm)",Painting,"Painting & Sculpture",1958-02-19,https://www.moma.org/collection/works/78393,https://www.moma.org/media/W1siZiIsIjUxODAzMiJdLFsicCIsImNvbnZlcnQiLCItcmVzaXplIDEwMjR4MTAyNFx1MDAzZSJdXQ.jpg?sha=1e6d1e8ce98e3ba3,"MoMA, Floor 4, 408"
78403,"Running White",3048,1959,"Oil on canvas","7' 4" x 68" (223.6 x 172.2 cm)",Painting,"Painting & Sculpture",1960-02-10,https://www.moma.org/collection/works/78403,https://www.moma.org/media/W1siZiIsIjE1MTUzOCJdLFsicCIsImNvbnZlcnQiLCItcmVzaXplIDEwMjR4MTAyNFx1MDAzZSJdXQ.jpg?sha=e466a1c82d9d7bbf,"MoMA, Floor 5, 516"
78411,"The Park",3147,"1910 or earlier","Oil on canvas","43 1/2 x 43 1/2" (110.4 x 110.4 cm)",Painting,"Painting & Sculpture",1957-02-27,https://www.moma.org/collection/works/78411,https://www.moma.org/media/W1siZiIsIjQ1ODAxOCJdLFsicCIsImNvbnZlcnQiLCItcmVzaXplIDEwMjR4MTAyNFx1MDAzZSJdXQ.jpg?sha=ec79aee7b048b801,"MoMA, Floor 5, 504"
78420,"Exit the Ballets Russes",6624,1914,"Oil on canvas","53 3/4 x 39 1/2" (136.5 x 100.3 cm)",Painting,"Painting & Sculpture",1958-02-19,https://www.moma.org/collection/works/78420,https://www.moma.org/media/W1siZiIsIjQ3ODMxMyJdLFsicCIsImNvbnZlcnQiLCItcmVzaXplIDEwMjR4MTAyNFx1MDAzZSJdXQ.jpg?sha=4a023173c6bcfe59,"MoMA, Floor 5, 503"
78433,"Night Fishing at Antibes",4609,"Antibes, August 1939","Oil on canvas","6' 9" x 11' 4" (205.8 x 345.4 cm)",Painting,"Painting & Sculpture",1952-01-22,https://www.moma.org/collection/works/78433,https://www.moma.org/media/W1siZiIsIjE1MTAyMyJdLFsicCIsImNvbnZlcnQiLCItcmVzaXplIDEwMjR4MTAyNFx1MDAzZSJdXQ.jpg?sha=6da3bf62103a09e7,"MoMA, Floor 5"
78435,"Gray Relief on Black",5809,1959,"Latex paint with marble dust on canvas","6' 4 5/8" x 67" (194.6 x 170 cm)",Painting,"Painting & Sculpture",1961-01-10,https://www.moma.org/collection/works/78435,https://www.moma.org/media/W1siZiIsIjUxODE5NiJdLFsicCIsImNvbnZlcnQiLCItcmVzaXplIDEwMjR4MTAyNFx1MDAzZSJdXQ.jpg?sha=63786b1dcb2b4200,"MoMA, Floor 4, 404"
78444,"Painterly Architectonic",4694,1917,"Oil on canvas","31 1/2 x 38 5/8" (80 x 98 cm)",Painting,"Painting & Sculpture",1958-02-19,https://www.moma.org/collection/works/78444,https://www.moma.org/media/W1siZiIsIjI0MjMyMSJdLFsicCIsImNvbnZlcnQiLCItcmVzaXplIDEwMjR4MTAyNFx1MDAzZSJdXQ.jpg?sha=ff2c40ebbee73fad,"MoMA, Floor 5, 507"
78450,"Personage, with Yellow Ochre and White",4126,1947,"Oil on canvas","6' x 54" (182.8 x 137 cm)",Painting,"Painting & Sculpture",1957-02-27,https://www.moma.org/collection/works/78450,https://www.moma.org/media/W1siZiIsIjE1MTA0OCJdLFsicCIsImNvbnZlcnQiLCItcmVzaXplIDEwMjR4MTAyNFx1MDAzZSJdXQ.jpg?sha=c871b532579ad534,"MoMA, Floor 4, 402"
78454,"Pines and Rocks (Fontainebleau?)",1053,"c. 1897","Oil on canvas","32 x 25 3/4" (81.3 x 65.4 cm)",Painting,"Painting & Sculpture",1934-09-23,https://www.moma.org/collection/works/78454,https://www.moma.org/media/W1siZiIsIjQ3NjkwMiJdLFsicCIsImNvbnZlcnQiLCItcmVzaXplIDEwMjR4MTAyNFx1MDAzZSJdXQ.jpg?sha=7905968f6c7bd0f1,"MoMA, Floor 2, 2 South"
78469,"Still Life with Ginger Jar, Sugar Bowl, and Oranges",1053,1902-06,"Oil on canvas","23 7/8 x 28 7/8" (60.6 x 73.3 cm)",Painting,"Painting & Sculpture",1934-09-23,https://www.moma.org/collection/works/78469,https://www.moma.org/media/W1siZiIsIjQ2ODMxNCJdLFsicCIsImNvbnZlcnQiLCItcmVzaXplIDEwMjR4MTAyNFx1MDAzZSJdXQ.jpg?sha=034f552a2a019789,"MoMA, Floor 2, 2 South"
78485,"No. 16 (Red, Brown, and Black)",5047,1958,"Oil on canvas","8' 10 5/8" x 9' 9 1/4" (270.8 x 297.8 cm)",Painting,"Painting & Sculpture",1959-03-02,https://www.moma.org/collection/works/78485,https://www.moma.org/media/W1siZiIsIjE1MTExMiJdLFsicCIsImNvbnZlcnQiLCItcmVzaXplIDEwMjR4MTAyNFx1MDAzZSJdXQ.jpg?sha=2c6cc055f7bc8fa7,"MoMA, Floor 4, 403"
78486,"Still Life with Apples",1053,1895-98,"Oil on canvas","27 x 36 1/2" (68.6 x 92.7 cm)",Painting,"Painting & Sculpture",1934-09-23,https://www.moma.org/collection/works/78486,https://www.moma.org/media/W1siZiIsIjQ1NzQ0OSJdLFsicCIsImNvbnZlcnQiLCItcmVzaXplIDEwMjR4MTAyNFx1MDAzZSJdXQ.jpg?sha=cbabe6f201d42192,"MoMA, Floor 2, 2 South"
78497,Painting,5538,"August 1, 1956","Oil on canvas","59 1/4" x 6' 4 3/4" (150.5 x 195 cm)",Painting,"Painting & Sculpture",1959-03-02,https://www.moma.org/collection/works/78497,https://www.moma.org/media/W1siZiIsIjE3NTk4MyJdLFsicCIsImNvbnZlcnQiLCItcmVzaXplIDEwMjR4MTAyNFx1MDAzZSJdXQ.jpg?sha=6c3b148543befd50,"MoMA, Floor 4, 401"
78507,"Family Picture",429,"Frankfurt 1920","Oil on canvas","25 5/8 x 39 3/4" (65.1 x 100.9 cm)",Painting,"Painting & Sculpture",1935-06-04,https://www.moma.org/collection/works/78507,https://www.moma.org/media/W1siZiIsIjE1MTE3OSJdLFsicCIsImNvbnZlcnQiLCItcmVzaXplIDEwMjR4MTAyNFx1MDAzZSJdXQ.jpg?sha=ba5c7f11be367c93,"MoMA, Floor 5, 514"
78512,Kabuki,5719,1958,"Oil on canvas","57 1/2 x 44 5/8" (145.8 x 113.3 cm)",Painting,"Painting & Sculpture",1959-03-02,https://www.moma.org/collection/works/78512,https://www.moma.org/media/W1siZiIsIjE3MTQwMyJdLFsicCIsImNvbnZlcnQiLCItcmVzaXplIDEwMjR4MTAyNFx1MDAzZSJdXQ.jpg?sha=9a414b05197bcdb3,"MoMA, Floor 4, 404"
78526,"The World War had caused a great shortage in Northern industry and also citizens of foreign countries were returning home",3418,1940-41,"Casein tempera on hardboard","12 x 18" (30.5 x 45.7 cm)",Painting,"Painting & Sculpture",1942-01-27,https://www.moma.org/collection/works/78526,https://www.moma.org/media/W1siZiIsIjMwNTAxNiJdLFsicCIsImNvbnZlcnQiLCItcmVzaXplIDEwMjR4MTAyNFx1MDAzZSJdXQ.jpg?sha=dcabe3815220c864,"MoMA, Floor 5, 520"
78528,"In many of the communities the Negro press was read continually because of its attitude and its encouragement of the movement",3418,1940-41,"Casein tempera on hardboard","18 x 12" (45.7 x 30.5 cm)",Painting,"Painting & Sculpture",1942-01-27,https://www.moma.org/collection/works/78528,https://www.moma.org/media/W1siZiIsIjMwNTAxNyJdLFsicCIsImNvbnZlcnQiLCItcmVzaXplIDEwMjR4MTAyNFx1MDAzZSJdXQ.jpg?sha=e0f176271f83c5e0,"MoMA, Floor 5, 520"
78529,"Another of the social causes of the migrants' leaving was that at times they did not feel safe, or it was not the best thing to be found on the streets late at night. They were arrested on the slightest provocation",3418,1940-41,"Casein tempera on hardboard","12 x 18" (30.5 x 45.7 cm)",Painting,"Painting & Sculpture",1942-01-27,https://www.moma.org/collection/works/78529,https://www.moma.org/media/W1siZiIsIjMwNTAxOCJdLFsicCIsImNvbnZlcnQiLCItcmVzaXplIDEwMjR4MTAyNFx1MDAzZSJdXQ.jpg?sha=07be91762bd01f3d,"MoMA, Floor 5, 520"
78530,"Child labor and a lack of education was one of the other reasons for people wishing to leave their homes",3418,1940-41,"Casein tempera on hardboard","12 x 18" (30.5 x 45.7 cm)",Painting,"Painting & Sculpture",1942-01-27,https://www.moma.org/collection/works/78530,https://www.moma.org/media/W1siZiIsIjMxMDMxOSJdLFsicCIsImNvbnZlcnQiLCItcmVzaXplIDEwMjR4MTAyNFx1MDAzZSJdXQ.jpg?sha=701f977259a9564d,"MoMA, Floor 5, 520"
78531,"And people all over the South began to discuss this great movement",3418,1940-41,"Casein tempera on hardboard","18 x 12" (45.7 x 30.5 cm)",Painting,"Painting & Sculpture",1942-01-27,https://www.moma.org/collection/works/78531,https://www.moma.org/media/W1siZiIsIjMwNTAxOSJdLFsicCIsImNvbnZlcnQiLCItcmVzaXplIDEwMjR4MTAyNFx1MDAzZSJdXQ.jpg?sha=6746fc5c0c9ce2e7,"MoMA, Floor 5, 520"
78532,"The labor agent who had been sent South by Northern industry was a very familiar person in the Negro counties",3418,1940-41,"Casein tempera on hardboard","18 x 12" (45.7 x 30.5 cm)",Painting,"Painting & Sculpture",1942-01-27,https://www.moma.org/collection/works/78532,https://www.moma.org/media/W1siZiIsIjMxMTg5OCJdLFsicCIsImNvbnZlcnQiLCItcmVzaXplIDEwMjR4MTAyNFx1MDAzZSJdXQ.jpg?sha=acec99e68c0581d9,"MoMA, Floor 5, 520"
78533,"In every home people who had not gone North met and tried to decide if they should go North or not",3418,1940-41,"Casein tempera on hardboard","12 x 18" (30.5 x 45.7 cm)",Painting,"Painting & Sculpture",1942-01-27,https://www.moma.org/collection/works/78533,https://www.moma.org/media/W1siZiIsIjMwNTAyMCJdLFsicCIsImNvbnZlcnQiLCItcmVzaXplIDEwMjR4MTAyNFx1MDAzZSJdXQ.jpg?sha=58ce4a0a98f2da04,"MoMA, Floor 5, 520"
78534,"The railroad stations in the South were crowded with people leaving for the North",3418,1940-41,"Casein tempera on hardboard","12 x 18" (30.5 x 45.7 cm)",Painting,"Painting & Sculpture",1942-01-27,https://www.moma.org/collection/works/78534,https://www.moma.org/media/W1siZiIsIjMwNTAyMSJdLFsicCIsImNvbnZlcnQiLCItcmVzaXplIDEwMjR4MTAyNFx1MDAzZSJdXQ.jpg?sha=699fb0e772e7bae8,"MoMA, Floor 5, 520"
78535,"The Negro press was also influential in urging the people to leave the South",3418,1940-41,"Casein tempera on hardboard","18 x 12" (45.7 x 30.5 cm)",Painting,"Painting & Sculpture",1942-01-27,https://www.moma.org/collection/works/78535,https://www.moma.org/media/W1siZiIsIjMwNTAyMiJdLFsicCIsImNvbnZlcnQiLCItcmVzaXplIDEwMjR4MTAyNFx1MDAzZSJdXQ.jpg?sha=a77f03c957c05732,"MoMA, Floor 5, 520"
78536,"They arrived in great numbers into Chicago, the gateway of the West",3418,1940-41,"Casein tempera on hardboard","12 x 18" (30.5 x 45.7 cm)",Painting,"Painting & Sculpture",1942-01-27,https://www.moma.org/collection/works/78536,https://www.moma.org/media/W1siZiIsIjMwNTAyMyJdLFsicCIsImNvbnZlcnQiLCItcmVzaXplIDEwMjR4MTAyNFx1MDAzZSJdXQ.jpg?sha=cdbcc64c559b9d25,"MoMA, Floor 5, 520"
78537,"They also worked in large numbers on the railroad",3418,1940-41,"Casein tempera on hardboard","12 x 18" (30.5 x 45.7 cm)",Painting,"Painting & Sculpture",1942-01-27,https://www.moma.org/collection/works/78537,https://www.moma.org/media/W1siZiIsIjMwNTAyNCJdLFsicCIsImNvbnZlcnQiLCItcmVzaXplIDEwMjR4MTAyNFx1MDAzZSJdXQ.jpg?sha=c66c12a5eaa54bc0,"MoMA, Floor 5, 520"
78538,"The Negro was the largest source of labor to be found after all others had been exhausted",3418,1940-41,"Casein tempera on hardboard","18 x 12" (45.7 x 30.5 cm)",Painting,"Painting & Sculpture",1942-01-27,https://www.moma.org/collection/works/78538,https://www.moma.org/media/W1siZiIsIjMwNTAyNSJdLFsicCIsImNvbnZlcnQiLCItcmVzaXplIDEwMjR4MTAyNFx1MDAzZSJdXQ.jpg?sha=7d7e35ecd55f2365,"MoMA, Floor 5, 520"
78539,"The migrants arrived in great numbers",3418,1940-41,"Casein tempera on hardboard","12 x 18" (30.5 x 45.7 cm)",Painting,"Painting & Sculpture",1942-01-27,https://www.moma.org/collection/works/78539,https://www.moma.org/media/W1siZiIsIjMxNzIxMSJdLFsicCIsImNvbnZlcnQiLCItcmVzaXplIDEwMjR4MTAyNFx1MDAzZSJdXQ.jpg?sha=0042e3d970ec1e3a,"MoMA, Floor 5, 520"
78540,"They also made it very difficult for migrants leaving the South. They often went to railroad stations and arrested the Negroes wholesale, which in turn made them miss their train",3418,1940-41,"Casein tempera on hardboard","18 x 12" (45.7 x 30.5 cm)",Painting,"Painting & Sculpture",1942-01-27,https://www.moma.org/collection/works/78540,https://www.moma.org/media/W1siZiIsIjMxNzIxNSJdLFsicCIsImNvbnZlcnQiLCItcmVzaXplIDEwMjR4MTAyNFx1MDAzZSJdXQ.jpg?sha=01dbb21026f8de56,"MoMA, Floor 5, 520"
78541,"Living conditions were better in the North",3418,1940-41,"Casein tempera on hardboard","12 x 18" (30.5 x 45.7 cm)",Painting,"Painting & Sculpture",1942-01-27,https://www.moma.org/collection/works/78541,https://www.moma.org/media/W1siZiIsIjMxNzIxMiJdLFsicCIsImNvbnZlcnQiLCItcmVzaXplIDEwMjR4MTAyNFx1MDAzZSJdXQ.jpg?sha=55bf999418584327,"MoMA, Floor 5, 520"
78542,"Industries attempted to board their labor in quarters that were oftentimes very unhealthy. Labor camps were numerous",3418,1940-41,"Casein tempera on hardboard","18 x 12" (45.7 x 30.5 cm)",Painting,"Painting & Sculpture",1942-01-27,https://www.moma.org/collection/works/78542,https://www.moma.org/media/W1siZiIsIjMwNTAyNiJdLFsicCIsImNvbnZlcnQiLCItcmVzaXplIDEwMjR4MTAyNFx1MDAzZSJdXQ.jpg?sha=84825516dfe068ae,"MoMA, Floor 5, 520"
78543,"Housing for the Negroes was a very difficult problem",3418,1940-41,"Casein tempera on hardboard","18 x 12" (45.7 x 30.5 cm)",Painting,"Painting & Sculpture",1942-01-27,https://www.moma.org/collection/works/78543,https://www.moma.org/media/W1siZiIsIjMxMTg5OSJdLFsicCIsImNvbnZlcnQiLCItcmVzaXplIDEwMjR4MTAyNFx1MDAzZSJdXQ.jpg?sha=5a62277c0ff9bb1d,"MoMA, Floor 5, 520"
78544,"Race riots were very numerous all over the North because of the antagonism that was caused between the Negro and white workers. Many of these riots occurred because the Negro was used as a strike breaker in many of the Northern industries",3418,1940-41,"Casein tempera on hardboard","18 x 12" (45.7 x 30.5 cm)",Painting,"Painting & Sculpture",1942-01-27,https://www.moma.org/collection/works/78544,https://www.moma.org/media/W1siZiIsIjMwNTAyNyJdLFsicCIsImNvbnZlcnQiLCItcmVzaXplIDEwMjR4MTAyNFx1MDAzZSJdXQ.jpg?sha=4aee13d9a388d0cf,"MoMA, Floor 5, 520"
78545,"One of the largest race riots occurred in East St. Louis",3418,1940-41,"Casein tempera on hardboard","12 x 18" (30.5 x 45.7 cm)",Painting,"Painting & Sculpture",1942-01-27,https://www.moma.org/collection/works/78545,https://www.moma.org/media/W1siZiIsIjMxMTkwMCJdLFsicCIsImNvbnZlcnQiLCItcmVzaXplIDEwMjR4MTAyNFx1MDAzZSJdXQ.jpg?sha=7af3b3ff323701d2,"MoMA, Floor 5, 520"
78546,"One of the main forms of social and recreational activities in which the migrants indulged occurred in the church",3418,1940-41,"Casein tempera on hardboard","18 x 12" (45.7 x 30.5 cm)",Painting,"Painting & Sculpture",1942-01-27,https://www.moma.org/collection/works/78546,https://www.moma.org/media/W1siZiIsIjMwNTAyOCJdLFsicCIsImNvbnZlcnQiLCItcmVzaXplIDEwMjR4MTAyNFx1MDAzZSJdXQ.jpg?sha=624a1079a3e94380,"MoMA, Floor 5, 520"
78547,"Among one of the last groups to leave the South was the Negro professional who was forced to follow his clientele to make a living",3418,1940-41,"Casein tempera on hardboard","12 x 18" (30.5 x 45.7 cm)",Painting,"Painting & Sculpture",1942-01-27,https://www.moma.org/collection/works/78547,https://www.moma.org/media/W1siZiIsIjMxMTkwMSJdLFsicCIsImNvbnZlcnQiLCItcmVzaXplIDEwMjR4MTAyNFx1MDAzZSJdXQ.jpg?sha=6526a0d4f5e53a98,"MoMA, Floor 5, 520"
78548,"In the North the Negro had better educational facilities",3418,1940-41,"Casein tempera on hardboard","12 x 18" (30.5 x 45.7 cm)",Painting,"Painting & Sculpture",1942-01-27,https://www.moma.org/collection/works/78548,https://www.moma.org/media/W1siZiIsIjMwNTAyOSJdLFsicCIsImNvbnZlcnQiLCItcmVzaXplIDEwMjR4MTAyNFx1MDAzZSJdXQ.jpg?sha=8a367d3e4d29d3a5,"MoMA, Floor 5, 520"
78549,"The trains were packed continually with migrants",3418,1940-41,"Casein tempera on hardboard","18 x 12" (45.7 x 30.5 cm)",Painting,"Painting & Sculpture",1942-01-27,https://www.moma.org/collection/works/78549,https://www.moma.org/media/W1siZiIsIjMxMTkwMiJdLFsicCIsImNvbnZlcnQiLCItcmVzaXplIDEwMjR4MTAyNFx1MDAzZSJdXQ.jpg?sha=4019af136f4c0d27,"MoMA, Floor 5, 520"
78550,"And the migrants kept coming",3418,1940-41,"Casein tempera on hardboard","12 x 18" (30.5 x 45.7 cm)",Painting,"Painting & Sculpture",1942-01-27,https://www.moma.org/collection/works/78550,https://www.moma.org/media/W1siZiIsIjMxNzIxMyJdLFsicCIsImNvbnZlcnQiLCItcmVzaXplIDEwMjR4MTAyNFx1MDAzZSJdXQ.jpg?sha=45758e0d94853f1e,"MoMA, Floor 5, 520"
78551,"They did not always leave because they were promised work in the North. Many of them left because of Southern conditions, one of them being great floods that ruined the crops, and therefore they were unable to make a living where they were",3418,1940-41,"Casein tempera on hardboard","18 x 12" (45.7 x 30.5 cm)",Painting,"Painting & Sculpture",1942-01-27,https://www.moma.org/collection/works/78551,https://www.moma.org/media/W1siZiIsIjMwNTAzMCJdLFsicCIsImNvbnZlcnQiLCItcmVzaXplIDEwMjR4MTAyNFx1MDAzZSJdXQ.jpg?sha=c4997a4bee613015,"MoMA, Floor 5, 520"
78552,"They were very poor",3418,1940-41,"Casein tempera on hardboard","12 x 18" (30.5 x 45.7 cm)",Painting,"Painting & Sculpture",1942-01-27,https://www.moma.org/collection/works/78552,https://www.moma.org/media/W1siZiIsIjMwNTAzMSJdLFsicCIsImNvbnZlcnQiLCItcmVzaXplIDEwMjR4MTAyNFx1MDAzZSJdXQ.jpg?sha=9f66d9b8473cf9ef,"MoMA, Floor 5, 520"
78553,"The railroad stations were at times so over-packed with people leaving that special guards had to be called in to keep order",3418,1940-41,"Casein tempera on hardboard","12 x 18" (30.5 x 45.7 cm)",Painting,"Painting & Sculpture",1942-01-27,https://www.moma.org/collection/works/78553,https://www.moma.org/media/W1siZiIsIjMwNTAzMiJdLFsicCIsImNvbnZlcnQiLCItcmVzaXplIDEwMjR4MTAyNFx1MDAzZSJdXQ.jpg?sha=b6abd790d4a42282,"MoMA, Floor 5, 520"
78554,"Among the social conditions that existed which was partly the cause of the migration was the injustice done to the Negroes in the courts",3418,1940-41,"Casein tempera on hardboard","18 x 12" (45.7 x 30.5 cm)",Painting,"Painting & Sculpture",1942-01-27,https://www.moma.org/collection/works/78554,https://www.moma.org/media/W1siZiIsIjE1MTIyNSJdLFsicCIsImNvbnZlcnQiLCItcmVzaXplIDEwMjR4MTAyNFx1MDAzZSJdXQ.jpg?sha=2b140cd6f4e49925,"MoMA, Floor 5, 520"
78555,"Although the Negro was used to lynching, he found this an opportune time for him to leave where one had occurred",3418,1940-41,"Casein tempera on hardboard","18 x 12" (45.7 x 30.5 cm)",Painting,"Painting & Sculpture",1942-01-27,https://www.moma.org/collection/works/78555,https://www.moma.org/media/W1siZiIsIjMxNzIxNCJdLFsicCIsImNvbnZlcnQiLCItcmVzaXplIDEwMjR4MTAyNFx1MDAzZSJdXQ.jpg?sha=e642f3885dc21e72,"MoMA, Floor 5, 520"
78556,"The migration gained in momentum",3418,1940-41,"Casein tempera on hardboard","18 x 12" (45.7 x 30.5 cm)",Painting,"Painting & Sculpture",1942-01-27,https://www.moma.org/collection/works/78556,https://www.moma.org/media/W1siZiIsIjMxNzIxNiJdLFsicCIsImNvbnZlcnQiLCItcmVzaXplIDEwMjR4MTAyNFx1MDAzZSJdXQ.jpg?sha=2cb7c3fc5c1db227,"MoMA, Floor 5, 520"
78559,"Kenneth Fearing",4253,1935,"Oil on canvas","30 1/8 x 26" (76.5 x 66 cm)",Painting,"Painting & Sculpture",1988-02-07,https://www.moma.org/collection/works/78559,https://www.moma.org/media/W1siZiIsIjQ1NjM4NyJdLFsicCIsImNvbnZlcnQiLCItcmVzaXplIDEwMjR4MTAyNFx1MDAzZSJdXQ.jpg?sha=f748bc1cbfe38a7c,"MoMA, Floor 5, 522"
78565,"Italian Landscape",1402,1925,"Oil on canvas","26 1/8 x 40 1/8" (66.4 x 101.9 cm)",Painting,"Painting & Sculpture",1934-09-23,https://www.moma.org/collection/works/78565,https://www.moma.org/media/W1siZiIsIjIwODA0NyJdLFsicCIsImNvbnZlcnQiLCItcmVzaXplIDEwMjR4MTAyNFx1MDAzZSJdXQ.jpg?sha=5334217be909340b,"MoMA, Floor 2, 2 South"
78571,"The Wine Press",1402,1918,"Oil on canvas","32 1/4 x 24 1/4" (81.9 x 61.6 cm)",Painting,"Painting & Sculpture",1934-09-23,https://www.moma.org/collection/works/78571,https://www.moma.org/media/W1siZiIsIjE3Njc1NSJdLFsicCIsImNvbnZlcnQiLCItcmVzaXplIDEwMjR4MTAyNFx1MDAzZSJdXQ.jpg?sha=9c68561a597252c3,"MoMA, Floor 2, 2 South"
78586,"Rayonist Composition: Domination of Red",3389,"1912-13 (dated on painting 1911)","Oil on canvas","20 3/4 x 28 1/2" (52.7 x 72.4 cm)",Painting,"Painting & Sculpture",1936-04-15,https://www.moma.org/collection/works/78586,https://www.moma.org/media/W1siZiIsIjI0MzI0MyJdLFsicCIsImNvbnZlcnQiLCItcmVzaXplIDEwMjR4MTAyNFx1MDAzZSJdXQ.jpg?sha=4586db1a87d7f2ce,"MoMA, Floor 5, 503"
78594,"No. 10",5047,1950,"Oil on canvas","7' 6 3/8" x 57 1/8" (229.6 x 145.1 cm)",Painting,"Painting & Sculpture",1952-03-13,https://www.moma.org/collection/works/78594,https://www.moma.org/media/W1siZiIsIjE3OTMzMiJdLFsicCIsImNvbnZlcnQiLCItcmVzaXplIDEwMjR4MTAyNFx1MDAzZSJdXQ.jpg?sha=9cc4b30989d481b2,"MoMA, Floor 4, 403"
78616,"Still Life with Three Puppies",2098,1888,"Oil on wood","36 1/8 x 24 5/8" (91.8 x 62.6 cm)",Painting,"Painting & Sculpture",1952-05-20,https://www.moma.org/collection/works/78616,https://www.moma.org/media/W1siZiIsIjE1MTM0NiJdLFsicCIsImNvbnZlcnQiLCItcmVzaXplIDEwMjR4MTAyNFx1MDAzZSJdXQ.jpg?sha=e807ccb559dd75e0,"MoMA, Floor 5, 501"
78619,"The Poet Max Herrmann-Neisse",2374,1927,"Oil on canvas","23 3/8 x 29 1/8" (59.4 x 74 cm)",Painting,"Painting & Sculpture",1952-05-20,https://www.moma.org/collection/works/78619,https://www.moma.org/media/W1siZiIsIjE1NzQ3MSJdLFsicCIsImNvbnZlcnQiLCItcmVzaXplIDEwMjR4MTAyNFx1MDAzZSJdXQ.jpg?sha=f12aa0242b13d16a,"MoMA, Floor 5, 514"
78620,"Mural Painting",6624,1924,"Oil on canvas","71 x 31 1/4" (180.3 x 79.2 cm)",Painting,"Painting & Sculpture",1965-02-09,https://www.moma.org/collection/works/78620,https://www.moma.org/media/W1siZiIsIjE1MTM0OCJdLFsicCIsImNvbnZlcnQiLCItcmVzaXplIDEwMjR4MTAyNFx1MDAzZSJdXQ.jpg?sha=de8457eac2f9d7f5,"MoMA, Floor 5, 513"
78630,"Three Musicians",4609,"Fontainebleau, summer 1921","Oil on canvas","6' 7" x 7' 3 3/4" (200.7 x 222.9 cm)",Painting,"Painting & Sculpture",1949-03-24,https://www.moma.org/collection/works/78630,https://www.moma.org/media/W1siZiIsIjUzNzgyNCJdLFsicCIsImNvbnZlcnQiLCItcmVzaXplIDEwMjR4MTAyNFx1MDAzZSJdXQ.jpg?sha=5592e55349c6f551,"MoMA, Floor 5, 513"
78639,Tomb,2419,1978,"Oil on canvas","6' 6 1/8" x 6' 1 3/4" (198.4 x 187.6 cm)",Painting,"Painting & Sculpture",1981-04-07,https://www.moma.org/collection/works/78639,https://www.moma.org/media/W1siZiIsIjIxMDE1MSJdLFsicCIsImNvbnZlcnQiLCItcmVzaXplIDEwMjR4MTAyNFx1MDAzZSJdXQ.jpg?sha=b8dc8f7b07100cea,"MoMA, Floor 3"
78644,"DEC. 17, 1979",3030,1979,"Acrylic on canvas","18 3/16 × 24 3/8" (46.2 × 61.7 cm), box 2 × 25 × 18 3/4" (5.1 × 63.5 × 47.6 cm)",Painting,"Painting & Sculpture",1981-04-07,https://www.moma.org/collection/works/78644,https://www.moma.org/media/W1siZiIsIjE1MTQyMSJdLFsicCIsImNvbnZlcnQiLCItcmVzaXplIDEwMjR4MTAyNFx1MDAzZSJdXQ.jpg?sha=598d101ea70c715f,"MoMA, Floor 4, 413"
78647,"DEC. 18, 1979",3030,1979,"Acrylic on canvas","18 1/4 × 24 1/4" (46.3 × 61.6 cm), box 2 × 25 × 18 3/4" (5.1 × 63.5 × 47.6 cm)",Painting,"Painting & Sculpture",1981-04-07,https://www.moma.org/collection/works/78647,https://www.moma.org/media/W1siZiIsIjE1MTQyOCJdLFsicCIsImNvbnZlcnQiLCItcmVzaXplIDEwMjR4MTAyNFx1MDAzZSJdXQ.jpg?sha=ea70c013c9c61e5c,"MoMA, Floor 4, 413"
78656,"Lake George, Coat and Red",4360,1919,"Oil on canvas","27 3/8 x 23 1/4" (69.6 x 59 cm)",Painting,"Painting & Sculpture",1995-02-06,https://www.moma.org/collection/works/78656,https://www.moma.org/media/W1siZiIsIjE1MTQ0NCJdLFsicCIsImNvbnZlcnQiLCItcmVzaXplIDEwMjR4MTAyNFx1MDAzZSJdXQ.jpg?sha=54e49af3f1beeec5,"MoMA, Floor 5, 509"
78658,"Evening Storm, Schoodic, Maine",2521,1942,"Oil on board","30 x 40" (76.2 x 101.6 cm)",Painting,"Painting & Sculpture",1943-02-18,https://www.moma.org/collection/works/78658,https://www.moma.org/media/W1siZiIsIjIzNDkwMiJdLFsicCIsImNvbnZlcnQiLCItcmVzaXplIDEwMjR4MTAyNFx1MDAzZSJdXQ.jpg?sha=5fa37ca79c760a13,"MoMA, Floor 5, 509"
78682,"Broadway Boogie Woogie",4057,1942–43,"Oil on canvas","50 x 50" (127 x 127 cm)",Painting,"Painting & Sculpture",1943-05-12,https://www.moma.org/collection/works/78682,https://www.moma.org/media/W1siZiIsIjQ3NzIxMiJdLFsicCIsImNvbnZlcnQiLCItcmVzaXplIDEwMjR4MTAyNFx1MDAzZSJdXQ.jpg?sha=b816d329e6296b3a,"MoMA, Floor 5, 512"
78699,"Number 1A, 1948",4675,1948,"Oil and enamel paint on canvas","68" x 8' 8" (172.7 x 264.2 cm)",Painting,"Painting & Sculpture",1950-01-27,https://www.moma.org/collection/works/78699,https://www.moma.org/media/W1siZiIsIjQ3NzIxMyJdLFsicCIsImNvbnZlcnQiLCItcmVzaXplIDEwMjR4MTAyNFx1MDAzZSJdXQ.jpg?sha=5014d1076198cf17,"MoMA, Floor 4, 401"
78718,"The Reservoir, Horta de Ebro",4609,"Horta de Sant Joan, summer 1909","Oil on canvas","24 1/8 x 20 1/8" (61.5 x 51.1 cm)",Painting,"Painting & Sculpture",1991-04-08,https://www.moma.org/collection/works/78718,https://www.moma.org/media/W1siZiIsIjE1MTUwMiJdLFsicCIsImNvbnZlcnQiLCItcmVzaXplIDEwMjR4MTAyNFx1MDAzZSJdXQ.jpg?sha=a15c44c8fe832ba5,"MoMA, Floor 5, 503"
78735,"Interior with a Violin Case",3832,"Nice, winter 1918-19","Oil on canvas","28 3/4 x 23 5/8" (73 x 60 cm)",Painting,"Painting & Sculpture",1934-09-23,https://www.moma.org/collection/works/78735,https://www.moma.org/media/W1siZiIsIjUxMTg2NyJdLFsicCIsImNvbnZlcnQiLCItcmVzaXplIDEwMjR4MTAyNFx1MDAzZSJdXQ.jpg?sha=3585bb45db1df05a,"MoMA, Floor 2, 2 South"
78736,"The Anxious Journey",1106,"Paris, spring-summer 1913","Oil on canvas","29 1/4 x 42" (74.3 x 106.7 cm)",Painting,"Painting & Sculpture",1950-04-24,https://www.moma.org/collection/works/78736,https://www.moma.org/media/W1siZiIsIjQ1NjM5MCJdLFsicCIsImNvbnZlcnQiLCItcmVzaXplIDEwMjR4MTAyNFx1MDAzZSJdXQ.jpg?sha=89eadbd49cd2e4ae,"MoMA, Floor 5, 517"
78737,"Anna Zborowska",4038,1917,"Oil on canvas","51 1/4 x 32" (130.2 x 81.3 cm)",Painting,"Painting & Sculpture",1934-09-23,https://www.moma.org/collection/works/78737,https://www.moma.org/media/W1siZiIsIjE1MTUxOSJdLFsicCIsImNvbnZlcnQiLCItcmVzaXplIDEwMjR4MTAyNFx1MDAzZSJdXQ.jpg?sha=55a66f5d1d257b5e,"MoMA, Floor 2, 2 South"
78738,"The Nostalgia of the Infinite",1106,"Paris 1912-13? (dated on painting 1911)","Oil on canvas","53 1/4 x 25 1/2" (135.2 x 64.8 cm)",Painting,"Painting & Sculpture",1936-12-17,https://www.moma.org/collection/works/78738,https://www.moma.org/media/W1siZiIsIjQ1NjM5MiJdLFsicCIsImNvbnZlcnQiLCItcmVzaXplIDEwMjR4MTAyNFx1MDAzZSJdXQ.jpg?sha=fd3d47fbdbbe4777,"MoMA, Floor 5, 517"
78740,Agony,2252,1947,"Oil on canvas","40 x 50 1/2" (101.6 x 128.3 cm)",Painting,"Painting & Sculpture",1950-04-24,https://www.moma.org/collection/works/78740,https://www.moma.org/media/W1siZiIsIjIwNTMxOCJdLFsicCIsImNvbnZlcnQiLCItcmVzaXplIDEwMjR4MTAyNFx1MDAzZSJdXQ.jpg?sha=ce4160590c47edb0,"MoMA, Floor 5, 523"
78748,"Green Still Life",4609,"Avignon, summer 1914","Oil on canvas","23 1/2 x 31 1/4" (59.7 x 79.4 cm)",Painting,"Painting & Sculpture",1934-09-23,https://www.moma.org/collection/works/78748,https://www.moma.org/media/W1siZiIsIjQ2NzQ4OCJdLFsicCIsImNvbnZlcnQiLCItcmVzaXplIDEwMjR4MTAyNFx1MDAzZSJdXQ.jpg?sha=448c2195990ea93a,"MoMA, Floor 2, 2 South"
78752,"The Charnel House",4609,"Paris, 1944-45","Oil and charcoal on canvas","6' 6 5/8" x 8' 2 1/2" (199.8 x 250.1 cm)",Painting,"Painting & Sculpture",1971-03-09,https://www.moma.org/collection/works/78752,https://www.moma.org/media/W1siZiIsIjQ1NjM5MyJdLFsicCIsImNvbnZlcnQiLCItcmVzaXplIDEwMjR4MTAyNFx1MDAzZSJdXQ.jpg?sha=9c3f0616053b58b0,"MoMA, Floor 5, 522"
78756,"The Hunter (Catalan Landscape)",4016,"Montroig, July 1923-winter 1924","Oil on canvas","25 1/2 x 39 1/2" (64.8 x 100.3 cm)",Painting,"Painting & Sculpture",1936-12-27,https://www.moma.org/collection/works/78756,https://www.moma.org/media/W1siZiIsIjEyNDkzMyJdLFsicCIsImNvbnZlcnQiLCItcmVzaXplIDEwMjR4MTAyNFx1MDAzZSJdXQ.jpg?sha=b19dc20185921566,"MoMA, Floor 5, 517"
78762,"Number 40",534,1949,"Oil on canvas with wood frame","10 1/2 x 13 1/2" (26.7 x 34.3 cm)",Painting,"Painting & Sculpture",1982-04-06,https://www.moma.org/collection/works/78762,https://www.moma.org/media/W1siZiIsIjI1NjQ2MiJdLFsicCIsImNvbnZlcnQiLCItcmVzaXplIDEwMjR4MTAyNFx1MDAzZSJdXQ.jpg?sha=2cc27aa38bd8013e,"MoMA, Floor 3, 3 East"
78784,"My Grandparents, My Parents, and I",2963,1936,"Oil and tempera on zinc","12 1/8 x 13 5/8" (30.7 x 34.5 cm)",Painting,"Painting & Sculpture",1976-03-09,https://www.moma.org/collection/works/78784,https://www.moma.org/media/W1siZiIsIjQ3NTU1MiJdLFsicCIsImNvbnZlcnQiLCItcmVzaXplIDEwMjR4MTAyNFx1MDAzZSJdXQ.jpg?sha=ec510f0cceacae32,"MoMA, Floor 3, 3 East"
78787,"Road near L'Estaque",744,"L'Estaque, late summer 1908","Oil on canvas","23 3/4 x 19 3/4" (60.3 x 50.2 cm)",Painting,"Painting & Sculpture",1943-05-21,https://www.moma.org/collection/works/78787,https://www.moma.org/media/W1siZiIsIjE1MDk0NSJdLFsicCIsImNvbnZlcnQiLCItcmVzaXplIDEwMjR4MTAyNFx1MDAzZSJdXQ.jpg?sha=3408b31f82138edc,"MoMA, Floor 5, 503"
78805,Flag,2923,"1954-55  (dated on reverse 1954)","Encaustic, oil, and collage on fabric mounted on plywood, three panels","42 1/4 x 60 5/8" (107.3 x 153.8 cm)",Painting,"Painting & Sculpture",1973-02-13,https://www.moma.org/collection/works/78805,https://www.moma.org/media/W1siZiIsIjQ2NzUxNiJdLFsicCIsImNvbnZlcnQiLCItcmVzaXplIDEwMjR4MTAyNFx1MDAzZSJdXQ.jpg?sha=5d5d90c836f20622,"MoMA, Floor 4, 408"
78841,"The Silent Valley of Sunrise",412,1959,"Oil and casein on canvas","58 1/8 x 42" (147.5 x 106.5 cm)",Painting,"Painting & Sculpture",1960-05-26,https://www.moma.org/collection/works/78841,https://www.moma.org/media/W1siZiIsIjUxODE5MiJdLFsicCIsImNvbnZlcnQiLCItcmVzaXplIDEwMjR4MTAyNFx1MDAzZSJdXQ.jpg?sha=1ab082f404504a2a,"MoMA, Floor 4, 416"
78848,"Non-Objective Painting no. 80 (Black on Black)",4975,1918,"Oil and bitumen on canvas","32 1/4 x 31 1/4" (81.9 x 79.4 cm)",Painting,"Painting & Sculpture",1936-12-17,https://www.moma.org/collection/works/78848,https://www.moma.org/media/W1siZiIsIjI5MjM2MSJdLFsicCIsImNvbnZlcnQiLCItcmVzaXplIDEwMjR4MTAyNFx1MDAzZSJdXQ.jpg?sha=321ae02649a3d6b5,"MoMA, Floor 5, 508"
78886,"Icebox Number 9",5178,1963,"Oil on canvas","62 7/8" x 6' 3" (158.7 x 190.5 cm)",Painting,"Painting & Sculpture",1999-05-11,https://www.moma.org/collection/works/78886,https://www.moma.org/media/W1siZiIsIjUyODUxNSJdLFsicCIsImNvbnZlcnQiLCItcmVzaXplIDEwMjR4MTAyNFx1MDAzZSJdXQ.jpg?sha=3a6b5abd1092ccfb,"MoMA, Floor 4, 412"
78908,"The Piano Lesson",3832,"Issy-les-Moulineaux, late summer 1916","Oil on canvas","8' 1/2" x 6' 11 3/4" (245.1 x 212.7 cm)",Painting,"Painting & Sculpture",1946-05-07,https://www.moma.org/collection/works/78908,https://www.moma.org/media/W1siZiIsIjMzMDYxMCJdLFsicCIsImNvbnZlcnQiLCItcmVzaXplIDEwMjR4MTAyNFx1MDAzZSJdXQ.jpg?sha=5251896e73df6bfd,"MoMA, Floor 5, 506"
78912,"Port-en-Bessin, Entrance to the Harbor",5358,1888,"Oil on canvas","21 5/8 x 25 5/8" (54.9 x 65.1 cm)",Painting,"Painting & Sculpture",1934-09-23,https://www.moma.org/collection/works/78912,https://www.moma.org/media/W1siZiIsIjE1MTAwOCJdLFsicCIsImNvbnZlcnQiLCItcmVzaXplIDEwMjR4MTAyNFx1MDAzZSJdXQ.jpg?sha=12c0db3a8671e8bb,"MoMA, Floor 2, 2 South"
78928,"The Glory of the Kings",1753,1959?,"Oil on canvas","48" x 7' 1/4" (121.8 x 214 cm)",Painting,"Painting & Sculpture",1961-05-16,https://www.moma.org/collection/works/78928,https://www.moma.org/media/W1siZiIsIjIwODI4MCJdLFsicCIsImNvbnZlcnQiLCItcmVzaXplIDEwMjR4MTAyNFx1MDAzZSJdXQ.jpg?sha=4eb1d39548520090,"MoMA, Floor 4, 404"
78930,"Still Life with Flowers",2349,1912,"Oil on canvas","44 1/8 x 27 5/8" (112.1 x 70.2 cm)",Painting,"Painting & Sculpture",1947-06-17,https://www.moma.org/collection/works/78930,https://www.moma.org/media/W1siZiIsIjE2MDUyNyJdLFsicCIsImNvbnZlcnQiLCItcmVzaXplIDEwMjR4MTAyNFx1MDAzZSJdXQ.jpg?sha=0b5ef88136e7b7e7,"MoMA, Floor 5, 503"
78933,Grapes,2349,"October 1913","Oil on canvas","36 1/4 x 23 5/8" (92.1 x 60 cm)",Painting,"Painting & Sculpture",1947-06-17,https://www.moma.org/collection/works/78933,https://www.moma.org/media/W1siZiIsIjIxMDM3MiJdLFsicCIsImNvbnZlcnQiLCItcmVzaXplIDEwMjR4MTAyNFx1MDAzZSJdXQ.jpg?sha=df33c90d598ba3ba,"MoMA, Floor 5, 503"
78946,"Composition 9",3982,1957,"Whiting and lampblack on burlap and string","27 5/8 x 53 1/4" (70.2 x 135.3 cm)",Painting,"Painting & Sculpture",1958-10-29,https://www.moma.org/collection/works/78946,https://www.moma.org/media/W1siZiIsIjE3MTkzMCJdLFsicCIsImNvbnZlcnQiLCItcmVzaXplIDEwMjR4MTAyNFx1MDAzZSJdXQ.jpg?sha=8eede540c4606e6e,"MoMA, Floor 4, 401"
78973,"Abraham Lincoln, the Great Emancipator, Pardons the Sentry",4635,1942,"Oil on canvas","24 x 30" (60.9 x 76.2 cm)",Painting,"Painting & Sculpture",1977-03-08,https://www.moma.org/collection/works/78973,https://www.moma.org/media/W1siZiIsIjQzMDU3MCJdLFsicCIsImNvbnZlcnQiLCItcmVzaXplIDEwMjR4MTAyNFx1MDAzZSJdXQ.jpg?sha=f89fd57184f7bdea,"MoMA, Floor 5"
78984,"I and the Village",1055,1911,"Oil on canvas","6' 3 5/8" x 59 5/8" (192.1 x 151.4 cm)",Painting,"Painting & Sculpture",1945-06-13,https://www.moma.org/collection/works/78984,https://www.moma.org/media/W1siZiIsIjQ2NzUzMSJdLFsicCIsImNvbnZlcnQiLCItcmVzaXplIDEwMjR4MTAyNFx1MDAzZSJdXQ.jpg?sha=478ca572ac97e265,"MoMA, Floor 5, 503"
78986,"Still Life with Liqueur Bottle",4609,"Horta de San Joan, August 1909","Oil on canvas","32 1/8 x 25 3/4" (81.6 x 65.4 cm)",Painting,"Painting & Sculpture",1951-05-24,https://www.moma.org/collection/works/78986,https://www.moma.org/media/W1siZiIsIjE1MTAzNyJdLFsicCIsImNvbnZlcnQiLCItcmVzaXplIDEwMjR4MTAyNFx1MDAzZSJdXQ.jpg?sha=afc6d39908619b0c,"MoMA, Floor 5, 503"
78993,"To Be Looked at (from the Other Side of the Glass) with One Eye, Close to, for Almost an Hour",1634,"Buenos Aires 1918","Oil, silver leaf, lead wire, and magnifying lens on glass (cracked), mounted between panes of glass in a standing metal frame, 20 1/8 x 16 1/4 x 1 1/2" (51 x 41.2 x 3.7 cm), on painted wood base, 1 7/8 x 17 7/8 x 4 1/2" (4.8 x 45.3 x 11.4 cm)","Overall 22" (55.8 cm) high",Sculpture,"Painting & Sculpture",1953-04-07,https://www.moma.org/collection/works/78993,https://www.moma.org/media/W1siZiIsIjI0MzI3MyJdLFsicCIsImNvbnZlcnQiLCItcmVzaXplIDEwMjR4MTAyNFx1MDAzZSJdXQ.jpg?sha=c118b65ec9023730,"MoMA, Floor 5, 505"
79002,"Composition with Red, Blue, Black, Yellow, and Gray",4057,1921,"Oil on canvas","29 7/8 x 20 5/8" (76 x 52.4 cm)",Painting,"Painting & Sculpture",1957-10-09,https://www.moma.org/collection/works/79002,https://www.moma.org/media/W1siZiIsIjI2NTczOCJdLFsicCIsImNvbnZlcnQiLCItcmVzaXplIDEwMjR4MTAyNFx1MDAzZSJdXQ.jpg?sha=4208b485218b43bc,"MoMA, Floor 5, 513"
79018,"The Persistence of Memory",1364,1931,"Oil on canvas","9 1/2 x 13" (24.1 x 33 cm)",Painting,"Painting & Sculpture",1934-12-20,https://www.moma.org/collection/works/79018,https://www.moma.org/media/W1siZiIsIjM4NjQ3MCJdLFsicCIsImNvbnZlcnQiLCItcmVzaXplIDEwMjR4MTAyNFx1MDAzZSJdXQ.jpg?sha=fedd8615f8cd03f3,"MoMA, Floor 5, 517"
79028,"The Vases",4458,1925,"Oil on canvas","51 3/8 x 38 3/8" (130.5 x 97.5 cm)",Painting,"Painting & Sculpture",1945-12-17,https://www.moma.org/collection/works/79028,https://www.moma.org/media/W1siZiIsIjE1MTA1NCJdLFsicCIsImNvbnZlcnQiLCItcmVzaXplIDEwMjR4MTAyNFx1MDAzZSJdXQ.jpg?sha=2f04c7ca757b360f,"MoMA, Floor 5, 513"
79032,"American Landscape",5383,1930,"Oil on canvas","24 x 31" (61 x 78.8 cm)",Painting,"Painting & Sculpture",1934-12-19,https://www.moma.org/collection/works/79032,https://www.moma.org/media/W1siZiIsIjE1NzA4NiJdLFsicCIsImNvbnZlcnQiLCItcmVzaXplIDEwMjR4MTAyNFx1MDAzZSJdXQ.jpg?sha=9293f0b2fed56213,"MoMA, Floor 5, 511"
79039,Propellers,6624,1918,"Oil on canvas","31 7/8 x 25 3/4" (80.9 x 65.4 cm)",Painting,"Painting & Sculpture",1953-04-07,https://www.moma.org/collection/works/79039,https://www.moma.org/media/W1siZiIsIjQwMjg3MSJdLFsicCIsImNvbnZlcnQiLCItcmVzaXplIDEwMjR4MTAyNFx1MDAzZSJdXQ.jpg?sha=2f644f012f989b09,"MoMA, Floor 5, 503"
79048,"Man with a Guitar",744,"Céret, summer 1911-early 1912","Oil on canvas","45 3/4 x 31 7/8" (116.2 x 80.9 cm)",Painting,"Painting & Sculpture",1945-12-17,https://www.moma.org/collection/works/79048,https://www.moma.org/media/W1siZiIsIjQzODQ0NiJdLFsicCIsImNvbnZlcnQiLCItcmVzaXplIDEwMjR4MTAyNFx1MDAzZSJdXQ.jpg?sha=b5b124486e4eef8c,"MoMA, Floor 5, 503"
79059,"Tableau I: Lozenge with Four Lines and Gray",4057,1926,"Oil on canvas","46 1/8 × 45 1/2" (117.2 × 115.6 cm)",Painting,"Painting & Sculpture",1953-04-07,https://www.moma.org/collection/works/79059,https://www.moma.org/media/W1siZiIsIjI2NTczOSJdLFsicCIsImNvbnZlcnQiLCItcmVzaXplIDEwMjR4MTAyNFx1MDAzZSJdXQ.jpg?sha=ed964188249680e4,"MoMA, Floor 5, 512"
79078,"Three Women",6624,1921-22,"Oil on canvas","6' 1/4" x 8' 3" (183.5 x 251.5 cm)",Painting,"Painting & Sculpture",1942-03-18,https://www.moma.org/collection/works/79078,https://www.moma.org/media/W1siZiIsIjM5NTgyOSJdLFsicCIsImNvbnZlcnQiLCItcmVzaXplIDEwMjR4MTAyNFx1MDAzZSJdXQ.jpg?sha=a0a4d362a4b3c35c,"MoMA, Floor 5, 513"
79083,Avrutun,3758,1971,"Oil and wax on canvas, two panels","6' x 36" (182.9 x  91.4 cm)",Painting,"Painting & Sculpture",1996-04-09,https://www.moma.org/collection/works/79083,https://www.moma.org/media/W1siZiIsIjUyNzQ2NyJdLFsicCIsImNvbnZlcnQiLCItcmVzaXplIDEwMjR4MTAyNFx1MDAzZSJdXQ.jpg?sha=ccc0c80df41afbf0,"MoMA, Floor 4, 407"
79086,"Boy in a Red Vest",1053,1888-90,"Oil on canvas","32 x 25 5/8" (81.2 x 65 cm)",Painting,"Painting & Sculpture",1955-10-10,https://www.moma.org/collection/works/79086,https://www.moma.org/media/W1siZiIsIjQ1NTQ2NiJdLFsicCIsImNvbnZlcnQiLCItcmVzaXplIDEwMjR4MTAyNFx1MDAzZSJdXQ.jpg?sha=d38e643d1901a16d,"MoMA, Floor 5, 501"
79105,"Portrait of Joseph Roulin",2206,"Arles, early 1889","Oil on canvas","25 3/8 x 21 3/4" (64.4 x 55.2 cm)",Painting,"Painting & Sculpture",1989-10-10,https://www.moma.org/collection/works/79105,https://www.moma.org/media/W1siZiIsIjQ2ODMxNiJdLFsicCIsImNvbnZlcnQiLCItcmVzaXplIDEwMjR4MTAyNFx1MDAzZSJdXQ.jpg?sha=85503b995e8567af,"MoMA, Floor 5, 504"
79124,"Dance (I)",3832,"Paris, Boulevard des Invalides, early 1909","Oil on canvas","8' 6 1/2" x 12' 9 1/2" (259.7 x 390.1 cm)",Painting,"Painting & Sculpture",1963-04-09,https://www.moma.org/collection/works/79124,https://www.moma.org/media/W1siZiIsIjQ3NzE5MyJdLFsicCIsImNvbnZlcnQiLCItcmVzaXplIDEwMjR4MTAyNFx1MDAzZSJdXQ.jpg?sha=27a4ad073182cf2f,"MoMA, Floor 5, 506"
79130,"First Light",5641,"c. 1928","Oil on canvas","16 1/4 x 16 1/4" (41.3 x 41.3 cm)",Painting,"Painting & Sculpture",1966-04-12,https://www.moma.org/collection/works/79130,https://www.moma.org/media/W1siZiIsIjI0NjMyMiJdLFsicCIsImNvbnZlcnQiLCItcmVzaXplIDEwMjR4MTAyNFx1MDAzZSJdXQ.jpg?sha=98aa3b5bf395cea7,"MoMA, Floor 5, 509"
79146,"Collective Suicide",5454,1936,"Lacquer on wood with applied sections","49" x 6' (124.5 x 182.9 cm)",Painting,"Painting & Sculpture",1937-05-11,https://www.moma.org/collection/works/79146,https://www.moma.org/media/W1siZiIsIjE1MTEwMiJdLFsicCIsImNvbnZlcnQiLCItcmVzaXplIDEwMjR4MTAyNFx1MDAzZSJdXQ.jpg?sha=c41db50f657ec2fb,"MoMA, Floor 5, 522"
79174,"Landscape, Milpa Alta",1074,1924,"Oil on canvas","11 x 14" (27.9 x 35.6 cm)",Painting,"Painting & Sculpture",1937-12-03,https://www.moma.org/collection/works/79174,https://www.moma.org/media/W1siZiIsIjE1NzQ2MiJdLFsicCIsImNvbnZlcnQiLCItcmVzaXplIDEwMjR4MTAyNFx1MDAzZSJdXQ.jpg?sha=07d615e67c0c80a4,"MoMA, Floor 5, 509"
79181,"The Conquest of the Air",3325,1913,"Oil on canvas","7' 8 7/8" x 6' 5" (235.9 x 195.6 cm)",Painting,"Painting & Sculpture",1947-10-16,https://www.moma.org/collection/works/79181,https://www.moma.org/media/W1siZiIsIjE1MTExNiJdLFsicCIsImNvbnZlcnQiLCItcmVzaXplIDEwMjR4MTAyNFx1MDAzZSJdXQ.jpg?sha=a8aaedf28e3a07f7,"MoMA, Floor 1"
79183,"Space Modulator L3",4048,1936,"Oil on perforated zinc and board, with glass-headed pins","17 1/4 x 19 1/8" (43.8 x 48.6 cm)",Painting,"Painting & Sculpture",1947-10-16,https://www.moma.org/collection/works/79183,https://www.moma.org/media/W1siZiIsIjMzNzk4OCJdLFsicCIsImNvbnZlcnQiLCItcmVzaXplIDEwMjR4MTAyNFx1MDAzZSJdXQ.jpg?sha=7c07f6e93565ee62,"MoMA, Floor 5, 505"
79187,"Memory of Oceania",3832,"Nice-Cimiez, Hôtel Régina, summer 1952-early 1953","Gouache on paper, cut and pasted, and charcoal on paper mounted on canvas","9' 4" x 9' 4 7/8" (284.4 x 286.4 cm)",Painting,"Painting & Sculpture",1968-03-12,https://www.moma.org/collection/works/79187,https://www.moma.org/media/W1siZiIsIjI3OTI5MiJdLFsicCIsImNvbnZlcnQiLCItcmVzaXplIDEwMjR4MTAyNFx1MDAzZSJdXQ.jpg?sha=461a93c31f3adabb,"MoMA, Floor 4, 406"
79211,Revolving,5293,1919,"Wood, metal, cord, cardboard, wool, wire, leather, and oil on canvas","48 3/8 x 35" (122.7 x 88.7 cm)",Sculpture,"Painting & Sculpture",1968-04-08,https://www.moma.org/collection/works/79211,https://www.moma.org/media/W1siZiIsIjEyMjc3MCJdLFsicCIsImNvbnZlcnQiLCItcmVzaXplIDEwMjR4MTAyNFx1MDAzZSJdXQ.jpg?sha=50ec2cb7a2d42ece,"MoMA, Floor 5, 505"
79250,"Vir Heroicus Sublimis",4285,1950-51,"Oil on canvas","7' 11 3/8" x 17' 9 1/4" (242.2 x 541.7 cm)",Painting,"Painting & Sculpture",1971-12-10,https://www.moma.org/collection/works/79250,https://www.moma.org/media/W1siZiIsIjQ3ODMxNSJdLFsicCIsImNvbnZlcnQiLCItcmVzaXplIDEwMjR4MTAyNFx1MDAzZSJdXQ.jpg?sha=56ed36e49ccf50d7,"MoMA, Floor 4, 402"
79251,"Echo: Number 25, 1951",4675,1951,"Enamel paint on canvas","7' 7 7/8" x 7' 2" (233.4 x 218.4 cm)",Painting,"Painting & Sculpture",1969-03-11,https://www.moma.org/collection/works/79251,https://www.moma.org/media/W1siZiIsIjE2MjA0NiJdLFsicCIsImNvbnZlcnQiLCItcmVzaXplIDEwMjR4MTAyNFx1MDAzZSJdXQ.jpg?sha=a8b0f4e0f4853728,"MoMA, Floor 4, 405"
79253,"Composition in Brown and Gray",4057,1913,"Oil on canvas","33 3/4 x 29 3/4" (85.7 x 75.6 cm)",Painting,"Painting & Sculpture",1950-10-11,https://www.moma.org/collection/works/79253,https://www.moma.org/media/W1siZiIsIjE1MTE1NSJdLFsicCIsImNvbnZlcnQiLCItcmVzaXplIDEwMjR4MTAyNFx1MDAzZSJdXQ.jpg?sha=4c257c0dceb23f0f,"MoMA, Floor 5, 508"
79260,"Double-Bar, Grey (Green Line)",281,1968,"Oil on canvas","36 1/8 x 39" (91.9 x 99 cm)",Painting,"Painting & Sculpture",1983-02-14,https://www.moma.org/collection/works/79260,https://www.moma.org/media/W1siZiIsIjE3NDM5OCJdLFsicCIsImNvbnZlcnQiLCItcmVzaXplIDEwMjR4MTAyNFx1MDAzZSJdXQ.jpg?sha=9c49185e7e13fd2c,"MoMA, Floor 4, 413"
79267,"The Menaced Assassin",3692,"Brussels 1927","Oil on canvas","59 1/4" x 6' 4 7/8" (150.4 x 195.2 cm)",Painting,"Painting & Sculpture",1966-04-12,https://www.moma.org/collection/works/79267,https://www.moma.org/media/W1siZiIsIjI2MzUzMCJdLFsicCIsImNvbnZlcnQiLCItcmVzaXplIDEwMjR4MTAyNFx1MDAzZSJdXQ.jpg?sha=b1a653aa79b64a2c,"MoMA, Floor 5, 517"
79269,"Suprematist Composition: Airplane Flying",3710,"1915 (dated on reverse 1914)","Oil on canvas","22 7/8 x 19" (58.1 x 48.3 cm)",Painting,"Painting & Sculpture",1935-11-12,https://www.moma.org/collection/works/79269,https://www.moma.org/media/W1siZiIsIjE1MTE2MyJdLFsicCIsImNvbnZlcnQiLCItcmVzaXplIDEwMjR4MTAyNFx1MDAzZSJdXQ.jpg?sha=bdb2b2471a694bf7,"MoMA, Floor 5, 507"
79277,"The Dream",5056,1910,"Oil on canvas","6' 8 1/2" x 9' 9 1/2" (204.5 x 298.5 cm)",Painting,"Painting & Sculpture",1954-06-16,https://www.moma.org/collection/works/79277,https://www.moma.org/media/W1siZiIsIjMzOTE0MCJdLFsicCIsImNvbnZlcnQiLCItcmVzaXplIDEwMjR4MTAyNFx1MDAzZSJdXQ.jpg?sha=164d88f92c6e108e,"MoMA, Floor 5, 501"
79285,"Study for Portrait VII",272,1953,"Oil on canvas","60 x 46 1/8" (152.3 x 117 cm)",Painting,"Painting & Sculpture",1956-10-09,https://www.moma.org/collection/works/79285,https://www.moma.org/media/W1siZiIsIjM3OTE3NiJdLFsicCIsImNvbnZlcnQiLCItcmVzaXplIDEwMjR4MTAyNFx1MDAzZSJdXQ.jpg?sha=95e1336d64c502d3,"MoMA, Floor 5, 522"
79289,"Self-Portrait with a Cigarette",429,"Frankfurt 1923","Oil on canvas","23 3/4 x 15 7/8" (60.2 x 40.3 cm)",Painting,"Painting & Sculpture",1956-10-09,https://www.moma.org/collection/works/79289,https://www.moma.org/media/W1siZiIsIjIwNDMxNSJdLFsicCIsImNvbnZlcnQiLCItcmVzaXplIDEwMjR4MTAyNFx1MDAzZSJdXQ.jpg?sha=1ba4c23e5f8cd1f0,"MoMA, Floor 5, 514"
79300,"Composition C",4057,1920,"Oil on canvas","23 3/4 x 24" (60.3 x 61 cm)",Painting,"Painting & Sculpture",1948-10-06,https://www.moma.org/collection/works/79300,https://www.moma.org/media/W1siZiIsIjM5NTgzNSJdLFsicCIsImNvbnZlcnQiLCItcmVzaXplIDEwMjR4MTAyNFx1MDAzZSJdXQ.jpg?sha=3c95cf4516240e9e,"MoMA, Floor 5, 513"
79321,"The Birth of the World",4016,"Montroig, late summer-fall 1925","Oil on canvas","8' 2 3/4" x 6' 6 3/4" (250.8 x 200 cm)",Painting,"Painting & Sculpture",1972-10-03,https://www.moma.org/collection/works/79321,https://www.moma.org/media/W1siZiIsIjQzODQ1MSJdLFsicCIsImNvbnZlcnQiLCItcmVzaXplIDEwMjR4MTAyNFx1MDAzZSJdXQ.jpg?sha=2e476e3e30177ccc,"MoMA, Floor 5, 517"
79333,"Evening, Honfleur",5358,1886,"Oil on canvas, with painted wood frame","30 3/4 x 37" (78.3 x 94 cm) including frame",Painting,"Painting & Sculpture",1957-12-04,https://www.moma.org/collection/works/79333,https://www.moma.org/media/W1siZiIsIjQ1NjM4NiJdLFsicCIsImNvbnZlcnQiLCItcmVzaXplIDEwMjR4MTAyNFx1MDAzZSJdXQ.jpg?sha=c9c836f14cc44ff6,"MoMA, Floor 5, 501"
79343,"Speeding Automobile",311,1912,"Oil on wood","21 7/8 x 27 1/8" (55.6 x 68.9 cm)",Painting,"Painting & Sculpture",1949-05-26,https://www.moma.org/collection/works/79343,https://www.moma.org/media/W1siZiIsIjE1MTE4MiJdLFsicCIsImNvbnZlcnQiLCItcmVzaXplIDEwMjR4MTAyNFx1MDAzZSJdXQ.jpg?sha=0bed611403968c88,"MoMA, Floor 5, 503"
79354,"Street, Berlin",3115,1913,"Oil on canvas","47 1/2 x 35 7/8" (120.6 x 91.1 cm)",Painting,"Painting & Sculpture",1939-04-13,https://www.moma.org/collection/works/79354,https://www.moma.org/media/W1siZiIsIjMyMTkwNSJdLFsicCIsImNvbnZlcnQiLCItcmVzaXplIDEwMjR4MTAyNFx1MDAzZSJdXQ.jpg?sha=437e44383fb1bf4f,"MoMA, Floor 5, 504"
79371,"1951-T No. 3",5665,1951,"Oil on canvas","7' 10" x 6' 10" (238.8 x 208.3 cm)",Painting,"Painting & Sculpture",1954-09-30,https://www.moma.org/collection/works/79371,https://www.moma.org/media/W1siZiIsIjMzMDYxNCJdLFsicCIsImNvbnZlcnQiLCItcmVzaXplIDEwMjR4MTAyNFx1MDAzZSJdXQ.jpg?sha=bd7541a9ef01fdc0,"MoMA, Floor 4, 401"
79376,"Head of a Sleeping Woman (Study for Nude with Drapery)",4609,"Paris, summer 1907","Oil on canvas","24 1/4 x 18 3/4" (61.4 x 47.6 cm)",Painting,"Painting & Sculpture",1983-02-14,https://www.moma.org/collection/works/79376,https://www.moma.org/media/W1siZiIsIjE1MTE5MSJdLFsicCIsImNvbnZlcnQiLCItcmVzaXplIDEwMjR4MTAyNFx1MDAzZSJdXQ.jpg?sha=7a7b7a81d497b12a,"MoMA, Floor 5, 502"
79388,Composition,5907,1931,"Oil on canvas","36 1/8 x 24" (91.7 x 61 cm)",Painting,"Painting & Sculpture",1956-10-09,https://www.moma.org/collection/works/79388,https://www.moma.org/media/W1siZiIsIjMxNzU1NiJdLFsicCIsImNvbnZlcnQiLCItcmVzaXplIDEwMjR4MTAyNFx1MDAzZSJdXQ.jpg?sha=ddb1458c719a8d54,"MoMA, Floor 5, 512"
79415,"The American Dream, I",2812,1961,"Oil on canvas","6' x 60 1/8" (183 x 152.7 cm)",Painting,"Painting & Sculpture",1961-10-10,https://www.moma.org/collection/works/79415,https://www.moma.org/media/W1siZiIsIjE1MDkxMiJdLFsicCIsImNvbnZlcnQiLCItcmVzaXplIDEwMjR4MTAyNFx1MDAzZSJdXQ.jpg?sha=60ad303b608d3d49,"MoMA, Floor 5, 516"
79419,"Dynamic Hieroglyphic of the Bal Tabarin",5360,1912,"Oil on canvas with sequins","63 5/8 x 61 1/2" (161.6 x 156.2 cm)",Painting,"Painting & Sculpture",1949-05-26,https://www.moma.org/collection/works/79419,https://www.moma.org/media/W1siZiIsIjE4NDIwMiJdLFsicCIsImNvbnZlcnQiLCItcmVzaXplIDEwMjR4MTAyNFx1MDAzZSJdXQ.jpg?sha=6fdf64029ba92049,"MoMA, Floor 5, 503"
79443,Embroidery,6194,1895-96,"Oil on canvas","69 7/8 x 25 7/8" (177.7 x 65.6 cm)",Painting,"Painting & Sculpture",1983-02-14,https://www.moma.org/collection/works/79443,https://www.moma.org/media/W1siZiIsIjQ4MjI1NSJdLFsicCIsImNvbnZlcnQiLCItcmVzaXplIDEwMjR4MTAyNFx1MDAzZSJdXQ.jpg?sha=549686aaa05e728c,"MoMA, Floor 5, 501"
79462,"The Swimming Pool, Maquette for ceramic (realized 1999 and 2005)",3832,"Nice-Cimiez, Hôtel Régina, late summer 1952","Gouache on paper, cut and pasted, on painted paper","Overall  73" x 53' 11" (185.4 x 1643.3 cm). Installed as nine panels in two parts on burlap-covered walls 11' 4" (345.4 cm) high. Frieze installed at a height of 5' 5" (165 cm)",Painting,"Painting & Sculpture",1975-10-07,https://www.moma.org/collection/works/79462,https://www.moma.org/media/W1siZiIsIjI5MjQ1NiJdLFsicCIsImNvbnZlcnQiLCItcmVzaXplIDEwMjR4MTAyNFx1MDAzZSJdXQ.jpg?sha=00ca3848338da1de,"MoMA, Floor 4, 406"
79474,"Garden in Sochi",2252,1941,"Oil on canvas","44 1/4 x 62 1/4" (112.4 x 158.1 cm)",Painting,"Painting & Sculpture",1942-07-01,https://www.moma.org/collection/works/79474,https://www.moma.org/media/W1siZiIsIjIwNDMxNyJdLFsicCIsImNvbnZlcnQiLCItcmVzaXplIDEwMjR4MTAyNFx1MDAzZSJdXQ.jpg?sha=213cd1765dfc7c7c,"MoMA, Floor 5, 523"
79487,"The Three Windows, the Tower and the Wheel",1479,1912,"Oil on canvas","51 1/4 x 6' 5" (130.2 x 195.6 cm)",Painting,"Painting & Sculpture",1985-10-25,https://www.moma.org/collection/works/79487,https://www.moma.org/media/W1siZiIsIjE1MDE5MyJdLFsicCIsImNvbnZlcnQiLCItcmVzaXplIDEwMjR4MTAyNFx1MDAzZSJdXQ.jpg?sha=33d069f9368b0c51,"MoMA, Floor 5, 503"
79492,"Diary of a Seducer",2252,1945,"Oil on canvas","50 x 62" (126.7 x 157.5 cm)",Painting,"Painting & Sculpture",1985-10-25,https://www.moma.org/collection/works/79492,https://www.moma.org/media/W1siZiIsIjIwNDMxOCJdLFsicCIsImNvbnZlcnQiLCItcmVzaXplIDEwMjR4MTAyNFx1MDAzZSJdXQ.jpg?sha=1d569fc72b2044cd,"MoMA, Floor 5, 523"
79495,"Periwinkles / Moroccan Garden",3832,"Tangier, winter-spring 1912","Oil, pencil, and charcoal on canvas","46 x 32 1/2" (116.8 x 82.5 cm)",Painting,"Painting & Sculpture",1985-10-25,https://www.moma.org/collection/works/79495,https://www.moma.org/media/W1siZiIsIjQ2ODczMSJdLFsicCIsImNvbnZlcnQiLCItcmVzaXplIDEwMjR4MTAyNFx1MDAzZSJdXQ.jpg?sha=5e9aa89a4c3a2548,"MoMA, Floor 5, 506"
79508,"Still Life Synchromy",3663,1913,"Oil on canvas","20 x 20" (50.8 x 50.8 cm)",Painting,"Painting & Sculpture",1949-09-29,https://www.moma.org/collection/works/79508,https://www.moma.org/media/W1siZiIsIjIzMjcyMSJdLFsicCIsImNvbnZlcnQiLCItcmVzaXplIDEwMjR4MTAyNFx1MDAzZSJdXQ.jpg?sha=f6e757ba0e114b68,"MoMA, Floor 5, 503"
79523,Composition,3832,"Issy-les-Moulineaux, 1915","Oil on canvas","57 1/2 x 38 1/8" (146 x 97 cm)",Painting,"Painting & Sculpture",1997-10-06,https://www.moma.org/collection/works/79523,https://www.moma.org/media/W1siZiIsIjE3NTEwNyJdLFsicCIsImNvbnZlcnQiLCItcmVzaXplIDEwMjR4MTAyNFx1MDAzZSJdXQ.jpg?sha=f61fdfdefd5191cf,"MoMA, Floor 5, 506"
79551,"Study for Les Demoiselles D'Avignon",4609,"Paris, early 1907","Oil on canvas","7 1/2 x 8" (18.5 x 20.3 cm) (irregular)",Painting,"Painting & Sculpture",1991-12-09,https://www.moma.org/collection/works/79551,https://www.moma.org/media/W1siZiIsIjE1MTI5NyJdLFsicCIsImNvbnZlcnQiLCItcmVzaXplIDEwMjR4MTAyNFx1MDAzZSJdXQ.jpg?sha=9ba5548eeb130a48,"MoMA, Floor 5, 502"
79586,Ladybug,4026,1957,"Oil on canvas","6' 5 7/8" x 9' (197.9 x 274 cm)",Painting,"Painting & Sculpture",1961-12-13,https://www.moma.org/collection/works/79586,https://www.moma.org/media/W1siZiIsIjQ2MjU5MCJdLFsicCIsImNvbnZlcnQiLCItcmVzaXplIDEwMjR4MTAyNFx1MDAzZSJdXQ.jpg?sha=3bee18906c3129ae,"MoMA, Floor 2, 201"
79588,"The Moroccans",3832,"Issy-les-Moulineaux, late 1915 and fall 1916","Oil on canvas","71 3/8" x 9' 2" (181.3 x 279.4 cm)",Painting,"Painting & Sculpture",1955-06-19,https://www.moma.org/collection/works/79588,https://www.moma.org/media/W1siZiIsIjE2NzU0OSJdLFsicCIsImNvbnZlcnQiLCItcmVzaXplIDEwMjR4MTAyNFx1MDAzZSJdXQ.jpg?sha=cfe50d53adeb0306,"MoMA, Floor 5, 506"
79590,"Hold, Separate but Equal",287,1969,"Acrylic, presstype, watercolor, and enamel on board","7' x 48" (213.2 x 121.9 cm)",Painting,"Painting & Sculpture",1970-10-14,https://www.moma.org/collection/works/79590,https://www.moma.org/media/W1siZiIsIjQ0MDc2MyJdLFsicCIsImNvbnZlcnQiLCItcmVzaXplIDEwMjR4MTAyNFx1MDAzZSJdXQ.jpg?sha=97ce9b5087a3707a,"MoMA, Floor 4, 417"
79611,Untitled,5047,1969-70,"Acrylic on canvas","6' 6" x 66 1/4" (198.1 x 168.2 cm)",Painting,"Painting & Sculpture",1986-12-08,https://www.moma.org/collection/works/79611,https://www.moma.org/media/W1siZiIsIjIxMjU0NiJdLFsicCIsImNvbnZlcnQiLCItcmVzaXplIDEwMjR4MTAyNFx1MDAzZSJdXQ.jpg?sha=e24a141dfdc32204,"MoMA, Floor 4, 403"
79630,Landscape,3947,1912-14?,"Oil on canvas","28 3/4 x 36 1/4" (73 x 92.1 cm)",Painting,"Painting & Sculpture",1941-03-20,https://www.moma.org/collection/works/79630,https://www.moma.org/media/W1siZiIsIjE3Njk4MiJdLFsicCIsImNvbnZlcnQiLCItcmVzaXplIDEwMjR4MTAyNFx1MDAzZSJdXQ.jpg?sha=c49806a65d24a636,"MoMA, Floor 5, 503"
79633,"Young Man in a Gray Sweater (Jacques Lipchitz)",4942,"Paris 1914","Oil on canvas","25 5/8 x 21 5/8" (65.1 x 54.9 cm)",Painting,"Painting & Sculpture",1941-03-20,https://www.moma.org/collection/works/79633,https://www.moma.org/media/W1siZiIsIjE1MTMxOCJdLFsicCIsImNvbnZlcnQiLCItcmVzaXplIDEwMjR4MTAyNFx1MDAzZSJdXQ.jpg?sha=65c27ebf7ede8a3e,"MoMA, Floor 5, 503"
79658,"Nuit de Noël",3832,"Paris, summer-fall 1952","Stained glass","11' 3/4" x 54 3/4" x 5/8" (332.5 x 139 x 1 cm)",Painting,"Painting & Sculpture",1953-06-22,https://www.moma.org/collection/works/79658,https://www.moma.org/media/W1siZiIsIjUxNzc3NSJdLFsicCIsImNvbnZlcnQiLCItcmVzaXplIDEwMjR4MTAyNFx1MDAzZSJdXQ.jpg?sha=f40c950124a33d5d,"MoMA, Floor 4, 406"
79665,"Girl with Ball",3542,1961,"Oil on canvas","60 1/4 x 36 1/4" (153 x 91.9 cm)",Painting,"Painting & Sculpture",1981-11-17,https://www.moma.org/collection/works/79665,https://www.moma.org/media/W1siZiIsIjM5MjY1MiJdLFsicCIsImNvbnZlcnQiLCItcmVzaXplIDEwMjR4MTAyNFx1MDAzZSJdXQ.jpg?sha=64f446da64315ebf,"MoMA, Floor 4, 412"
79687,"No. 3/No. 13",5047,1949,"Oil on canvas","7' 1 3/8" x 65" (216.5 x 164.8 cm)",Painting,"Painting & Sculpture",1981-11-17,https://www.moma.org/collection/works/79687,https://www.moma.org/media/W1siZiIsIjQ1NTQ2NyJdLFsicCIsImNvbnZlcnQiLCItcmVzaXplIDEwMjR4MTAyNFx1MDAzZSJdXQ.jpg?sha=6a0ed491abeaaf6c,"MoMA, Floor 4, 403"
79709,Untitled,4823,"c. 1953","Gold leaf on fabric and glue on canvas, in wood-and-glass frame","12 1/4 x 12 5/8" (31.2 x 32 cm)",Painting,"Painting & Sculpture",1974-10-25,https://www.moma.org/collection/works/79709,https://www.moma.org/media/W1siZiIsIjM3NDY2NSJdLFsicCIsImNvbnZlcnQiLCItcmVzaXplIDEwMjR4MTAyNFx1MDAzZSJdXQ.jpg?sha=0768785d1670f452,"MoMA, Floor 4, 405"
79710,"Grandes Carrières",4026,1961-62,"Oil on canvas","6' 6 3/4" x 9' 10 1/4" (200 x 300.5 cm)",Painting,"Painting & Sculpture",1994-10-11,https://www.moma.org/collection/works/79710,https://www.moma.org/media/W1siZiIsIjQ3MDkxOSJdLFsicCIsImNvbnZlcnQiLCItcmVzaXplIDEwMjR4MTAyNFx1MDAzZSJdXQ.jpg?sha=da32a327b74198b0,"MoMA, Floor 4, 405"
79714,"From a Day with Juan II",4360,1977,"Oil on canvas","48 x 36" (122 x 96 cm)",Painting,"Painting & Sculpture",1994-10-11,https://www.moma.org/collection/works/79714,https://www.moma.org/media/W1siZiIsIjE1MTMzNSJdLFsicCIsImNvbnZlcnQiLCItcmVzaXplIDEwMjR4MTAyNFx1MDAzZSJdXQ.jpg?sha=a99a87b7a86c44ad,"MoMA, Floor 2"
79734,Fire,6623,1987,"Acrylic and cut-and-pasted paper on wood, two panels","6 x 8' (182.9 x  243.8 cm)",Painting,"Painting & Sculpture",1992-06-08,https://www.moma.org/collection/works/79734,https://www.moma.org/media/W1siZiIsIjE2MTEzMiJdLFsicCIsImNvbnZlcnQiLCItcmVzaXplIDEwMjR4MTAyNFx1MDAzZSJdXQ.jpg?sha=6591a64321008cc3,"MoMA, Floor 2, 202"
79737,"Gold Marilyn Monroe",6246,1962,"Silkscreen ink and acrylic on canvas","6' 11 1/4" x 57" (211.4 x 144.7 cm)",Painting,"Painting & Sculpture",1962-12-11,https://www.moma.org/collection/works/79737,https://www.moma.org/media/W1siZiIsIjQ3NzE5NiJdLFsicCIsImNvbnZlcnQiLCItcmVzaXplIDEwMjR4MTAyNFx1MDAzZSJdXQ.jpg?sha=6b8523b4567bdcf7,"MoMA, Floor 4, 412"
79741,"Self-Portrait with Palette",1243,"April 1924","Oil on canvas","39 3/8 x 31 5/8" (100 x 80.3 cm)",Painting,"Painting & Sculpture",1950-11-15,https://www.moma.org/collection/works/79741,https://www.moma.org/media/W1siZiIsIjE1MTI2MyJdLFsicCIsImNvbnZlcnQiLCItcmVzaXplIDEwMjR4MTAyNFx1MDAzZSJdXQ.jpg?sha=701df3fdf87ede65,"MoMA, Floor 5, 514"
79747,""The Garden" rug",3641,"c. 1925","Woven wool","48 x 80 1/2" (121.9 x 209.6 cm)",Design,"Architecture & Design",1939-04-13,https://www.moma.org/collection/works/79747,https://www.moma.org/media/W1siZiIsIjU3OTgxNiJdLFsicCIsImNvbnZlcnQiLCItcmVzaXplIDEwMjR4MTAyNFx1MDAzZSJdXQ.jpg?sha=6b4f3fa992200a9a,"MoMA, Floor 5, 513"
79748,Argula,2252,1938,"Oil on canvas","15 x 24" (38.1 x 61 cm)",Painting,"Painting & Sculpture",1941-01-16,https://www.moma.org/collection/works/79748,https://www.moma.org/media/W1siZiIsIjE1NDU0NSJdLFsicCIsImNvbnZlcnQiLCItcmVzaXplIDEwMjR4MTAyNFx1MDAzZSJdXQ.jpg?sha=b481430facb29923,"MoMA, Floor 5, 523"
79751,Ram,6524,1959,"Oil on canvas","90 3/4 x 64 1/8 x 2" (230.5 x 162.8 x 5.1 cm)",Painting,"Painting & Sculpture",1999-10-12,https://www.moma.org/collection/works/79751,https://www.moma.org/media/W1siZiIsIjE2MDUzNCJdLFsicCIsImNvbnZlcnQiLCItcmVzaXplIDEwMjR4MTAyNFx1MDAzZSJdXQ.jpg?sha=f9a4bd9f0739d014,"MoMA, Floor 5, 516"
79762,"Three Women at the Spring",4609,"Fontainebleau, summer 1921","Oil on canvas","6' 8 1/4" x 68 1/2" (203.9 x 174 cm)",Painting,"Painting & Sculpture",1952-12-08,https://www.moma.org/collection/works/79762,https://www.moma.org/media/W1siZiIsIjUzNzgyMyJdLFsicCIsImNvbnZlcnQiLCItcmVzaXplIDEwMjR4MTAyNFx1MDAzZSJdXQ.jpg?sha=e86b39104fd6a9c2,"MoMA, Floor 5, 513"
79766,"Les Demoiselles d'Avignon",4609,"Paris, June-July 1907","Oil on canvas","8' x 7' 8" (243.9 x 233.7 cm)",Painting,"Painting & Sculpture",1939-04-24,https://www.moma.org/collection/works/79766,https://www.moma.org/media/W1siZiIsIjQzODQ1MiJdLFsicCIsImNvbnZlcnQiLCItcmVzaXplIDEwMjR4MTAyNFx1MDAzZSJdXQ.jpg?sha=3f29ede754df16f5,"MoMA, Floor 5, 502"
79792,"Hope, II",3147,1907-08,"Oil, gold, and platinum on canvas","43 1/2 x 43 1/2" (110.5 x 110.5 cm)",Painting,"Painting & Sculpture",1978-06-13,https://www.moma.org/collection/works/79792,https://www.moma.org/media/W1siZiIsIjI0MTYxMyJdLFsicCIsImNvbnZlcnQiLCItcmVzaXplIDEwMjR4MTAyNFx1MDAzZSJdXQ.jpg?sha=9f0bdd82b2f2dc1a,"MoMA, Floor 5, 504"
79797,"Harbor Number 1",3787,1957,"Oil on canvas","49 3/4 x 40" (126.3 x 101.6 cm)",Painting,"Painting & Sculpture",1996-10-07,https://www.moma.org/collection/works/79797,https://www.moma.org/media/W1siZiIsIjMxMTkxMSJdLFsicCIsImNvbnZlcnQiLCItcmVzaXplIDEwMjR4MTAyNFx1MDAzZSJdXQ.jpg?sha=3088d78ce848e62d,"MoMA, Floor 5, 516"
79801,Willows,1602,1940,"Oil on canvas","25 x 35" (63.5 x 88.9 cm)",Painting,"Painting & Sculpture",1941-06-10,https://www.moma.org/collection/works/79801,https://www.moma.org/media/W1siZiIsIjE4Njc1OCJdLFsicCIsImNvbnZlcnQiLCItcmVzaXplIDEwMjR4MTAyNFx1MDAzZSJdXQ.jpg?sha=839f4d23a7e4c2f3,"MoMA, Floor 5, 509"
79802,"The Starry Night",2206,"Saint Rémy, June 1889","Oil on canvas","29 x 36 1/4" (73.7 x 92.1 cm)",Painting,"Painting & Sculpture",1941-06-10,https://www.moma.org/collection/works/79802,https://www.moma.org/media/W1siZiIsIjQ2NzUxNyJdLFsicCIsImNvbnZlcnQiLCItcmVzaXplIDEwMjR4MTAyNFx1MDAzZSJdXQ.jpg?sha=d518423159c0c0ae,"MoMA, Floor 2, 2 South"
79805,F-111,5021,1964-65,"Oil on canvas with aluminum, twenty-three sections","10 x 86' (304.8 x 2621.3 cm)",Painting,"Painting & Sculpture",1996-10-07,https://www.moma.org/collection/works/79805,https://www.moma.org/media/W1siZiIsIjUyNzc5MiJdLFsicCIsImNvbnZlcnQiLCItcmVzaXplIDEwMjR4MTAyNFx1MDAzZSJdXQ.jpg?sha=a496170f9bfdc91c,"MoMA, Floor 4, 418"
79809,"Campbell's Soup Cans",6246,1962,"Acrylic with metallic enamel paint on canvas, 32 panels","Each canvas 20 x 16" (50.8 x 40.6 cm).
Overall installation with 3" between each panel is 97" high x 163" wide",Painting,"Painting & Sculpture",1996-10-07,https://www.moma.org/collection/works/79809,https://www.moma.org/media/W1siZiIsIjMxODI0MiJdLFsicCIsImNvbnZlcnQiLCItcmVzaXplIDEwMjR4MTAyNFx1MDAzZSJdXQ.jpg?sha=da9ed7773f4c0ff4,"MoMA, Floor 4, 412"
79816,"Composition No. II, with Red and Blue",4057,"1929 (original date partly obliterated; mistakenly repainted 1925 by Mondrian)","Oil on canvas","15 7/8 x 12 5/8" (40.3 x 32.1 cm)",Painting,"Painting & Sculpture",1941-06-10,https://www.moma.org/collection/works/79816,https://www.moma.org/media/W1siZiIsIjI5MjUwNiJdLFsicCIsImNvbnZlcnQiLCItcmVzaXplIDEwMjR4MTAyNFx1MDAzZSJdXQ.jpg?sha=eb07e3c0ac0a72d8,"MoMA, Floor 5, 512"
79823,"Garden in Sochi",2252,"c. 1943","Oil on canvas","31 x 39" (78.7 x 99 cm)",Painting,"Painting & Sculpture",1969-05-20,https://www.moma.org/collection/works/79823,https://www.moma.org/media/W1siZiIsIjIwNDMyMCJdLFsicCIsImNvbnZlcnQiLCItcmVzaXplIDEwMjR4MTAyNFx1MDAzZSJdXQ.jpg?sha=9be3e3d2ab8edcdd,"MoMA, Floor 5, 523"
79836,Untitled,3240,1949,"Oil on board","48 x 37" (121.9 x 93.9 cm)",Painting,"Painting & Sculpture",1969-06-10,https://www.moma.org/collection/works/79836,https://www.moma.org/media/W1siZiIsIjE3OTM3NSJdLFsicCIsImNvbnZlcnQiLCItcmVzaXplIDEwMjR4MTAyNFx1MDAzZSJdXQ.jpg?sha=a87a9ffaf587caf3,"MoMA, Floor 4, 401"
79839,"Jar, Bottle and Glass",2349,1911,"Oil on canvas","23 1/2 x 19 3/4" (59.7 x 50.2 cm)",Painting,"Painting & Sculpture",1941-06-10,https://www.moma.org/collection/works/79839,https://www.moma.org/media/W1siZiIsIjIxMTU2MSJdLFsicCIsImNvbnZlcnQiLCItcmVzaXplIDEwMjR4MTAyNFx1MDAzZSJdXQ.jpg?sha=c258fbbb8afbcf3e,"MoMA, Floor 5, 503"
79852,"The Italians",5988,"Rome, January 1961","Oil, pencil, and crayon on canvas","6' 6 5/8" x 8' 6 1/4" (199.5 x 259.6 cm)",Painting,"Painting & Sculpture",1969-06-10,https://www.moma.org/collection/works/79852,https://www.moma.org/media/W1siZiIsIjUxOTk3MyJdLFsicCIsImNvbnZlcnQiLCItcmVzaXplIDEwMjR4MTAyNFx1MDAzZSJdXQ.jpg?sha=5ecc7c9ed3b0fe13,"MoMA, Floor 4, 408"
79863,"Woman on a High Stool (Germaine Raynal)",3832,"Paris, quai Saint-Michel, early 1914","Oil on canvas","57 7/8 x 37 5/8" (147 x 95.5 cm)",Painting,"Painting & Sculpture",1964-06-15,https://www.moma.org/collection/works/79863,https://www.moma.org/media/W1siZiIsIjE3MTA2NCJdLFsicCIsImNvbnZlcnQiLCItcmVzaXplIDEwMjR4MTAyNFx1MDAzZSJdXQ.jpg?sha=176ab1e5f212d6f2,"MoMA, Floor 5, 506"
79874,"Spatial Concept: Expectation",1930,1960,"Slashed canvas and gauze","39 1/2 x 31 5/8" (100.3 x 80.3 cm)",Painting,"Painting & Sculpture",1970-11-10,https://www.moma.org/collection/works/79874,https://www.moma.org/media/W1siZiIsIjE1MTM1OSJdLFsicCIsImNvbnZlcnQiLCItcmVzaXplIDEwMjR4MTAyNFx1MDAzZSJdXQ.jpg?sha=17df9c65d339a61d,"MoMA, Floor 4, 405"
79922,Agapanthus,4058,1914-26,"Oil on canvas","6' 6" x 70 1/4" (198.2 x 178.4 cm)",Painting,"Painting & Sculpture",1992-12-07,https://www.moma.org/collection/works/79922,https://www.moma.org/media/W1siZiIsIjE2ODY2OCJdLFsicCIsImNvbnZlcnQiLCItcmVzaXplIDEwMjR4MTAyNFx1MDAzZSJdXQ.jpg?sha=d654b9aaaed51a24,"MoMA, Floor 5, 515"
79929,Untitled,3524,1949,"Oil on canvas","26 7/8 x 31 7/8" (68.3 x 81 cm)",Painting,"Painting & Sculpture",1998-10-13,https://www.moma.org/collection/works/79929,https://www.moma.org/media/W1siZiIsIjIwNzY0NCJdLFsicCIsImNvbnZlcnQiLCItcmVzaXplIDEwMjR4MTAyNFx1MDAzZSJdXQ.jpg?sha=48dbd45d57b884b0,"MoMA, Floor 4, 401"
79933,"The Lovers",3692,"Paris 1928","Oil on canvas","21 3/8 x 28 7/8" (54 x 73.4 cm)",Painting,"Painting & Sculpture",1998-10-13,https://www.moma.org/collection/works/79933,https://www.moma.org/media/W1siZiIsIjIxNTkyMSJdLFsicCIsImNvbnZlcnQiLCItcmVzaXplIDEwMjR4MTAyNFx1MDAzZSJdXQ.jpg?sha=100c293de4a40288,"MoMA, Floor 5, 517"
79944,"Portrait of My Mother",5657,1925,"Oil on canvas","38 3/8 x 26 5/8" (97.3 x 67.3 cm)",Painting,"Painting & Sculpture",1971-10-12,https://www.moma.org/collection/works/79944,https://www.moma.org/media/W1siZiIsIjM0Nzc1NCJdLFsicCIsImNvbnZlcnQiLCItcmVzaXplIDEwMjR4MTAyNFx1MDAzZSJdXQ.jpg?sha=6d83369a19849670,"MoMA, Floor 5, 521"
79951,"Sackcloth 1953",884,1953,"Burlap and thread on canvas","33 7/8 x 39 3/8" (86 x 100 cm)",Painting,"Painting & Sculpture",1954-12-16,https://www.moma.org/collection/works/79951,https://www.moma.org/media/W1siZiIsIjE1NDE4NCJdLFsicCIsImNvbnZlcnQiLCItcmVzaXplIDEwMjR4MTAyNFx1MDAzZSJdXQ.jpg?sha=cde117b41fe7ca53,"MoMA, Floor 4, 401"
79954,"Portrait of a Woman",1993,1949,"Oil on canvas","16 1/8 x 12" (41 x 30.5 cm)",Painting,"Painting & Sculpture",1954-12-16,https://www.moma.org/collection/works/79954,https://www.moma.org/media/W1siZiIsIjQzOTcwNCJdLFsicCIsImNvbnZlcnQiLCItcmVzaXplIDEwMjR4MTAyNFx1MDAzZSJdXQ.jpg?sha=03dfcfbe4f36a36c,"MoMA, Floor 5"
79955,"Self-Portrait with a Model",2374,1928,"Oil on canvas","45 1/2 x 29 3/4" (115.6 x 75.6 cm)",Painting,"Painting & Sculpture",1954-12-16,https://www.moma.org/collection/works/79955,https://www.moma.org/media/W1siZiIsIjE1ODEzNyJdLFsicCIsImNvbnZlcnQiLCItcmVzaXplIDEwMjR4MTAyNFx1MDAzZSJdXQ.jpg?sha=850c87a4024277f3,"MoMA, Floor 5, 514"
79957,"The Rose Marble Table",3832,"Issy-les-Moulineaux, spring-summer 1917","Oil on canvas","57 1/2 x 38 1/4" (146 x 97 cm)",Painting,"Painting & Sculpture",1956-11-08,https://www.moma.org/collection/works/79957,https://www.moma.org/media/W1siZiIsIjE3MDM5MyJdLFsicCIsImNvbnZlcnQiLCItcmVzaXplIDEwMjR4MTAyNFx1MDAzZSJdXQ.jpg?sha=c3b8dbd814a487f9,"MoMA, Floor 5, 506"
79971,"Mme Kupka among Verticals",3302,1910-11,"Oil on canvas","53 3/8 x 33 5/8" (135.5 x 85.3 cm)",Painting,"Painting & Sculpture",1956-12-19,https://www.moma.org/collection/works/79971,https://www.moma.org/media/W1siZiIsIjI0NDAzNiJdLFsicCIsImNvbnZlcnQiLCItcmVzaXplIDEwMjR4MTAyNFx1MDAzZSJdXQ.jpg?sha=73b59d3c57cd9fe9,"MoMA, Floor 5, 503"
79974,"The Musician Follot",3302,"1911? (dated on painting 1910)","Oil on canvas","28 1/2 x 26 1/8" (72.4 x 66.3 cm)",Painting,"Painting & Sculpture",1956-12-19,https://www.moma.org/collection/works/79974,https://www.moma.org/media/W1siZiIsIjE4MjcxMCJdLFsicCIsImNvbnZlcnQiLCItcmVzaXplIDEwMjR4MTAyNFx1MDAzZSJdXQ.jpg?sha=9802ad715694ac69,"MoMA, Floor 5, 503"
79986,"Patchwork Quilt",412,1970,"Cut-and-pasted fabrics, paper, and gelatin silver print with acrylic on board","35 3/4 x 47 7/8" (90.9 x 121.6 cm)",Painting,"Painting & Sculpture",1970-12-08,https://www.moma.org/collection/works/79986,https://www.moma.org/media/W1siZiIsIjUyMTgzOSJdLFsicCIsImNvbnZlcnQiLCItcmVzaXplIDEwMjR4MTAyNFx1MDAzZSJdXQ.jpg?sha=770e0a0acbabfa78,"MoMA, Floor 4, 416"
79988,"The Eternal City",617,"1934-37 (dated on painting 1937)","Oil on board","34 x 47 7/8" (86.4 x 121.6 cm)",Painting,"Painting & Sculpture",1942-12-28,https://www.moma.org/collection/works/79988,https://www.moma.org/media/W1siZiIsIjE1MTM4MyJdLFsicCIsImNvbnZlcnQiLCItcmVzaXplIDEwMjR4MTAyNFx1MDAzZSJdXQ.jpg?sha=0f8f5951792fae7d,"MoMA, Floor 5, 522"
79990,"The Portrait",3692,"Brussels 1935","Oil on canvas","28 7/8 x 19 7/8" (73.3 x 50.2 cm)",Painting,"Painting & Sculpture",1956-12-19,https://www.moma.org/collection/works/79990,https://www.moma.org/media/W1siZiIsIjI2MzU0NiJdLFsicCIsImNvbnZlcnQiLCItcmVzaXplIDEwMjR4MTAyNFx1MDAzZSJdXQ.jpg?sha=6307c8d6131774ff,"MoMA, Floor 5, 517"
79994,"Boy Leading a Horse",4609,"Paris, 1905-06","Oil on canvas","7' 2 7/8" x 51 5/8" (220.6 x 131.2 cm)",Painting,"Painting & Sculpture",1964-10-06,https://www.moma.org/collection/works/79994,https://www.moma.org/media/W1siZiIsIjUyMzQxNSJdLFsicCIsImNvbnZlcnQiLCItcmVzaXplIDEwMjR4MTAyNFx1MDAzZSJdXQ.jpg?sha=dfeff6b3e5cad201,"MoMA, Floor 5, 502"
79996,Repose,4609,"Paris, spring 1908","Oil on canvas","32 x 25 3/4" (81.2 x 65.4 cm)",Painting,"Painting & Sculpture",1970-12-08,https://www.moma.org/collection/works/79996,https://www.moma.org/media/W1siZiIsIjI3NjQ4MSJdLFsicCIsImNvbnZlcnQiLCItcmVzaXplIDEwMjR4MTAyNFx1MDAzZSJdXQ.jpg?sha=9c6286cd5e26b282,"MoMA, Floor 5, 502"
80000,Gas,2726,1940,"Oil on canvas","26 1/4 x 40 1/4" (66.7 x 102.2 cm)",Painting,"Painting & Sculpture",1943-07-06,https://www.moma.org/collection/works/80000,https://www.moma.org/media/W1siZiIsIjQ1NzQxNyJdLFsicCIsImNvbnZlcnQiLCItcmVzaXplIDEwMjR4MTAyNFx1MDAzZSJdXQ.jpg?sha=24f46159d2e6e382,"MoMA, Floor 5, 519"
80009,"Dynamism of a Soccer Player",624,1913,"Oil on canvas","6' 4 1/8" x 6' 7 1/8" (193.2 x 201 cm)",Painting,"Painting & Sculpture",1967-10-18,https://www.moma.org/collection/works/80009,https://www.moma.org/media/W1siZiIsIjI0Njc4NiJdLFsicCIsImNvbnZlcnQiLCItcmVzaXplIDEwMjR4MTAyNFx1MDAzZSJdXQ.jpg?sha=fcb7a9bbbdc41c3d,"MoMA, Floor 5, 503"
80023,"Setting Sun. Sardine Fishing. Adagio. Opus 221 from the series The Sea, The Boats, Concarneau",5421,1891,"Oil on canvas","25 5/8 x 31 7/8" (65 x 81 cm)",Painting,"Painting & Sculpture",1998-09-22,https://www.moma.org/collection/works/80023,https://www.moma.org/media/W1siZiIsIjQ2ODk1MiJdLFsicCIsImNvbnZlcnQiLCItcmVzaXplIDEwMjR4MTAyNFx1MDAzZSJdXQ.jpg?sha=b694acd0a2025fe2,"MoMA, Floor 5, 501"
80024,Windows,1479,"Paris 1912","Oil and wax on canvas","31 1/2 x 27 5/8" (79.9 x 70 cm)",Painting,"Painting & Sculpture",1967-10-18,https://www.moma.org/collection/works/80024,https://www.moma.org/media/W1siZiIsIjE1MDE5NCJdLFsicCIsImNvbnZlcnQiLCItcmVzaXplIDEwMjR4MTAyNFx1MDAzZSJdXQ.jpg?sha=2b25e74cf9e47bb6,"MoMA, Floor 5, 503"
80047,"Double Self-Portrait",1764,1976,"Oil on canvas","24 x 36" (60.8 x 91.5 cm)",Painting,"Painting & Sculpture",1976-12-07,https://www.moma.org/collection/works/80047,https://www.moma.org/media/W1siZiIsIjI3OTAyMyJdLFsicCIsImNvbnZlcnQiLCItcmVzaXplIDEwMjR4MTAyNFx1MDAzZSJdXQ.jpg?sha=44938663554a7b13,"MoMA, Floor 4"
80049,"Bauhaus Stairway",5219,1932,"Oil on canvas","63 7/8 x 45" (162.3 x 114.3 cm)",Painting,"Painting & Sculpture",1942-12-29,https://www.moma.org/collection/works/80049,https://www.moma.org/media/W1siZiIsIjE3MDM5OCJdLFsicCIsImNvbnZlcnQiLCItcmVzaXplIDEwMjR4MTAyNFx1MDAzZSJdXQ.jpg?sha=1dfb03a499bda3ea,"MoMA, Floor 2"
80071,Untitled,4143,1963,"Oil, string, and canvas on wood","6' 3/8" x 53 7/8" (183.6 x 136.8 cm)",Painting,"Painting & Sculpture",1965-06-08,https://www.moma.org/collection/works/80071,https://www.moma.org/media/W1siZiIsIjUzMzI3NCJdLFsicCIsImNvbnZlcnQiLCItcmVzaXplIDEwMjR4MTAyNFx1MDAzZSJdXQ.jpg?sha=1535b01531e85134,"MoMA, Floor 4, 404"
80072,"Inseparable Friends",2671,1941,"Oil on canvas","60 1/8 x 40 1/8" (152.6 x 101.9 cm)",Painting,"Painting & Sculpture",1967-10-18,https://www.moma.org/collection/works/80072,https://www.moma.org/media/W1siZiIsIjE1OTEzNCJdLFsicCIsImNvbnZlcnQiLCItcmVzaXplIDEwMjR4MTAyNFx1MDAzZSJdXQ.jpg?sha=b23ac3fa75a9a311,"MoMA, Floor 5"
80111,"Two Nudes",4609,"Paris, late 1906","Oil on canvas","59 5/8 x 36 5/8" (151.3 x 93 cm)",Painting,"Painting & Sculpture",1959-04-22,https://www.moma.org/collection/works/80111,https://www.moma.org/media/W1siZiIsIjE1MTQxOCJdLFsicCIsImNvbnZlcnQiLCItcmVzaXplIDEwMjR4MTAyNFx1MDAzZSJdXQ.jpg?sha=ebadf71eb9f14455,"MoMA, Floor 5, 502"
80121,Bridge,6624,1908?,"Oil on canvas","36 1/2 x 28 5/8" (92.7 x 72.6 cm)",Painting,"Painting & Sculpture",1967-10-18,https://www.moma.org/collection/works/80121,https://www.moma.org/media/W1siZiIsIjQ4MTgwOSJdLFsicCIsImNvbnZlcnQiLCItcmVzaXplIDEwMjR4MTAyNFx1MDAzZSJdXQ.jpg?sha=e8b166a3a4e28d3c,"MoMA, Floor 5, 503"
80131,"Synchromy in Blue",3663,"c. 1917-18","Oil on canvas","26 1/4 x 20 1/8" (66.4 x 51.1 cm)",Painting,"Painting & Sculpture",1967-10-18,https://www.moma.org/collection/works/80131,https://www.moma.org/media/W1siZiIsIjI0Njc4NSJdLFsicCIsImNvbnZlcnQiLCItcmVzaXplIDEwMjR4MTAyNFx1MDAzZSJdXQ.jpg?sha=a333055614de9c09,"MoMA, Floor 5, 503"
80144,"Echo of a Scream",5454,1937,"Enamel on wood","48 x 36" (121.9 x 91.4 cm)",Painting,"Painting & Sculpture",1939-12-08,https://www.moma.org/collection/works/80144,https://www.moma.org/media/W1siZiIsIjE1MTQyNCJdLFsicCIsImNvbnZlcnQiLCItcmVzaXplIDEwMjR4MTAyNFx1MDAzZSJdXQ.jpg?sha=93c4378ca57f811c,"MoMA, Floor 5, 522"
80146,"Tableau no. 2 / Composition no. V",4057,1914,"Oil on canvas","21 5/8 x 33 5/8" (54.8 x 85.3 cm)",Painting,"Painting & Sculpture",1967-10-18,https://www.moma.org/collection/works/80146,https://www.moma.org/media/W1siZiIsIjM4NjUzOCJdLFsicCIsImNvbnZlcnQiLCItcmVzaXplIDEwMjR4MTAyNFx1MDAzZSJdXQ.jpg?sha=09533082ee987a07,"MoMA, Floor 5, 503"
80160,"Composition in Red, Blue, and Yellow",4057,1937–42,"Oil on canvas","23 3/4 x 21 7/8" (60.3 x 55.4 cm)",Painting,"Painting & Sculpture",1967-10-18,https://www.moma.org/collection/works/80160,https://www.moma.org/media/W1siZiIsIjI2NTg4MyJdLFsicCIsImNvbnZlcnQiLCItcmVzaXplIDEwMjR4MTAyNFx1MDAzZSJdXQ.jpg?sha=c132f981ce333290,"MoMA, Floor 5, 519"
80174,"Marilyn Monroe, I",5021,1962,"Oil and spray enamel on canvas","7' 9" x 6' 1/4" (236.2 x 183.3 cm)",Painting,"Painting & Sculpture",1967-10-18,https://www.moma.org/collection/works/80174,https://www.moma.org/media/W1siZiIsIjE1MTQzNSJdLFsicCIsImNvbnZlcnQiLCItcmVzaXplIDEwMjR4MTAyNFx1MDAzZSJdXQ.jpg?sha=594b6e89413741f1,"MoMA, Floor 5, 516"
80176,"No. F",3315,1959,"Oil on canvas","41 1/2 x 52" (105.4 x 132.1 cm)",Painting,"Painting & Sculpture",1997-12-16,https://www.moma.org/collection/works/80176,https://www.moma.org/media/W1siZiIsIjE1MTQzNiJdLFsicCIsImNvbnZlcnQiLCItcmVzaXplIDEwMjR4MTAyNFx1MDAzZSJdXQ.jpg?sha=6407cfd43de3e971,"MoMA, Floor 4, 405"
80190,"Hans Tietze and Erica Tietze-Conrat",3197,1909,"Oil on canvas","30 1/8 x 53 5/8" (76.5 x 136.2 cm)",Painting,"Painting & Sculpture",1939-12-08,https://www.moma.org/collection/works/80190,https://www.moma.org/media/W1siZiIsIjUxNzMyMiJdLFsicCIsImNvbnZlcnQiLCItcmVzaXplIDEwMjR4MTAyNFx1MDAzZSJdXQ.jpg?sha=d65eeb55574c2a5f,"MoMA, Floor 5, 504"
80196,Naxos,6524,1958,"Oil on canvas","6' 3" x 56 1/8" (190.6 x 142.6 cm)",Painting,"Painting & Sculpture",1994-12-08,https://www.moma.org/collection/works/80196,https://www.moma.org/media/W1siZiIsIjU1OTA2NCJdLFsicCIsImNvbnZlcnQiLCItcmVzaXplIDEwMjR4MTAyNFx1MDAzZSJdXQ.jpg?sha=ea4a36781e99e12a,"MoMA, Floor 5, 516"
80220,"Water Lilies",4058,1914-26,"Oil on canvas, three panels","Each 6' 6 3/4" x 13' 11 1/4" (200 x 424.8 cm), overall 6' 6 3/4" x 41' 10 3/8" (200 x 1276 cm)",Painting,"Painting & Sculpture",1959-09-15,https://www.moma.org/collection/works/80220,https://www.moma.org/media/W1siZiIsIjI0Njc4NCJdLFsicCIsImNvbnZlcnQiLCItcmVzaXplIDEwMjR4MTAyNFx1MDAzZSJdXQ.jpg?sha=b231dd89da1cde25,"MoMA, Floor 5, 515"
80257,"Empty Chair or The Last Colonial",4441,1969,"Glass and plastic marbles, West African wood figures, tree fragments, pebbles, geode, iron nails, coral, seashells, wood shoe trees, lobster claws, sword, painted human foot bones and vertebra, faux pearls, plastic and wooden letters, plastic sheets and scraps, wood scraps, painted wood, animal claws and bones, domino, glass eyes, bell, and other materials on plastic sheets mounted on wood","46 3/8 x 39 1/4 x 15 7/8" (117.7 x 99.7 x 40.3 cm)",Painting,"Painting & Sculpture",1971-12-07,https://www.moma.org/collection/works/80257,https://www.moma.org/media/W1siZiIsIjE3MTA5OSJdLFsicCIsImNvbnZlcnQiLCItcmVzaXplIDEwMjR4MTAyNFx1MDAzZSJdXQ.jpg?sha=c25d76bfc118472a,"MoMA, Floor 4, 415"
80258,"Brooklyn Bridge VII",3048,1962,"Oil on canvas","7' 8 1/8" x 37 5/8" (234 x 95.6 cm)",Painting,"Painting & Sculpture",1980-12-09,https://www.moma.org/collection/works/80258,https://www.moma.org/media/W1siZiIsIjE1MTQ1NiJdLFsicCIsImNvbnZlcnQiLCItcmVzaXplIDEwMjR4MTAyNFx1MDAzZSJdXQ.jpg?sha=b97f5fc82b462649,"MoMA, Floor 5, 516"
80259,Tarentelle,4607,"Paris, January - early June 1912","Oil on canvas","29 1/2 × 36 1/2" (74.9 × 92.7 cm)",Painting,"Painting & Sculpture",1990-12-10,https://www.moma.org/collection/works/80259,https://www.moma.org/media/W1siZiIsIjMzNjY1NiJdLFsicCIsImNvbnZlcnQiLCItcmVzaXplIDEwMjR4MTAyNFx1MDAzZSJdXQ.jpg?sha=c43a3430dc3076c1,"MoMA, Floor 5, 503"
80269,"Number 107",4856,1950,"Oil on canvas","6' 8" x 36" (203.2 x 91.4 cm)",Painting,"Painting & Sculpture",1980-12-09,https://www.moma.org/collection/works/80269,https://www.moma.org/media/W1siZiIsIjIwNjM5OCJdLFsicCIsImNvbnZlcnQiLCItcmVzaXplIDEwMjR4MTAyNFx1MDAzZSJdXQ.jpg?sha=b3f2359905361cee,"MoMA, Floor 4, 402"
80298,"Water Lilies",4058,1914-26,"Oil on canvas","6' 6 1/2" x 19' 7 1/2" (199.5 x 599 cm)",Painting,"Painting & Sculpture",1959-12-30,https://www.moma.org/collection/works/80298,https://www.moma.org/media/W1siZiIsIjI0Njc4MyJdLFsicCIsImNvbnZlcnQiLCItcmVzaXplIDEwMjR4MTAyNFx1MDAzZSJdXQ.jpg?sha=f18d95ab0c842b20,"MoMA, Floor 5, 515"
80302,L'Estaque,1053,1879-83,"Oil on canvas","31 1/2 x 39" (80.3 x 99.4 cm)",Painting,"Painting & Sculpture",1959-12-30,https://www.moma.org/collection/works/80302,https://www.moma.org/media/W1siZiIsIjUxNjY3NyJdLFsicCIsImNvbnZlcnQiLCItcmVzaXplIDEwMjR4MTAyNFx1MDAzZSJdXQ.jpg?sha=bc6b333ec4094b48,"MoMA, Floor 5, 518"
80350,"Still Life with Aubergines",3832,"Collioure, summer 1911","Oil on canvas","45 3/4 x 35 1/8" (116.2 x 89.2 cm)",Painting,"Painting & Sculpture",1995-12-12,https://www.moma.org/collection/works/80350,https://www.moma.org/media/W1siZiIsIjQ2ODczMyJdLFsicCIsImNvbnZlcnQiLCItcmVzaXplIDEwMjR4MTAyNFx1MDAzZSJdXQ.jpg?sha=161fe3803af8feb4,"MoMA, Floor 5, 506"
80354,"The Channel at Gravelines, Evening",5358,"summer 1890","Oil on canvas","25 3/4 x 32 1/4" (65.4 x 81.9 cm)",Painting,"Painting & Sculpture",1963-12-18,https://www.moma.org/collection/works/80354,https://www.moma.org/media/W1siZiIsIjIzNTkwOSJdLFsicCIsImNvbnZlcnQiLCItcmVzaXplIDEwMjR4MTAyNFx1MDAzZSJdXQ.jpg?sha=0c5f329340e2cf92,"MoMA, Floor 5, 501"
80357,Bather,4609,"winter 1908-09","Oil on canvas","51 1/8 x 38 1/8" (129.8 x 96.8 cm)",Painting,"Painting & Sculpture",1995-12-12,https://www.moma.org/collection/works/80357,https://www.moma.org/media/W1siZiIsIjE1MTQ4NyJdLFsicCIsImNvbnZlcnQiLCItcmVzaXplIDEwMjR4MTAyNFx1MDAzZSJdXQ.jpg?sha=46e88b059aa6eaab,"MoMA, Floor 5, 503"
80380,"Reservist of the First Division",3710,"fall-winter 1914","Oil on canvas with collage of printed paper, postage stamp, and thermometer","21 1/8 x 17 5/8" (53.7 x 44.8 cm)",Painting,"Painting & Sculpture",1935-09-07,https://www.moma.org/collection/works/80380,https://www.moma.org/media/W1siZiIsIjE4NTU3MyJdLFsicCIsImNvbnZlcnQiLCItcmVzaXplIDEwMjR4MTAyNFx1MDAzZSJdXQ.jpg?sha=a62fb2200346b24d,"MoMA, Floor 5, 503"
80381,"Woman with Pails: Dynamic Arrangement",3710,"1912-13 (dated on reverse 1912)","Oil on canvas","31 5/8 x 31 5/8" (80.3 x 80.3 cm)",Painting,"Painting & Sculpture",1935-09-07,https://www.moma.org/collection/works/80381,https://www.moma.org/media/W1siZiIsIjE1MTQ5NyJdLFsicCIsImNvbnZlcnQiLCItcmVzaXplIDEwMjR4MTAyNFx1MDAzZSJdXQ.jpg?sha=b5523724bfc0bf18,"MoMA, Floor 5, 503"
80383,"Painterly Realism of a Boy with a Knapsack - Color Masses in the Fourth Dimension",3710,1915,"Oil on canvas","28 x 17 1/2" (71.1 x 44.5 cm)",Painting,"Painting & Sculpture",1935-09-07,https://www.moma.org/collection/works/80383,https://www.moma.org/media/W1siZiIsIjI0MjQ5NiJdLFsicCIsImNvbnZlcnQiLCItcmVzaXplIDEwMjR4MTAyNFx1MDAzZSJdXQ.jpg?sha=b53b299292efe4a3,"MoMA, Floor 5, 507"
80385,"Suprematist Composition: White on White",3710,1918,"Oil on canvas","31 1/4 x 31 1/4" (79.4 x 79.4 cm)",Painting,"Painting & Sculpture",1935-09-07,https://www.moma.org/collection/works/80385,https://www.moma.org/media/W1siZiIsIjE3NDg0MCJdLFsicCIsImNvbnZlcnQiLCItcmVzaXplIDEwMjR4MTAyNFx1MDAzZSJdXQ.jpg?sha=bb652d024b3f1dfd,"MoMA, Floor 5, 507"
80387,"Suprematist Painting",3710,1916-17,"Oil on canvas","38 1/2 x 26 1/8" (97.8 x 66.4 cm)",Painting,"Painting & Sculpture",1935-09-07,https://www.moma.org/collection/works/80387,https://www.moma.org/media/W1siZiIsIjE1MTUwMSJdLFsicCIsImNvbnZlcnQiLCItcmVzaXplIDEwMjR4MTAyNFx1MDAzZSJdXQ.jpg?sha=6e31940469bfe1b5,"MoMA, Floor 5, 508"
80393,"Woman Plaiting Her Hair",4609,"Paris, late summer or fall 1906","Oil on canvas","50 x 35 3/4" (127 x 90.8 cm)",Painting,"Painting & Sculpture",1996-12-09,https://www.moma.org/collection/works/80393,https://www.moma.org/media/W1siZiIsIjE3OTUyNSJdLFsicCIsImNvbnZlcnQiLCItcmVzaXplIDEwMjR4MTAyNFx1MDAzZSJdXQ.jpg?sha=d7fe4af266c4e96d,"MoMA, Floor 5, 502"
80394,"Woman with Pears",4609,"Horta de San Joan, summer 1909","Oil on canvas","36 1/4 x 27 7/8" (92.1 x 70.8 cm)",Painting,"Painting & Sculpture",1996-12-09,https://www.moma.org/collection/works/80394,https://www.moma.org/media/W1siZiIsIjE1MTUwNyJdLFsicCIsImNvbnZlcnQiLCItcmVzaXplIDEwMjR4MTAyNFx1MDAzZSJdXQ.jpg?sha=941aeba5af3fb8e7,"MoMA, Floor 5, 503"
80412,"Girl at the Piano",6165,"c. 1912-14","Oil on canvas","51 x 37 7/8" (129.2 x 96.4 cm)",Painting,"Painting & Sculpture",1978-12-12,https://www.moma.org/collection/works/80412,https://www.moma.org/media/W1siZiIsIjIwOTM0NSJdLFsicCIsImNvbnZlcnQiLCItcmVzaXplIDEwMjR4MTAyNFx1MDAzZSJdXQ.jpg?sha=88768caa2ecf93f8,"MoMA, Floor 5, 503"
80430,"Girl with a Mandolin (Fanny Tellier)",4609,"Paris, late spring 1910","Oil on canvas","39 1/2 x 29" (100.3 x 73.6 cm)",Painting,"Painting & Sculpture",1979-10-09,https://www.moma.org/collection/works/80430,https://www.moma.org/media/W1siZiIsIjE1MTUzMyJdLFsicCIsImNvbnZlcnQiLCItcmVzaXplIDEwMjR4MTAyNFx1MDAzZSJdXQ.jpg?sha=c51732b468107af8,"MoMA, Floor 5, 503"
80436,"Student with a Pipe",4609,"Paris, autumn 1913–early 1914","Oil, gouache, cut-and-pasted paper, gesso, sand, and charcoal on canvas","28 3/4 x 23 1/8" (73 x 58.7 cm)",Painting,"Painting & Sculpture",1979-10-09,https://www.moma.org/collection/works/80436,https://www.moma.org/media/W1siZiIsIjE5NDg2MSJdLFsicCIsImNvbnZlcnQiLCItcmVzaXplIDEwMjR4MTAyNFx1MDAzZSJdXQ.jpg?sha=b7a41e75ab3ecb68,"MoMA, Floor 5, 503"
80480,"Rayonism, Blue-Green Forest",2229,"1913 (dated on reverse 1911)","Oil on canvas","21 1/2 x 19 1/2" (54.6 x 49.5 cm)",Painting,"Painting & Sculpture",1985-10-25,https://www.moma.org/collection/works/80480,https://www.moma.org/media/W1siZiIsIjI2MTIyOCJdLFsicCIsImNvbnZlcnQiLCItcmVzaXplIDEwMjR4MTAyNFx1MDAzZSJdXQ.jpg?sha=767fd2583798facf,"MoMA, Floor 5, 503"
80502,Composition,3569,1922,"Oil and tempera on wood","27 3/8 x 24 1/4" (69.7 x 61.7 cm)",Painting,"Painting & Sculpture",1985-10-25,https://www.moma.org/collection/works/80502,https://www.moma.org/media/W1siZiIsIjI0MjU4OCJdLFsicCIsImNvbnZlcnQiLCItcmVzaXplIDEwMjR4MTAyNFx1MDAzZSJdXQ.jpg?sha=17dbff24e541dc62,"MoMA, Floor 5, 507"
80504,Samovar,3710,1913,"Oil on canvas","35 x 24 1/2" (88.5 x 62.2 cm)",Painting,"Painting & Sculpture",1985-10-25,https://www.moma.org/collection/works/80504,https://www.moma.org/media/W1siZiIsIjIzMjcxMiJdLFsicCIsImNvbnZlcnQiLCItcmVzaXplIDEwMjR4MTAyNFx1MDAzZSJdXQ.jpg?sha=d30e20746a3ecaba,"MoMA, Floor 5, 503"
80516,"White with Rope",4124,1940,"Oil on canvas with rope","21 1/4 x 21 1/4" (54 x 54 cm)",Painting,"Painting & Sculpture",1985-10-25,https://www.moma.org/collection/works/80516,NULL,"MoMA, Floor 5, 512"
80521,"Objects from a Dyer's Shop",4694,1914,"Oil on canvas","27 3/4 x 35" (71 x 89 cm)",Painting,"Painting & Sculpture",1985-10-25,https://www.moma.org/collection/works/80521,https://www.moma.org/media/W1siZiIsIjE1MDk1NCJdLFsicCIsImNvbnZlcnQiLCItcmVzaXplIDEwMjR4MTAyNFx1MDAzZSJdXQ.jpg?sha=d79e8b86a262acea,"MoMA, Floor 5, 503"
80537,Composition,5777,1930,"Oil and metallic flakes on canvas","19 1/2 x 25 1/4" (49.5 x 64.1 cm)",Painting,"Painting & Sculpture",1985-10-25,https://www.moma.org/collection/works/80537,https://www.moma.org/media/W1siZiIsIjQ5MDIwOSJdLFsicCIsImNvbnZlcnQiLCItcmVzaXplIDEwMjR4MTAyNFx1MDAzZSJdXQ.jpg?sha=1ddc491ca1df4ec1,"MoMA, Floor 5, 512"
80564,"No. 5/No. 24",5047,1948,"Oil on canvas","34 x 50 1/4" (86.1 x 127.6 cm)",Painting,"Painting & Sculpture",1970-02-10,https://www.moma.org/collection/works/80564,https://www.moma.org/media/W1siZiIsIjE1MDk3MiJdLFsicCIsImNvbnZlcnQiLCItcmVzaXplIDEwMjR4MTAyNFx1MDAzZSJdXQ.jpg?sha=aaee8f08aac7c35b,"MoMA, Floor 4, 403"
80565,"No. 1 (Untitled)",5047,1948,"Oil on canvas","8' 10 3/8" x 9' 9 1/4" (270.2 x 297.8 cm)",Painting,"Painting & Sculpture",1970-02-10,https://www.moma.org/collection/works/80565,https://www.moma.org/media/W1siZiIsIjE1MDk3MyJdLFsicCIsImNvbnZlcnQiLCItcmVzaXplIDEwMjR4MTAyNFx1MDAzZSJdXQ.jpg?sha=269f35dfa7dbcd95,"MoMA, Floor 4, 403"
80575,"Untitled (Western Scene)",4675,"c. 1930-33","Oil and crayon on wooden cigar box","6 1/2 x 9 1/8 x 2 3/4" (16.5 x 23.1 x  6.8 cm)",Painting,"Painting & Sculpture",1970-02-10,https://www.moma.org/collection/works/80575,https://www.moma.org/media/W1siZiIsIjU1MzA2NyJdLFsicCIsImNvbnZlcnQiLCItcmVzaXplIDEwMjR4MTAyNFx1MDAzZSJdXQ.jpg?sha=c15ebc5fc7291884,"MoMA, Floor 5, 509"
80588,"The Duo",1106,"Paris, winter 1914-15","Oil on canvas","32 1/4 x 23 1/4" (81.9 x 59 cm)",Painting,"Painting & Sculpture",1979-12-11,https://www.moma.org/collection/works/80588,https://www.moma.org/media/W1siZiIsIjE1MDk5NCJdLFsicCIsImNvbnZlcnQiLCItcmVzaXplIDEwMjR4MTAyNFx1MDAzZSJdXQ.jpg?sha=9a0f4fd44725f543,"MoMA, Floor 5, 517"
80658,"The Spring",4607,"Saint Cloud, spring or summer 1912","Oil on canvas","8' 2 1/4" x 8' 2 1/8" (249.6 x 249.3 cm)",Painting,"Painting & Sculpture",1975-02-11,https://www.moma.org/collection/works/80658,https://www.moma.org/media/W1siZiIsIjQ4MTgxMCJdLFsicCIsImNvbnZlcnQiLCItcmVzaXplIDEwMjR4MTAyNFx1MDAzZSJdXQ.jpg?sha=b71f9d228a57ecae,"MoMA, Floor 5, 503"
80660,Landscape,4609,"La Rue des Bois or Paris, August or September 1908","Oil on canvas","39 5/8 x 32" (100.8 x 81.3 cm)",Painting,"Painting & Sculpture",1975-02-11,https://www.moma.org/collection/works/80660,https://www.moma.org/media/W1siZiIsIjE1MTAyNyJdLFsicCIsImNvbnZlcnQiLCItcmVzaXplIDEwMjR4MTAyNFx1MDAzZSJdXQ.jpg?sha=b8625253d6d48767,"MoMA, Floor 5, 503"
80681,"Dive Bomber and Tank",4430,1940,"Fresco, six panels","Each 9' x 36" (275 x 91.4 cm), overall 9 x 18' (275 x 550 cm)",Painting,"Painting & Sculpture",1940-09-30,https://www.moma.org/collection/works/80681,https://www.moma.org/media/W1siZiIsIjE1OTE0NyJdLFsicCIsImNvbnZlcnQiLCItcmVzaXplIDEwMjR4MTAyNFx1MDAzZSJdXQ.jpg?sha=6b160e14f4be3b3a,"MoMA, Floor 5, 522"
80686,"Leaves and Navels",11,1929,"Oil and cord on canvas","13 3/4 x 10 3/4" (35 x 27.3 cm)",Painting,"Painting & Sculpture",1940-09-30,https://www.moma.org/collection/works/80686,https://www.moma.org/media/W1siZiIsIjE3OTI2NiJdLFsicCIsImNvbnZlcnQiLCItcmVzaXplIDEwMjR4MTAyNFx1MDAzZSJdXQ.jpg?sha=6af16f18f38335a4,"MoMA, Floor 5, 512"
80692,"Composition with Color Planes 5",4057,1917,"Oil on canvas","19 3/8 x 24 1/8" (49 x 61.2 cm)",Painting,"Painting & Sculpture",1967-10-18,https://www.moma.org/collection/works/80692,https://www.moma.org/media/W1siZiIsIjI5MjQ0MSJdLFsicCIsImNvbnZlcnQiLCItcmVzaXplIDEwMjR4MTAyNFx1MDAzZSJdXQ.jpg?sha=a05d1458a6013268,"MoMA, Floor 5, 508"
80703,Kali,3078,1965,"Enamel and metallic papers on plywood","68 1/4 x 60" (173.3 x 152.2 cm)",Painting,"Painting & Sculpture",1967-11-08,https://www.moma.org/collection/works/80703,https://www.moma.org/media/W1siZiIsIjU0MTgyOCJdLFsicCIsImNvbnZlcnQiLCItcmVzaXplIDEwMjR4MTAyNFx1MDAzZSJdXQ.jpg?sha=75e968cd6cc9c327,"MoMA, Floor 3, 3 East"
80752,"Sleeping Figure",710,1950,"Painted balsa wood","6' 2 1/2" x 11 5/8" x 11 3/4" (189.2 x 29.5 x 29.7 cm)",Sculpture,"Painting & Sculpture",1951-01-30,https://www.moma.org/collection/works/80752,https://www.moma.org/media/W1siZiIsIjUxNzYzNSJdLFsicCIsImNvbnZlcnQiLCItcmVzaXplIDEwMjR4MTAyNFx1MDAzZSJdXQ.jpg?sha=73425a3bba6b278b,"MoMA, Floor 4, 402"
80762,"The Back (I)",3832,"Paris, Couvent du Sacré Coeur, and Issy-les-Moulineaux, spring 1908-late 1909",Bronze,"6' 2 3/8" x 44 1/2" x 6 1/2" (188.9 x 113 x 16.5 cm)",Sculpture,"Painting & Sculpture",1952-01-22,https://www.moma.org/collection/works/80762,https://www.moma.org/media/W1siZiIsIjE4NDI5OCJdLFsicCIsImNvbnZlcnQiLCItcmVzaXplIDEwMjR4MTAyNFx1MDAzZSJdXQ.jpg?sha=9dba69037cd99f19,"MoMA, Floor 1, Sculpture Garden"
80764,"Freedom Now, Number 1",2925,"August 13, 1963 - January 14, 1964","Pitch on canvas with "Freedom Now" button, broken doll, hacksaw, mousetrap, flexible tube, and wood","53 7/8 x 55 3/8 x 7 1/2" (136.6 x 140.5 x 18.9 cm)",Painting,"Painting & Sculpture",1965-01-12,https://www.moma.org/collection/works/80764,https://www.moma.org/media/W1siZiIsIjE5ODE1NCJdLFsicCIsImNvbnZlcnQiLCItcmVzaXplIDEwMjR4MTAyNFx1MDAzZSJdXQ.jpg?sha=889582e9bcda2241,"MoMA, Floor 4, 408"
80772,"The Back (III)",3832,"Issy-les-Moulineaux, by May 13, 1913 - early fall 1916",Bronze,"6' 2 1/2" x 44" x 6" (189.2 x 112.4 x 15.2 cm)",Sculpture,"Painting & Sculpture",1952-01-22,https://www.moma.org/collection/works/80772,https://www.moma.org/media/W1siZiIsIjE4NDM3OCJdLFsicCIsImNvbnZlcnQiLCItcmVzaXplIDEwMjR4MTAyNFx1MDAzZSJdXQ.jpg?sha=3f97575c145ad1cf,"MoMA, Floor 1, Sculpture Garden"
80778,"The Back (IV)",3832,"Nice, place Charles-Félix, c. 1931",Bronze,"6' 2" x 44 1/4" x 6" (188 x 112.4 x 15.2 cm)",Sculpture,"Painting & Sculpture",1952-01-22,https://www.moma.org/collection/works/80778,https://www.moma.org/media/W1siZiIsIjE4NDQxMCJdLFsicCIsImNvbnZlcnQiLCItcmVzaXplIDEwMjR4MTAyNFx1MDAzZSJdXQ.jpg?sha=c793cdbae17e7827,"MoMA, Floor 1, Sculpture Garden"
80785,"Jeannette (I)",3832,"Issy-les-Moulineaux, January - March (?) 1910",Bronze,"13 x 9 x 10" (33 x 22.8 x 25.5 cm)",Sculpture,"Painting & Sculpture",1951-01-22,https://www.moma.org/collection/works/80785,https://www.moma.org/media/W1siZiIsIjE2OTg5OSJdLFsicCIsImNvbnZlcnQiLCItcmVzaXplIDEwMjR4MTAyNFx1MDAzZSJdXQ.jpg?sha=910a6a7933a98cf2,"MoMA, Floor 5, 506"
80791,"Jeannette (III)",3832,"Issy-les-Moulineaux, April - September 1910 or February - mid-July 1911",Bronze,"23 3/4 x 10 1/4 x 11" (60.3 x 26 x 28 cm)",Sculpture,"Painting & Sculpture",1952-01-22,https://www.moma.org/collection/works/80791,https://www.moma.org/media/W1siZiIsIjE2OTkxMiJdLFsicCIsImNvbnZlcnQiLCItcmVzaXplIDEwMjR4MTAyNFx1MDAzZSJdXQ.jpg?sha=9ed71f5e843c794a,"MoMA, Floor 5, 506"
80798,"Jeannette (IV)",3832,"Issy-les-Moulineaux, April - September 1910 or February - mid-July 1911",Bronze,"24 1/8 x 10 3/4 x 11 1/4" (61.3 x 27.4 x 28.7 cm)",Sculpture,"Painting & Sculpture",1952-01-22,https://www.moma.org/collection/works/80798,https://www.moma.org/media/W1siZiIsIjE2OTkxNSJdLFsicCIsImNvbnZlcnQiLCItcmVzaXplIDEwMjR4MTAyNFx1MDAzZSJdXQ.jpg?sha=e1834cc1a2c52bfc,"MoMA, Floor 5, 506"
80801,"Jeannette (V)",3832,"Issy-les-Moulineaux, summer 1916",Bronze,"22 7/8 x 8 3/8 x 10 5/8" (58.1 x 21.3 x 27.1 cm)",Sculpture,"Painting & Sculpture",1952-01-22,https://www.moma.org/collection/works/80801,https://www.moma.org/media/W1siZiIsIjE2OTg1NCJdLFsicCIsImNvbnZlcnQiLCItcmVzaXplIDEwMjR4MTAyNFx1MDAzZSJdXQ.jpg?sha=520b88cde362c682,"MoMA, Floor 5, 506"
80829,Torso,6533,1928,Ebony,"36 x 11 x 11 1/4" (91.4 x 27.9 x 28.5 cm)",Sculpture,"Painting & Sculpture",1949-02-03,https://www.moma.org/collection/works/80829,https://www.moma.org/media/W1siZiIsIjE1NDA0OCJdLFsicCIsImNvbnZlcnQiLCItcmVzaXplIDEwMjR4MTAyNFx1MDAzZSJdXQ.jpg?sha=3e77966c01cfc393,"MoMA, Floor 5, 513"
80836,"The Devil with Claws",4905,1952,"Bronze on stone base","34 1/2 x 37 1/4 x 24 3/4" (87.5 x 94.5 x 62.9 cm) on stone base 31 x 33 5/8 x 19 3/8" (78.7 x 85.3 x 49.2 cm)",Sculpture,"Painting & Sculpture",1957-02-27,https://www.moma.org/collection/works/80836,https://www.moma.org/media/W1siZiIsIjQ2Njg3NCJdLFsicCIsImNvbnZlcnQiLCItcmVzaXplIDEwMjR4MTAyNFx1MDAzZSJdXQ.jpg?sha=293b54bc925c7abf,"MoMA, Floor 4, 401"
80884,"The Little Theater",1364,1934,"Wood and glass, painted","12 3/4 x 16 3/4 x 12 1/4" (32.3 x 42.5 x 31.1 cm)",Sculpture,"Painting & Sculpture",1981-04-07,https://www.moma.org/collection/works/80884,https://www.moma.org/media/W1siZiIsIjE1OTIyNiJdLFsicCIsImNvbnZlcnQiLCItcmVzaXplIDEwMjR4MTAyNFx1MDAzZSJdXQ.jpg?sha=25623a7a6c03b7da,"MoMA, Floor 5, 517"
80898,"Rope Piece",4108,1964,"Painted rope and wood","18' 3" x 10" x 10" (556.2 x 25.5 x 25.5 cm)",Sculpture,"Painting & Sculpture",1979-03-13,https://www.moma.org/collection/works/80898,https://www.moma.org/media/W1siZiIsIjIxMDE3MSJdLFsicCIsImNvbnZlcnQiLCItcmVzaXplIDEwMjR4MTAyNFx1MDAzZSJdXQ.jpg?sha=2d99175557cc0382,"MoMA, Floor 4, 413"
80928,"The Palace at 4 a.m.",2141,1932,"Wood, glass, wire, and string","25 x 28 1/4 x 15 3/4" (63.5 x 71.8 x 40 cm)",Sculpture,"Painting & Sculpture",1936-12-17,https://www.moma.org/collection/works/80928,https://www.moma.org/media/W1siZiIsIjIyODA2OSJdLFsicCIsImNvbnZlcnQiLCItcmVzaXplIDEwMjR4MTAyNFx1MDAzZSJdXQ.jpg?sha=84105705d3f48ff3,"MoMA, Floor 5, 517"
80929,"Burnt Piece",6402,1977-78,"Cement, burnt wood, and wire mesh","33 7/8 x 34 x 34" (86.1 x 86.4 x 86.4 cm)",Sculpture,"Painting & Sculpture",1991-04-08,https://www.moma.org/collection/works/80929,https://www.moma.org/media/W1siZiIsIjIxMDIzMCJdLFsicCIsImNvbnZlcnQiLCItcmVzaXplIDEwMjR4MTAyNFx1MDAzZSJdXQ.jpg?sha=55ce1fd80375447d,"MoMA, Floor 3, 3 East"
80934,Guitar,4609,"Paris, January–February 1914","Ferrous sheet metal and wire","30 1/2 x 13 3/4 x 7 5/8" (77.5 x 35 x 19.3 cm)",Sculpture,"Painting & Sculpture",1971-03-09,https://www.moma.org/collection/works/80934,https://www.moma.org/media/W1siZiIsIjE5NDkxNyJdLFsicCIsImNvbnZlcnQiLCItcmVzaXplIDEwMjR4MTAyNFx1MDAzZSJdXQ.jpg?sha=982b7920fbd8fd56,"MoMA, Floor 5, 503"
80953,Head,5480,1938,"Cast iron and steel","19 3/4 x 9 5/8 x 7 1/2" (50.2 x 24.5 x 19.1 cm)",Sculpture,"Painting & Sculpture",1943-05-21,https://www.moma.org/collection/works/80953,https://www.moma.org/media/W1siZiIsIjUzNjc3MSJdLFsicCIsImNvbnZlcnQiLCItcmVzaXplIDEwMjR4MTAyNFx1MDAzZSJdXQ.jpg?sha=dffd9fb6b57ded4f,"MoMA, Floor 5, 500"
80966,untitled,1911,1969,"Fluorescent light and metal fixtures","25 x 25 x 5 3/4" (63.5 x 63.5 x 14.6 cm)",Sculpture,"Painting & Sculpture",1975-04-01,https://www.moma.org/collection/works/80966,https://www.moma.org/media/W1siZiIsIjIwMjM3MyJdLFsicCIsImNvbnZlcnQiLCItcmVzaXplIDEwMjR4MTAyNFx1MDAzZSJdXQ.jpg?sha=a325317d3e3dbf1b,"MoMA, Floor 4, 413"
80997,Object,4416,"Paris, 1936","Fur-covered cup, saucer, and spoon","Cup 4 3/8" (10.9 cm) in diameter; saucer 9 3/8" (23.7 cm) in diameter; spoon 8" (20.2 cm) long, overall height 2 7/8" (7.3 cm)",Sculpture,"Painting & Sculpture",1946-05-07,https://www.moma.org/collection/works/80997,https://www.moma.org/media/W1siZiIsIjM0NzQ2NiJdLFsicCIsImNvbnZlcnQiLCItcmVzaXplIDEwMjR4MTAyNFx1MDAzZSJdXQ.jpg?sha=2dde6f68e1640d55,"MoMA, Floor 5, 517"
81006,"Sky Cathedral",4278,1958,"Painted wood","11' 3 1/2" x 10' 1/4" x 18" (343.9 x 305.4 x 45.7 cm)",Sculpture,"Painting & Sculpture",1958-10-29,https://www.moma.org/collection/works/81006,https://www.moma.org/media/W1siZiIsIjIwMjExNiJdLFsicCIsImNvbnZlcnQiLCItcmVzaXplIDEwMjR4MTAyNFx1MDAzZSJdXQ.jpg?sha=49002ea4954766d1,"MoMA, Floor 4, 402"
81018,Maiastra,738,1910-12,"White marble 22" (55.9 cm) high, on three-part limestone pedestal 70" (177.8 cm) high, of which the middle section is Double Caryatid, c. 1908",NULL,Sculpture,"Painting & Sculpture",1953-04-07,https://www.moma.org/collection/works/81018,https://www.moma.org/media/W1siZiIsIjIyMTYzMyJdLFsicCIsImNvbnZlcnQiLCItcmVzaXplIDEwMjR4MTAyNFx1MDAzZSJdXQ.jpg?sha=971ac94130261406,"MoMA, Floor 5, 508"
81021,Caryatid,4038,"c. 1914",Limestone,"36 1/4" (92.1 cm) high, at base 16 3/8 x 16 7/8"  (41.6 x 42.9 cm)",Sculpture,"Painting & Sculpture",1951-05-24,https://www.moma.org/collection/works/81021,https://www.moma.org/media/W1siZiIsIjIwODMwOSJdLFsicCIsImNvbnZlcnQiLCItcmVzaXplIDEwMjR4MTAyNFx1MDAzZSJdXQ.jpg?sha=4555e89ecb95f9c9,"MoMA, Floor 5, 513"
81031,Monument,4609,"New York, 1972","Cor-Ten steel","12' 11 5/8" x 58 3/4" x 10' 5 3/4" (395.3 x 149.2 x 319.3 cm) including base",Sculpture,"Painting & Sculpture",1973-03-13,https://www.moma.org/collection/works/81031,https://www.moma.org/media/W1siZiIsIjE2NTQ1MiJdLFsicCIsImNvbnZlcnQiLCItcmVzaXplIDEwMjR4MTAyNFx1MDAzZSJdXQ.jpg?sha=7b0b30fbb5cae527,"MoMA, Floor 1, Sculpture Garden"
81033,"Bird in Space",738,1928,Bronze,"54 x 8 1/2 x 6 1/2" (137.2 x 21.6 x 16.5 cm)",Sculpture,"Painting & Sculpture",1934-05-10,https://www.moma.org/collection/works/81033,https://www.moma.org/media/W1siZiIsIjE0OTgzMSJdLFsicCIsImNvbnZlcnQiLCItcmVzaXplIDEwMjR4MTAyNFx1MDAzZSJdXQ.jpg?sha=9bad0a7255a2fbf1,"MoMA, Floor 5, 508"
81037,Tiari,3832,"Nice, summer 1930",Bronze,"8 x 5 5/8 x 7 3/8" (20.3 x 14.4 x 18.9 cm)",Sculpture,"Painting & Sculpture",1955-06-16,https://www.moma.org/collection/works/81037,https://www.moma.org/media/W1siZiIsIjIwODMyNiJdLFsicCIsImNvbnZlcnQiLCItcmVzaXplIDEwMjR4MTAyNFx1MDAzZSJdXQ.jpg?sha=79013207857c5ed4,"MoMA, Floor 5, 500"
81043,"Spatial Construction no. 12",4975,"c. 1920","Plywood, open construction partially painted with aluminum paint, and wire","24 x 33 x 18 1/2" (61 x 83.7 x 47 cm)",Sculpture,"Painting & Sculpture",1986-04-07,https://www.moma.org/collection/works/81043,https://www.moma.org/media/W1siZiIsIjIxMDQ5MyJdLFsicCIsImNvbnZlcnQiLCItcmVzaXplIDEwMjR4MTAyNFx1MDAzZSJdXQ.jpg?sha=5829a904222d8c0d,"MoMA, Floor 5, 507"
81059,"Nile Born",3924,1984,"Sand and binder on wood","2 3/4 x 19 1/4 x 61 1/2" (7 x 48.9 x 156.2 cm)",Sculpture,"Painting & Sculpture",1992-03-09,https://www.moma.org/collection/works/81059,https://www.moma.org/media/W1siZiIsIjIxMDUzNiJdLFsicCIsImNvbnZlcnQiLCItcmVzaXplIDEwMjR4MTAyNFx1MDAzZSJdXQ.jpg?sha=6416dcb5026f6e97,"MoMA, Floor 4, 420"
81083,"Reclining Nude with Guitar",3563,1928,Marble,"16 3/8 x 27 5/8 x 13 1/2" (41.6 x 70.3 x 34.3 cm) including base",Sculpture,"Painting & Sculpture",1994-03-07,https://www.moma.org/collection/works/81083,https://www.moma.org/media/W1siZiIsIjIwODQxNiJdLFsicCIsImNvbnZlcnQiLCItcmVzaXplIDEwMjR4MTAyNFx1MDAzZSJdXQ.jpg?sha=35c57ce46f055cc7,"MoMA, Floor 5, 513"
81093,Socrates,738,1922,"Oak 43 3/4 x 11 3/8 x 14 1/2" (111 x 28.8 x 36.8 cm), on oak footing 7 1/2 x 9 3/4 x 10 5/8" (18.8 x 24.6 x 27 cm), overall 51 1/4" (130 cm) high. Limestone cylinder, 11 7/8" (30.2 cm) high","43 3/4 × 11 3/8 × 14 1/2" (111.1 × 28.9 × 36.8 cm)
Other: 7 × 9 3/4 × 10 5/8" (17.8 × 24.8 × 27 cm)
Other: 50 3/4" (128.9 cm)
Other (including base weight): 370.2 lb. (167.9 kg)",Sculpture,"Painting & Sculpture",1956-04-04,https://www.moma.org/collection/works/81093,https://www.moma.org/media/W1siZiIsIjIyODY0NyJdLFsicCIsImNvbnZlcnQiLCItcmVzaXplIDEwMjR4MTAyNFx1MDAzZSJdXQ.jpg?sha=448dc5fb00ccef8a,"MoMA, Floor 5, 508"
81111,"The Rape of Europa, II",3563,1938,Bronze,"15 1/4 x 23 1/8 x 12 3/4" (38.7 x 58.7 x 31.9 cm)",Sculpture,"Painting & Sculpture",1942-05-07,https://www.moma.org/collection/works/81111,https://www.moma.org/media/W1siZiIsIjUxNzQ1OSJdLFsicCIsImNvbnZlcnQiLCItcmVzaXplIDEwMjR4MTAyNFx1MDAzZSJdXQ.jpg?sha=7d0e82985f0e13c9,"MoMA, Floor 5, 522"
81118,Kwannon,3400,1952,"Welded bronze","6' 1/2" x 43" x 29" (184.2 x 109.2 x 73.7 cm)",Sculpture,"Painting & Sculpture",1952-11-07,https://www.moma.org/collection/works/81118,https://www.moma.org/media/W1siZiIsIjIwODQ1NyJdLFsicCIsImNvbnZlcnQiLCItcmVzaXplIDEwMjR4MTAyNFx1MDAzZSJdXQ.jpg?sha=acd498e84269573a,"MoMA, Floor 4, 404"
81174,"Fragment from Homage to New York",5882,1960,"Painted metal, fabric, tape, wood, and rubber tires","6' 8 1/4" x 29 5/8" x 7' 3 7/8" (203.7 x 75.1 x 223.2 cm)",Sculpture,"Painting & Sculpture",1968-03-12,https://www.moma.org/collection/works/81174,https://www.moma.org/media/W1siZiIsIjIxMDc3NiJdLFsicCIsImNvbnZlcnQiLCItcmVzaXplIDEwMjR4MTAyNFx1MDAzZSJdXQ.jpg?sha=a45374c5046f8955,"MoMA, Floor 4, 405"
81178,"Development of a Bottle in Space",624,"1912 (cast 1931)","Silvered bronze","15 x 23 3/4 x 12 7/8" (38.1 x 60.3 x 32.7 cm)",Sculpture,"Painting & Sculpture",1948-10-06,https://www.moma.org/collection/works/81178,https://www.moma.org/media/W1siZiIsIjIxMDc4OCJdLFsicCIsImNvbnZlcnQiLCItcmVzaXplIDEwMjR4MTAyNFx1MDAzZSJdXQ.jpg?sha=c12d893fcba990cb,"MoMA, Floor 5, 503"
81190,"The Back (II)",3832,"Issy-les-Moulineaux, 1911 (?) - early March or April 1913",Bronze,"6' 2 1/4" x 47 5/8" x 6" (188.5 x 121 x 15.2 cm)",Sculpture,"Painting & Sculpture",1956-05-08,https://www.moma.org/collection/works/81190,https://www.moma.org/media/W1siZiIsIjE4NDE4OCJdLFsicCIsImNvbnZlcnQiLCItcmVzaXplIDEwMjR4MTAyNFx1MDAzZSJdXQ.jpg?sha=bac444fde9ca184b,"MoMA, Floor 1, Sculpture Garden"
81202,"Sculpture 23",450,1923,Brass,"18 7/8 x 7 3/4 x 8 1/2" (48 x 19.7 x 21.5 cm)",Sculpture,"Painting & Sculpture",1956-06-06,https://www.moma.org/collection/works/81202,https://www.moma.org/media/W1siZiIsIjIyODk5NyJdLFsicCIsImNvbnZlcnQiLCItcmVzaXplIDEwMjR4MTAyNFx1MDAzZSJdXQ.jpg?sha=9247d1dd062eb7ce,"MoMA, Floor 5, 514"
81209,"Indestructible Object (or Object to Be Destroyed)",3716,"1964 (replica of 1923 original)","Metronome with cutout photograph of eye on pendulum","8 7/8 x 4 3/8 x 4 5/8" (22.5 x 11 x 11.6 cm)",Sculpture,"Painting & Sculpture",1966-04-12,https://www.moma.org/collection/works/81209,https://www.moma.org/media/W1siZiIsIjIxMDg3OSJdLFsicCIsImNvbnZlcnQiLCItcmVzaXplIDEwMjR4MTAyNFx1MDAzZSJdXQ.jpg?sha=499f8969e6c517df,"MoMA, Floor 5, 505"
81213,"Torso, Self-Portrait",710,1963-64,Plaster,"24 3/4 x 16 x 7 1/8" (62.3 x 40.5 x 18.8 cm)",Sculpture,"Painting & Sculpture",1983-02-14,https://www.moma.org/collection/works/81213,https://www.moma.org/media/W1siZiIsIjUyMTQyNyJdLFsicCIsImNvbnZlcnQiLCItcmVzaXplIDEwMjR4MTAyNFx1MDAzZSJdXQ.jpg?sha=ee41bcac5ed64b01,"MoMA, Floor 3, 3 East"
81223,"Helmet Head Number 1",4071,1950,Bronze,"13 x 10 1/8 x 9 3/4" (33 x 25.8 x 24.8 cm), on marble base 2 1/4 x 14 1/8 x 12" (5.7 x 35.7 x  30.3 cm)",Sculpture,"Painting & Sculpture",1988-10-11,https://www.moma.org/collection/works/81223,https://www.moma.org/media/W1siZiIsIjIwODYyNCJdLFsicCIsImNvbnZlcnQiLCItcmVzaXplIDEwMjR4MTAyNFx1MDAzZSJdXQ.jpg?sha=66ef8ea8cf21feea,"MoMA, Floor 5, 500"
81225,Horse,926,1942,Bronze,"49 1/8 x 34 3/8" (124.8 x 87.3 cm), base 37 1/4" (94.4 cm) in diameter",Sculpture,"Painting & Sculpture",1944-11-08,https://www.moma.org/collection/works/81225,https://www.moma.org/media/W1siZiIsIjQ4NDg1OCJdLFsicCIsImNvbnZlcnQiLCItcmVzaXplIDEwMjR4MTAyNFx1MDAzZSJdXQ.jpg?sha=5af729ccc451ed60,"MoMA, Floor 1, Sculpture Garden"
81232,"Relief Construction",4016,"Montroig, August-November 1930","Oil on wood, nails, staples, and metal on wood panel
","35 7/8 x 27 5/8 x 6 3/8" (91.1 x 70.2 x 16.2 cm)",Sculpture,"Painting & Sculpture",1937-12-03,https://www.moma.org/collection/works/81232,https://www.moma.org/media/W1siZiIsIjE2NTgwMCJdLFsicCIsImNvbnZlcnQiLCItcmVzaXplIDEwMjR4MTAyNFx1MDAzZSJdXQ.jpg?sha=5d60204d1f02d88f,"MoMA, Floor 5, 517"
81233,"Man in the Open Air",4197,"c. 1915",Bronze,"54 1/2" (138.4 cm) high, 11 3/4 x 21 1/2" (29.9 x 54.6 cm) at base",Sculpture,"Painting & Sculpture",1948-10-06,https://www.moma.org/collection/works/81233,https://www.moma.org/media/W1siZiIsIjIxMDkxMiJdLFsicCIsImNvbnZlcnQiLCItcmVzaXplIDEwMjR4MTAyNFx1MDAzZSJdXQ.jpg?sha=bd16db900f957f90,"MoMA, Floor 5, 500"
81242,"Head of a Woman",3409,1915,"Painted wood construction","20 x 18 1/4" (50.8 x 46.3 cm)",Sculpture,"Painting & Sculpture",1937-12-03,https://www.moma.org/collection/works/81242,https://www.moma.org/media/W1siZiIsIjIxMDkyNyJdLFsicCIsImNvbnZlcnQiLCItcmVzaXplIDEwMjR4MTAyNFx1MDAzZSJdXQ.jpg?sha=3edb49d80c8acd49,"MoMA, Floor 5, 503"
81253,"Medal for Dishonor: Death by Gas",5480,1939-40,Bronze,"10 3/8 × 11 3/8 × 1 1/4" (26.4 × 28.9 × 3.2 cm)",Sculpture,"Painting & Sculpture",1957-12-04,https://www.moma.org/collection/works/81253,https://www.moma.org/media/W1siZiIsIjI0NjM2MCJdLFsicCIsImNvbnZlcnQiLCItcmVzaXplIDEwMjR4MTAyNFx1MDAzZSJdXQ.jpg?sha=047bbef5c626e409,"MoMA, Floor 5, 522"
81268,"Goat Skull and Bottle",4609,"Vallauris, 1951 (cast 1954)","Painted bronze","31 x 37 5/8 x 21 1/2" (78.8 x 95.3 x 54.5 cm)",Sculpture,"Painting & Sculpture",1956-10-09,https://www.moma.org/collection/works/81268,https://www.moma.org/media/W1siZiIsIjMwODMyMCJdLFsicCIsImNvbnZlcnQiLCItcmVzaXplIDEwMjR4MTAyNFx1MDAzZSJdXQ.jpg?sha=a2bc1c6794a0763b,"MoMA, Floor 5, 500"
81285,Essex,1060,1960,"Automobile parts and other metal","9' x 6' 8" x 43" (274.3 x 203.2 x 109.2 cm)",Sculpture,"Painting & Sculpture",1961-10-10,https://www.moma.org/collection/works/81285,NULL,"MoMA, Floor 4, 408"
81295,Moon,2812,1960,"Acrylic gesso on wood beam with wood-and-iron wheels and concrete","6' 6" x 17 1/8" x 10 1/4" (198.1 x 43.5 x 26 cm)",Sculpture,"Painting & Sculpture",1961-10-10,https://www.moma.org/collection/works/81295,https://www.moma.org/media/W1siZiIsIjIyMTY2OCJdLFsicCIsImNvbnZlcnQiLCItcmVzaXplIDEwMjR4MTAyNFx1MDAzZSJdXQ.jpg?sha=6d79df4a2e064c72,"MoMA, Floor 5, 516"
81307,"Glass of Absinthe",4609,"Paris, spring 1914","Painted bronze with absinthe spoon","8 1/2 x 6 1/2 x 3 3/8" (21.6 x 16.4 x 8.5 cm), diameter at base 2 1/2" (6.4 cm)",Sculpture,"Painting & Sculpture",1956-10-25,https://www.moma.org/collection/works/81307,https://www.moma.org/media/W1siZiIsIjMxMTkwMyJdLFsicCIsImNvbnZlcnQiLCItcmVzaXplIDEwMjR4MTAyNFx1MDAzZSJdXQ.jpg?sha=ccf982bc27f3d711,"MoMA, Floor 5, 517"
81329,"Retrospective Bust of a Woman",1364,"1933 (some elements reconstructed 1970)","Painted porcelain, bread, corn, feathers, paint on paper, beads, ink stand, sand, and two pens","29 x 27 1/4 x 12 5/8" (73.9 x 69.2 x 32 cm)",Sculpture,"Painting & Sculpture",1992-06-08,https://www.moma.org/collection/works/81329,https://www.moma.org/media/W1siZiIsIjIxMTAxNiJdLFsicCIsImNvbnZlcnQiLCItcmVzaXplIDEwMjR4MTAyNFx1MDAzZSJdXQ.jpg?sha=61e96dbbfd189553,"MoMA, Floor 5, 517"
81368,Crucifixion,1930,1948,"Glazed ceramic","19 1/8 x 12 3/8 x 9 1/8" (48.6 x 31.4 x 23.2 cm)",Sculpture,"Painting & Sculpture",1949-09-29,https://www.moma.org/collection/works/81368,https://www.moma.org/media/W1siZiIsIjIwODc3NSJdLFsicCIsImNvbnZlcnQiLCItcmVzaXplIDEwMjR4MTAyNFx1MDAzZSJdXQ.jpg?sha=172bd83d341c1ab2,"MoMA, Floor 5, 522"
81370,Pregnant,38,1981-82,"Birch branches, wire and fabric, twenty-three parts","Two bundles, 21 1/2 x 69 1/2 x 22" (54.6 x 176.5 x  55.8 cm) and 21" x 7'8" x 22 1/2" (53.3 x 233.8 x  57.1 cm); twenty-one bundles ranging from 16 1/2 (41.9 cm) to 71" (180.3 cm) in length",Installation,"Painting & Sculpture",1985-10-25,https://www.moma.org/collection/works/81370,https://www.moma.org/media/W1siZiIsIjQyNjc5OSJdLFsicCIsImNvbnZlcnQiLCItcmVzaXplIDEwMjR4MTAyNFx1MDAzZSJdXQ.jpg?sha=59979176759ea8c8,"MoMA, Floor 4, 420"
81372,Daphne,5451,1930,Bronze,"56 1/2 × 11 7/8 × 9 7/8" (143.5 × 30.2 × 25.1 cm)",Sculpture,"Painting & Sculpture",1939-04-13,https://www.moma.org/collection/works/81372,https://www.moma.org/media/W1siZiIsIjQzMTIzNSJdLFsicCIsImNvbnZlcnQiLCItcmVzaXplIDEwMjR4MTAyNFx1MDAzZSJdXQ.jpg?sha=5aa1e0e184264fb2,"MoMA, Floor 5, 514"
81412,"Jeannette (II)",3832,"Issy-les-Moulineaux, January - March (?) 1910",Bronze,"10 3/8 x 8 1/4 x 9 5/8" (26.2 x 21 x 24.5 cm)",Sculpture,"Painting & Sculpture",1955-12-10,https://www.moma.org/collection/works/81412,https://www.moma.org/media/W1siZiIsIjE2OTg3NCJdLFsicCIsImNvbnZlcnQiLCItcmVzaXplIDEwMjR4MTAyNFx1MDAzZSJdXQ.jpg?sha=b81bffabccb2a3ce,"MoMA, Floor 5, 506"
81419,"Red Tights with Fragment 9",4397,"April 1961","Muslin soaked in plaster over wire frame, painted with enamel","69 5/8 x 34 1/4 x 8 3/4" (176.7 x 87 x 22.2 cm)",Sculpture,"Painting & Sculpture",1961-12-13,https://www.moma.org/collection/works/81419,https://www.moma.org/media/W1siZiIsIjIxMTIzMCJdLFsicCIsImNvbnZlcnQiLCItcmVzaXplIDEwMjR4MTAyNFx1MDAzZSJdXQ.jpg?sha=df28ebd8669de869,"MoMA, Floor 4, 408"
81424,"Granite Bench",2714,1986,Granite,"17 3/4 x 48 x 21" (45.1 x 121.8 x 53.3 cm)",Sculpture,"Painting & Sculpture",1986-12-08,https://www.moma.org/collection/works/81424,https://www.moma.org/media/W1siZiIsIjE2NTQ3NiJdLFsicCIsImNvbnZlcnQiLCItcmVzaXplIDEwMjR4MTAyNFx1MDAzZSJdXQ.jpg?sha=bdd0fec27befdb8a,"MoMA, Floor 1, Sculpture Garden"
81428,"Cubic-Modular Wall Structure, Black",3528,1966,"Painted wood","43 1/2 x 43 1/2 x 9 3/8" (110.3 x 110.2 x 23.7 cm)",Sculpture,"Painting & Sculpture",1986-12-08,https://www.moma.org/collection/works/81428,https://www.moma.org/media/W1siZiIsIjUyNjc1NiJdLFsicCIsImNvbnZlcnQiLCItcmVzaXplIDEwMjR4MTAyNFx1MDAzZSJdXQ.jpg?sha=0b81b526eef04a40,"MoMA, Floor 4, 413"
81432,"Rotary Demisphere (Precision Optics)",1634,"Paris, 1925","Painted papier-mâché demisphere fitted on velvet-covered disk, copper collar with plexiglass dome, motor, pulley, and metal stand","58 1/2 x 25 1/4 x 24" (148.6 x 64.2 x 60.9 cm)",Sculpture,"Painting & Sculpture",1970-10-14,https://www.moma.org/collection/works/81432,https://www.moma.org/media/W1siZiIsIjExMTI5MiJdLFsicCIsImNvbnZlcnQiLCItcmVzaXplIDEwMjR4MTAyNFx1MDAzZSJdXQ.jpg?sha=93c42feb160a9a6e,"MoMA, Floor 5, 505"
81442,Untitled,670,1961,"Welded steel, canvas, fabric, rawhide, copper wire, and soot","6' 8 1/4" x 7' 5" x 34 3/4" (203.6 x 226 x 88 cm)",Sculpture,"Painting & Sculpture",1963-10-08,https://www.moma.org/collection/works/81442,https://www.moma.org/media/W1siZiIsIjE4NDI1MSJdLFsicCIsImNvbnZlcnQiLCItcmVzaXplIDEwMjR4MTAyNFx1MDAzZSJdXQ.jpg?sha=d5833f7192075166,"MoMA, Floor 4, 408"
81493,"Taglioni's Jewel Casket",1247,1940,"Velvet-lined wooden box containing glass necklace, jewelry fragments, glass chips, and glass cubes resting in slots on glass","4 3/4 x 11 7/8 x 8 1/4" (12 x 30.2 x 21 cm)",Sculpture,"Painting & Sculpture",1953-11-04,https://www.moma.org/collection/works/81493,https://www.moma.org/media/W1siZiIsIjIxMTQ5NSJdLFsicCIsImNvbnZlcnQiLCItcmVzaXplIDEwMjR4MTAyNFx1MDAzZSJdXQ.jpg?sha=fa7c39e1568d0320,"MoMA, Floor 5, 517"
81505,"Young Bird",738,"Paris 1928","Bronze 16 x 8 1/4 x 12" (40.5 x 21 x 30.4 cm), on a two-part pedestal of limestone 9 1/4" (23.5 cm) high, and oak 23 3/4" (60.3 cm) high (carved by the artist)","16 × 8 1/4 × 12" (40.6 × 21 × 30.5 cm)
Other (stone): 9 1/4" (23.5 cm)
Pedestal (overall): 36 × 13 1/2 × 14" (91.4 × 34.3 × 35.6 cm)",Sculpture,"Painting & Sculpture",1985-10-25,https://www.moma.org/collection/works/81505,https://www.moma.org/media/W1siZiIsIjIyOTkwNiJdLFsicCIsImNvbnZlcnQiLCItcmVzaXplIDEwMjR4MTAyNFx1MDAzZSJdXQ.jpg?sha=bcfe48ae6c52a3d3,"MoMA, Floor 5, 508"
81517,Self-Portrait,429,"1936 (cast 1951)",Bronze,"14 1/2 x 11 1/4 x 13" (36.8 x 28.6 x 33 cm)",Sculpture,"Painting & Sculpture",1951-11-21,https://www.moma.org/collection/works/81517,https://www.moma.org/media/W1siZiIsIjIwOTAyNiJdLFsicCIsImNvbnZlcnQiLCItcmVzaXplIDEwMjR4MTAyNFx1MDAzZSJdXQ.jpg?sha=3eb2db651d7279c1,"MoMA, Floor 5, 514"
81524,"Man with a Guitar",3563,1915,Limestone,"38 1/4 x 10 1/2 x 7 3/4" (97.2 x 26.7 x 19.5 cm)",Sculpture,"Painting & Sculpture",1951-11-21,https://www.moma.org/collection/works/81524,https://www.moma.org/media/W1siZiIsIjUxNzgwNyJdLFsicCIsImNvbnZlcnQiLCItcmVzaXplIDEwMjR4MTAyNFx1MDAzZSJdXQ.jpg?sha=c039c966c1f1dad4,"MoMA, Floor 5, 503"
81525,"Construction of Volume Relations",6091,1921,Mahogany,"16 1/8 x 5 5/8 x 5 3/4" (41 x 14.4 x 14.5 cm)
",Sculpture,"Painting & Sculpture",1953-12-29,https://www.moma.org/collection/works/81525,https://www.moma.org/media/W1siZiIsIjI0MjU5MiJdLFsicCIsImNvbnZlcnQiLCItcmVzaXplIDEwMjR4MTAyNFx1MDAzZSJdXQ.jpg?sha=4b60727a049399a6,"MoMA, Floor 5, 512"
81604,"The Road; The Shadow; Too Long, Too Narrow",3767,1946,"Bronze and wood","56 1/2 x 71 3/4 x 23 3/8" (143.4 x 179.7 x 59.4 cm)",Sculpture,"Painting & Sculpture",1964-10-06,https://www.moma.org/collection/works/81604,https://www.moma.org/media/W1siZiIsIjIwOTEwNSJdLFsicCIsImNvbnZlcnQiLCItcmVzaXplIDEwMjR4MTAyNFx1MDAzZSJdXQ.jpg?sha=190efe60917121d9,"MoMA, Floor 5, 500"
81620,"Five Feet of Colorful Tools",1547,1962,"Oil on canvas surmounted by a board on which painted tools hang from hooks","55 5/8 x 60 1/4 x 4 3/8" (141.2 x 152.9 x 11 cm)",Painting,"Painting & Sculpture",1967-10-18,https://www.moma.org/collection/works/81620,https://www.moma.org/media/W1siZiIsIjE1OTEzMiJdLFsicCIsImNvbnZlcnQiLCItcmVzaXplIDEwMjR4MTAyNFx1MDAzZSJdXQ.jpg?sha=6df89c2a11a416bc,"MoMA, Floor 4, 412"
81631,"Bicycle Wheel",1634,"New York, 1951 (third version, after lost original of 1913)","Metal wheel mounted on painted wood stool","51 x 25 x 16 1/2" (129.5 x 63.5 x 41.9 cm)",Sculpture,"Painting & Sculpture",1967-10-18,https://www.moma.org/collection/works/81631,https://www.moma.org/media/W1siZiIsIjE2NTQ4MyJdLFsicCIsImNvbnZlcnQiLCItcmVzaXplIDEwMjR4MTAyNFx1MDAzZSJdXQ.jpg?sha=0d70070ba05bfb22,"MoMA, Floor 5, 505"
81632,"Head of a Man on a Rod",2141,1947,Bronze,"23 1/2" (59.7 cm) high, including bronze base 6 3/8 x 5 7/8 x 6" (16.0 x 14.9 x 15.1 cm)",Sculpture,"Painting & Sculpture",1976-12-07,https://www.moma.org/collection/works/81632,https://www.moma.org/media/W1siZiIsIjIzMDM4NiJdLFsicCIsImNvbnZlcnQiLCItcmVzaXplIDEwMjR4MTAyNFx1MDAzZSJdXQ.jpg?sha=7840581ac7894167,"MoMA, Floor 5, 522"
81655,"The Newborn",738,"version I, 1920",Bronze,"5 3/4 x 8 1/4 x 5 3/4" (14.6 x 21 x 14.6 cm)",Sculpture,"Painting & Sculpture",1943-07-06,https://www.moma.org/collection/works/81655,https://www.moma.org/media/W1siZiIsIjE5OTA1OSJdLFsicCIsImNvbnZlcnQiLCItcmVzaXplIDEwMjR4MTAyNFx1MDAzZSJdXQ.jpg?sha=b196ca4ffc3045c2,"MoMA, Floor 5, 508"
81661,"Roulette: Number Five",3093,1964,"Paint, pencil, metal, can, pail, and baseball mounted on wood","42 1/8 x 25 3/8 x 8 1/2" (107 x 64.5 x 21.6 cm)",Sculpture,"Painting & Sculpture",1965-06-08,https://www.moma.org/collection/works/81661,https://www.moma.org/media/W1siZiIsIjUxOTQ2MiJdLFsicCIsImNvbnZlcnQiLCItcmVzaXplIDEwMjR4MTAyNFx1MDAzZSJdXQ.jpg?sha=57d1a23ef59ff612,"MoMA, Floor 4, 412"
81664,"Untitled (Ears)",3973,1964,"Cast aluminum","21 3/8 x 19 x 1 1/2" (54.3 x 48.2 x 3.7 cm)",Sculpture,"Painting & Sculpture",1965-06-08,https://www.moma.org/collection/works/81664,https://www.moma.org/media/W1siZiIsIjk3NjU2Il0sWyJwIiwiY29udmVydCIsIi1yZXNpemUgMTAyNHgxMDI0XHUwMDNlIl1d.jpg?sha=c91e65bc860dd5c4,"MoMA, Floor 4, 412"
81670,She-Goat,4609,"Vallauris, 1950 (cast 1952)",Bronze,"46 3/8 x 56 3/8 x 28 1/8" (117.7 x 143.1 x 71.4 cm)
",Sculpture,"Painting & Sculpture",1959-04-22,https://www.moma.org/collection/works/81670,https://www.moma.org/media/W1siZiIsIjMxMDI5OCJdLFsicCIsImNvbnZlcnQiLCItcmVzaXplIDEwMjR4MTAyNFx1MDAzZSJdXQ.jpg?sha=63edd8f7c51e43f9,"MoMA, Floor 1, Sculpture Garden"
81698,"La Serpentine",3832,"Issy-les-Moulineaux, fall 1909",Bronze,"22 1/4 x 11 x 7 1/2" (56.5 x 28 x 19 cm)",Sculpture,"Painting & Sculpture",1939-12-08,https://www.moma.org/collection/works/81698,https://www.moma.org/media/W1siZiIsIjQ2MjU5MSJdLFsicCIsImNvbnZlcnQiLCItcmVzaXplIDEwMjR4MTAyNFx1MDAzZSJdXQ.jpg?sha=6aaf6989985c4c87,"MoMA, Floor 5, 506"
81717,Moonbird,4016,1966,Bronze,"90 × 78 × 57", 1400 lb. (228.6 × 198.1 × 144.8 cm, 635 kg)",Sculpture,"Painting & Sculpture",1994-12-08,https://www.moma.org/collection/works/81717,https://www.moma.org/media/W1siZiIsIjE2NTQ4NCJdLFsicCIsImNvbnZlcnQiLCItcmVzaXplIDEwMjR4MTAyNFx1MDAzZSJdXQ.jpg?sha=9412ab702617dc22,"MoMA, Floor 1, Sculpture Garden"
81729,"Endless Column",738,"version I, 1918",Oak,"6' 8" x 9 7/8" x 9 5/8" (203.2 x 25.1 x 24.5 cm)",Sculpture,"Painting & Sculpture",1983-10-11,https://www.moma.org/collection/works/81729,https://www.moma.org/media/W1siZiIsIjMxMzg1NyJdLFsicCIsImNvbnZlcnQiLCItcmVzaXplIDEwMjR4MTAyNFx1MDAzZSJdXQ.jpg?sha=4d0094622c85e07f,"MoMA, Floor 5, 508"
81732,Extend-Expand,2310,1983,"Bronze with polychromed patina","7' 1" x 51" x 33 5/8" (215.7 x 129.5 x 85.4 cm)",Sculpture,"Painting & Sculpture",1983-10-11,https://www.moma.org/collection/works/81732,https://www.moma.org/media/W1siZiIsIjU1NjQwOCJdLFsicCIsImNvbnZlcnQiLCItcmVzaXplIDEwMjR4MTAyNFx1MDAzZSJdXQ.jpg?sha=8637668df7f4b503,"MoMA, Floor 3, 3 East"
81782,"Side by Side",1031,1972,"Modeling paste, gesso, and graphite on board, five pieces","Overall 8' 2" x 12' 1/2" x 1/2" (248.9 x 367 x 1.3 cm)",Sculpture,"Painting & Sculpture",1980-12-09,https://www.moma.org/collection/works/81782,https://www.moma.org/media/W1siZiIsIjM4MTk2MSJdLFsicCIsImNvbnZlcnQiLCItcmVzaXplIDEwMjR4MTAyNFx1MDAzZSJdXQ.jpg?sha=8ad6af5f8f3ae2fe,"MoMA, Floor 4, 420"
81784,"Untitled (Bébé Marie)",1247,"early 1940s","Papered and painted wood box, with painted corrugated cardboard bottom, containing doll in cloth dress and straw hat with cloth flowers, dried flowers, and twigs, flecked with paint","23 1/2 x 12 3/8 x 5 1/4" (59.7 x 31.5 x 13.3 cm)",Sculpture,"Painting & Sculpture",1980-12-09,https://www.moma.org/collection/works/81784,https://www.moma.org/media/W1siZiIsIjE5ODI4NyJdLFsicCIsImNvbnZlcnQiLCItcmVzaXplIDEwMjR4MTAyNFx1MDAzZSJdXQ.jpg?sha=fb42ba2cf466e2e8,"MoMA, Floor 5, 517"
81795,Fish,738,"Paris 1930","Blue-gray marble 21 x 71 x 5 1/2" (53.3 x 180.3 x 14 cm), on three-part pedestal of one marble 5 1/8" (13 cm) high, and two limestone cylinders 13" (33 cm) high and 11" (27.9 cm) high x 32 1/8" (81.5 cm) diameter at widest point","21 × 71 × 5 1/2" (53.3 × 180.3 × 14 cm)
Pedestal: 5 1/8" (13 cm)
Other (cylinder): 13 × 32 1/8" (33 × 81.6 cm)
Other (cylinder): 11" (27.9 cm)",Sculpture,"Painting & Sculpture",1948-10-06,https://www.moma.org/collection/works/81795,https://www.moma.org/media/W1siZiIsIjE1OTE0MyJdLFsicCIsImNvbnZlcnQiLCItcmVzaXplIDEwMjR4MTAyNFx1MDAzZSJdXQ.jpg?sha=bb455535d1e6835b,"MoMA, Floor 5, 508"
81798,"The River",3697,"Begun 1938-39; completed 1943 (cast 1948)",Lead,"53 3/4" x 7' 6" x 66" (136.5 x 228.6 x 167.7 cm), on lead base designed by the artist 9 3/4 x 67 x 27 3/4" (24.8 x 170.1 x 70.4 cm)",Sculpture,"Painting & Sculpture",1948-10-06,https://www.moma.org/collection/works/81798,https://www.moma.org/media/W1siZiIsIjQzMDYxMCJdLFsicCIsImNvbnZlcnQiLCItcmVzaXplIDEwMjR4MTAyNFx1MDAzZSJdXQ.jpg?sha=7cb794ad9d546d75,"MoMA, Floor 1, Sculpture Garden"
81806,"The Machine-Gunneress in a State of Grace",452,1937,"Construction of wood and metal","30 7/8 x 29 3/4 x 13 5/8" (78.5 x 75.5 x 34.5 cm), on wood base 4 3/4 x 15 3/4 x 11 7/8" (12 x 40 x 29.9 cm)",Sculpture,"Painting & Sculpture",1968-05-07,https://www.moma.org/collection/works/81806,https://www.moma.org/media/W1siZiIsIjIzMDUwMiJdLFsicCIsImNvbnZlcnQiLCItcmVzaXplIDEwMjR4MTAyNFx1MDAzZSJdXQ.jpg?sha=d3c053f7b7f03465,"MoMA, Floor 5, 517"
81811,Untitled,2948,1968,"Painted steel","48 3/8" x 10' x 10' 1" (122.8 x 305 x 307.6 cm)",Sculpture,"Painting & Sculpture",1968-05-07,https://www.moma.org/collection/works/81811,https://www.moma.org/media/W1siZiIsIjQ2NTk2OCJdLFsicCIsImNvbnZlcnQiLCItcmVzaXplIDEwMjR4MTAyNFx1MDAzZSJdXQ.jpg?sha=09a8d47c2814d60b,"MoMA, Floor 4, 413"
81849,"Hands Holding the Void (Invisible Object)",2141,"1934 (cast c. 1954-55)",Bronze,"59 7/8 x 12 7/8 x 10" (152.1 x 32.6 x 25.3 cm)",Sculpture,"Painting & Sculpture",1995-12-12,https://www.moma.org/collection/works/81849,https://www.moma.org/media/W1siZiIsIjUyNzc1NSJdLFsicCIsImNvbnZlcnQiLCItcmVzaXplIDEwMjR4MTAyNFx1MDAzZSJdXQ.jpg?sha=d218de7c291e7625,"MoMA, Floor 5, 517"
81861,"Saffa Super Matchbox",2455,1965,"Polyvinyl acetate paint on plywood","45 1/2 x 34 1/4 x 3" (115.5 x 86.9 x 7.5 cm)",Sculpture,"Painting & Sculpture",1969-10-07,https://www.moma.org/collection/works/81861,NULL,"MoMA, Floor 4, 412"
81863,Law,2812,1960-62,"Acrylic gesso on wood beam with wood-and-iron wheel","44 1/8 x 10 7/8 x 3 1/8" (111.9 x 27.6 x 7.8 cm)",Sculpture,"Painting & Sculpture",1969-10-07,https://www.moma.org/collection/works/81863,https://www.moma.org/media/W1siZiIsIjIwOTI4OSJdLFsicCIsImNvbnZlcnQiLCItcmVzaXplIDEwMjR4MTAyNFx1MDAzZSJdXQ.jpg?sha=27b12dee5bfc8c3d,"MoMA, Floor 5, 516"
81870,"The Jester",4609,"1905 (cast 1950s)",Bronze,"15 1/4 x 13 3/4 x 8 5/8" (38.7 x 34.8 x 21.9 cm)",Sculpture,"Painting & Sculpture",1995-12-12,https://www.moma.org/collection/works/81870,https://www.moma.org/media/W1siZiIsIjIwOTI5NCJdLFsicCIsImNvbnZlcnQiLCItcmVzaXplIDEwMjR4MTAyNFx1MDAzZSJdXQ.jpg?sha=98497259d4aba16f,"MoMA, Floor 5, 502"
81893,"My Pacific (Polynesian Culture)",4324,1942,Driftwood,"41 x 21 x 8 1/4" (104.1 x 53.3 x 20.9 cm)",Sculpture,"Painting & Sculpture",1996-12-09,https://www.moma.org/collection/works/81893,https://www.moma.org/media/W1siZiIsIjUyNzc2MyJdLFsicCIsImNvbnZlcnQiLCItcmVzaXplIDEwMjR4MTAyNFx1MDAzZSJdXQ.jpg?sha=a1049852201c0f70,"MoMA, Floor 5, 509"
81914,"Head of the Montserrat, II",2231,1942,Bronze,"12 3/8 x 7 3/4 x 11 1/8" (31.3 x 19.6 x 28.1 cm)",Sculpture,"Painting & Sculpture",1965-12-07,https://www.moma.org/collection/works/81914,https://www.moma.org/media/W1siZiIsIjIwOTUwMCJdLFsicCIsImNvbnZlcnQiLCItcmVzaXplIDEwMjR4MTAyNFx1MDAzZSJdXQ.jpg?sha=e6b39c78537fcc8d,"MoMA, Floor 5, 522"
81915,Object,4016,"Barcelona, spring 1936","Stuffed parrot on wood perch, stuffed silk stocking with velvet garter and doll's paper shoe suspended in hollow wood frame, derby hat, hanging cork ball, celluloid fish, and engraved map","31 7/8 x 11 7/8 x 10 1/4" (81 x 30.1 x 26 cm)",Sculpture,"Painting & Sculpture",1965-12-07,https://www.moma.org/collection/works/81915,https://www.moma.org/media/W1siZiIsIjIxMTk1NCJdLFsicCIsImNvbnZlcnQiLCItcmVzaXplIDEwMjR4MTAyNFx1MDAzZSJdXQ.jpg?sha=00362358968c4a3b,"MoMA, Floor 5, 517"
81968,"French Atomic Bomb",2812,1959-60,"Acrylic gesso on wood beam with metal element and metal wheel","38 5/8 x 11 5/8 x 4 7/8" (98 x 29.5 x 12.3 cm)",Sculpture,"Painting & Sculpture",1964-11-10,https://www.moma.org/collection/works/81968,https://www.moma.org/media/W1siZiIsIjIwOTU2MSJdLFsicCIsImNvbnZlcnQiLCItcmVzaXplIDEwMjR4MTAyNFx1MDAzZSJdXQ.jpg?sha=a411f2ebec74b84a,"MoMA, Floor 5, 516"
81974,"34 with Scars",7958,1991,"Acrylic, embroidery thread, and plastic tacks on voile","16 1/8 x 12 3/16" (41 x 31 cm)",Sculpture,"Painting & Sculpture",2001-02-12,https://www.moma.org/collection/works/81974,https://www.moma.org/media/W1siZiIsIjUzMDAyNiJdLFsicCIsImNvbnZlcnQiLCItcmVzaXplIDEwMjR4MTAyNFx1MDAzZSJdXQ.jpg?sha=8b9e440c600d5765,"MoMA, Floor 3, 3 East"
81986,"Enak's Tears (Terrestrial Forms)",11,1917,"Painted wood","34 x 23 1/8 x 2 3/8" (86.2 x 58.5 x 6 cm)",Sculpture,"Painting & Sculpture",1979-12-11,https://www.moma.org/collection/works/81986,https://www.moma.org/media/W1siZiIsIjIxMTk5MiJdLFsicCIsImNvbnZlcnQiLCItcmVzaXplIDEwMjR4MTAyNFx1MDAzZSJdXQ.jpg?sha=0c5714444ae76be3,"MoMA, Floor 5, 508"
82016,"Water Tower",6910,1998,"Translucent resin and painted steel","12' 2" (370.8 cm) high x 9' (274.3 cm) in diameter",Sculpture,"Painting & Sculpture",1999-12-06,https://www.moma.org/collection/works/82016,https://www.moma.org/media/W1siZiIsIjIzMDA2OCJdLFsicCIsImNvbnZlcnQiLCItcmVzaXplIDEwMjR4MTAyNFx1MDAzZSJdXQ.jpg?sha=cc6537217071463d,"MoMA, Floor 1, Sculpture Garden"
82041,Love,3774,1962,"Plaster and Coca-Cola bottle","6 1/4 x 4 1/8 x 8 1/8" (15.8 x 10.5 x 20.6 cm)",Sculpture,"Painting & Sculpture",1974-02-11,https://www.moma.org/collection/works/82041,https://www.moma.org/media/W1siZiIsIjE1Mjg1NSJdLFsicCIsImNvbnZlcnQiLCItcmVzaXplIDEwMjR4MTAyNFx1MDAzZSJdXQ.jpg?sha=0300b3f8ee05014a,"MoMA, Floor 4, 412"
82053,"Giant Soft Fan",4397,1966-67,"Vinyl filled with foam rubber, wood, metal, and plastic tubing","Fan, approximately 10' x 58 7/8" x 61 7/8" (305 x 149.5 x 157.1 cm), plus cord and plug 24' 3 1/4" (739.6 cm) long",Sculpture,"Painting & Sculpture",1967-10-18,https://www.moma.org/collection/works/82053,https://www.moma.org/media/W1siZiIsIjQwMTY1MyJdLFsicCIsImNvbnZlcnQiLCItcmVzaXplIDEwMjR4MTAyNFx1MDAzZSJdXQ.jpg?sha=99a7add66c944959,"MoMA, Floor 4, 413"
82208,"Cubist Landscape",4942,1912,"Oil on canvas","25 3/4 x 35 1/2" (65.4 x 90.2 cm)",Painting,"Painting & Sculpture",2001-11-12,https://www.moma.org/collection/works/82208,https://www.moma.org/media/W1siZiIsIjE1NzAwNSJdLFsicCIsImNvbnZlcnQiLCItcmVzaXplIDEwMjR4MTAyNFx1MDAzZSJdXQ.jpg?sha=3836778c0dcaed39,"MoMA, Floor 5, 503"
82320,"Houston Drawing 3",3758,1973,"Charcoal on paper","41 x 29 1/2" (104.1 x 74.9 cm)",Drawing,"Drawings & Prints",2001-12-11,https://www.moma.org/collection/works/82320,https://www.moma.org/media/W1siZiIsIjIzNjc5NCJdLFsicCIsImNvbnZlcnQiLCItcmVzaXplIDEwMjR4MTAyNFx1MDAzZSJdXQ.jpg?sha=f99c0a450075ea58,"MoMA, Floor 4, 407"
82369,"Les Terrasses, Villa Stein-de-Monzie, Garches, France","3426, 2899","1926–1928 (model 1970)","Acrylic, wood, metal and paint","35 1/4 × 35 1/4 × 20 7/8" (89.5 × 89.5 × 53 cm)
Vitrine: 30 × 45 × 45" (76.2 × 114.3 × 114.3 cm)
Tray: 3 × 45 × 45" (7.6 × 114.3 × 114.3 cm)",Architecture,"Architecture & Design",1970-01-01,https://www.moma.org/collection/works/82369,https://www.moma.org/media/W1siZiIsIjUzMTI1MiJdLFsicCIsImNvbnZlcnQiLCItcmVzaXplIDEwMjR4MTAyNFx1MDAzZSJdXQ.jpg?sha=8bf5d4c19a5e7072,"MoMA, Floor 5, 513"
82533,"Quarantania, III",710,"1949-50 (cast 2001)",Bronze,"58 1/4 x 12 3/4 x 2" (148 x 32.4 x 5.1 cm)",Sculpture,"Painting & Sculpture",2002-02-11,https://www.moma.org/collection/works/82533,https://www.moma.org/media/W1siZiIsIjIyNjU3MSJdLFsicCIsImNvbnZlcnQiLCItcmVzaXplIDEwMjR4MTAyNFx1MDAzZSJdXQ.jpg?sha=259e0c175753201e,"MoMA, Floor 1, Sculpture Garden"
83089,Pants,5749,1930-41,"Gelatin silver print","5 11/16 × 7 7/8" (14.5 × 20 cm)",Photograph,Photography,1941-01-16,https://www.moma.org/collection/works/83089,https://www.moma.org/media/W1siZiIsIjI1MjI4MCJdLFsicCIsImNvbnZlcnQiLCItcmVzaXplIDEwMjR4MTAyNFx1MDAzZSJdXQ.jpg?sha=fac094f8fb574dba,"MoMA, Floor 5, 519"
83778,"The Little Boot",2595,1931,"Gelatin silver print","8 3/16 × 11 1/4" (20.8 × 28.6 cm)",Photograph,Photography,2001-12-13,https://www.moma.org/collection/works/83778,https://www.moma.org/media/W1siZiIsIjIwMjQxMCJdLFsicCIsImNvbnZlcnQiLCItcmVzaXplIDEwMjR4MTAyNFx1MDAzZSJdXQ.jpg?sha=eb7fc0582573cbc7,"MoMA, Floor 5, 517"
83858,"Photogram Signet",24533,1925–29,"Gelatin silver print","9 3/8 × 7" (23.8 × 17.8 cm)",Photograph,Photography,2001-12-13,https://www.moma.org/collection/works/83858,https://www.moma.org/media/W1siZiIsIjIwMjg4MiJdLFsicCIsImNvbnZlcnQiLCItcmVzaXplIDEwMjR4MTAyNFx1MDAzZSJdXQ.jpg?sha=ef9768eb8b50e981,"MoMA, Floor 5, 505"
83859,"Motorcycle in the Race",24533,1925,"Gelatin silver print","8 11/16 × 6 7/8" (22 × 17.4 cm)",Photograph,Photography,2001-12-13,https://www.moma.org/collection/works/83859,https://www.moma.org/media/W1siZiIsIjIwMjg4MSJdLFsicCIsImNvbnZlcnQiLCItcmVzaXplIDEwMjR4MTAyNFx1MDAzZSJdXQ.jpg?sha=180533087d2652be,"MoMA, Floor 5, 505"
84120,Untitled,3758,1971,"Oil and pencil on paper","22 3/8 x 30 1/2" (56.8 x 77.5 cm)",Drawing,"Drawings & Prints",2002-04-09,https://www.moma.org/collection/works/84120,https://www.moma.org/media/W1siZiIsIjIyNzI3NyJdLFsicCIsImNvbnZlcnQiLCItcmVzaXplIDEwMjR4MTAyNFx1MDAzZSJdXQ.jpg?sha=45b39b7797174d65,"MoMA, Floor 4, 407"
84130,"Vase (3031)",34,1936,"Mold-blown glass","11 1/2 x 12 1/4 x 11 1/4" (29.2 x 31.1 x 28.6 cm) (irreg.)",Design,"Architecture & Design",2002-05-13,https://www.moma.org/collection/works/84130,https://www.moma.org/media/W1siZiIsIjUzMDM0NCJdLFsicCIsImNvbnZlcnQiLCItcmVzaXplIDEwMjR4MTAyNFx1MDAzZSJdXQ.jpg?sha=e66e096df9613e89,"MoMA, Floor 1, 1 South"
84194,Untitled,6602,1992,"Eighteen color instant prints (Polaroids) and eighteen engraved plastic plaques","Overall 90 × 162" (228.6 × 411.5 cm)",Photograph,Photography,2002-10-10,https://www.moma.org/collection/works/84194,https://www.moma.org/media/W1siZiIsIjQwNjYwNSJdLFsicCIsImNvbnZlcnQiLCItcmVzaXplIDEwMjR4MTAyNFx1MDAzZSJdXQ.jpg?sha=ebff69298aeb6fa8,"MoMA, Floor 3, 3 East"
84200,"Tugendhat House, Brno, Czechoslovakia (Model of final version)",7166,1928-1930,"Painted wood, metal, wooden tiles, plastic fence steps and windows","13 x 44 1/2 x 36 x 10 3/4" (33 x 113 x 91.4 x 27.3 cm) including base
8 x 44 1/2 x 36" (20.3 x 113 x 91.4 cm)",Architecture,"Architecture & Design",1932-01-01,https://www.moma.org/collection/works/84200,https://www.moma.org/media/W1siZiIsIjYyODI5Il0sWyJwIiwiY29udmVydCIsIi1yZXNpemUgMTAyNHgxMDI0XHUwMDNlIl1d.jpg?sha=3e710d59a5942ca1,"MoMA, Floor 5, 511"
85730,"Untitled (The Right Protection)",24777,1999,"Lithograph with colored paper pulp additions","20 1/4 × 17 1/2" (51.4 × 44.5 cm)",Print,"Drawings & Prints",2002-06-18,https://www.moma.org/collection/works/85730,https://www.moma.org/media/W1siZiIsIjIxNDExMCJdLFsicCIsImNvbnZlcnQiLCItcmVzaXplIDEwMjR4MTAyNFx1MDAzZSJdXQ.jpg?sha=3f793afbdb2b83ac,"MoMA, Floor 3, 3 East"
85904,"Lasca from Nigger Heaven (Illustration from Carl van Vechten's novel)",3020,1931,"Gouache and pencil on paper","22 x 15 1/4" (55.9 x 38.7 cm)",Drawing,"Drawings & Prints",1978-10-27,https://www.moma.org/collection/works/85904,https://www.moma.org/media/W1siZiIsIjMzMTYwNCJdLFsicCIsImNvbnZlcnQiLCItcmVzaXplIDEwMjR4MTAyNFx1MDAzZSJdXQ.jpg?sha=ad00ecfcc9230bea,"MoMA, Floor 5, 510"
85907,"Mary in Central Park from Nigger Heaven (Illustration from Carl van Vechten's novel)",3020,1931,"Gouache and pencil on paper","22 x 15 1/4" (55.9 x 38.7 cm)",Drawing,"Drawings & Prints",1978-10-27,https://www.moma.org/collection/works/85907,https://www.moma.org/media/W1siZiIsIjMzMTYwNyJdLFsicCIsImNvbnZlcnQiLCItcmVzaXplIDEwMjR4MTAyNFx1MDAzZSJdXQ.jpg?sha=fff69a37bf9707a2,"MoMA, Floor 5, 510"
85908,"Byron and Lasca Dance Together from Nigger Heaven (Illustration from Carl van Vechten's novel)",3020,1931,"Gouache and pencil on paper","22 x 15 1/4" (55.9 x 38.7 cm)",Drawing,"Drawings & Prints",1978-10-27,https://www.moma.org/collection/works/85908,https://www.moma.org/media/W1siZiIsIjMzMTYwOCJdLFsicCIsImNvbnZlcnQiLCItcmVzaXplIDEwMjR4MTAyNFx1MDAzZSJdXQ.jpg?sha=8e37d2adfb21a6ab,"MoMA, Floor 5, 510"
85912,"At the Winter Palace from Nigger Heaven (Illustration from Carl van Vechten's novel)",3020,1931,"Gouache and pencil on paper","22 x 15 1/4" (55.9 x 38.7 cm)",Drawing,"Drawings & Prints",1978-10-27,https://www.moma.org/collection/works/85912,https://www.moma.org/media/W1siZiIsIjMzMTU5OCJdLFsicCIsImNvbnZlcnQiLCItcmVzaXplIDEwMjR4MTAyNFx1MDAzZSJdXQ.jpg?sha=41bc8877dbb46fd9,"MoMA, Floor 5, 510"
86021,"Boxes of Kenyon's Johnny Cake cornmeal awaiting shipment. Usquepaug, Rhode Island",1475,"December 1940","Gelatin silver print","7 × 9 1/2" (17.8 × 24.1 cm)",Photograph,Photography,2002-06-13,https://www.moma.org/collection/works/86021,https://www.moma.org/media/W1siZiIsIjIxOTUxNyJdLFsicCIsImNvbnZlcnQiLCItcmVzaXplIDEwMjR4MTAyNFx1MDAzZSJdXQ.jpg?sha=36202810bd39ae56,"MoMA, Floor 5, 519"
86023,"Hurricane Lumber, Ledyard, Connecticut",1475,"November 1940","Gelatin silver print","7 1/16 × 9 5/8" (18 × 24.5 cm)",Photograph,Photography,2002-06-13,https://www.moma.org/collection/works/86023,https://www.moma.org/media/W1siZiIsIjE4NzMyNCJdLFsicCIsImNvbnZlcnQiLCItcmVzaXplIDEwMjR4MTAyNFx1MDAzZSJdXQ.jpg?sha=f61eb80c85973e5d,"MoMA, Floor 5, 519"
86474,"Coffee Table (model IN-50)",4324,1944,"Birch, glass, aluminum dowel","15 5/8 × 50 1/4 × 35 7/8" (39.7 × 127.6 × 91.1 cm)
Component (.a): 3/4 × 50 1/4 × 35 7/8" (1.9 × 127.6 × 91.1 cm)
Component (.b-c): 14 7/8 × 30 1/2 × 1 1/2" (37.8 × 77.5 × 3.8 cm)
Component (.d): 7 13/16 × 9/16" (19.9 × 1.4 cm)",Design,"Architecture & Design",2002-09-17,https://www.moma.org/collection/works/86474,https://www.moma.org/media/W1siZiIsIjU4NTg5MyJdLFsicCIsImNvbnZlcnQiLCItcmVzaXplIDEwMjR4MTAyNFx1MDAzZSJdXQ.jpg?sha=6067013d21a1b410,"MoMA, Floor 1, 1 South"
86630,"Letters (The Twenty-Six Series)",5983,1966,"Galvanized iron, twenty-six parts","Each approximately 6 x 9 x 5/8" (15.2 x 22.9 x 1.6 cm), overall dimensions variable",Sculpture,"Painting & Sculpture",2002-10-07,https://www.moma.org/collection/works/86630,https://www.moma.org/media/W1siZiIsIjUzMDYwNSJdLFsicCIsImNvbnZlcnQiLCItcmVzaXplIDEwMjR4MTAyNFx1MDAzZSJdXQ.jpg?sha=ae12eec48880711b,"MoMA, Floor 4, 413"
87099,"Château Noir",1053,1903-04,"Oil on canvas","29 x 36 3/4" (73.6 x 93.2 cm)",Painting,"Painting & Sculpture",1957-10-09,https://www.moma.org/collection/works/87099,https://www.moma.org/media/W1siZiIsIjE5ODU1NSJdLFsicCIsImNvbnZlcnQiLCItcmVzaXplIDEwMjR4MTAyNFx1MDAzZSJdXQ.jpg?sha=145215fac7a6bfd8,"MoMA, Floor 5, 501"
87101,"Coney Island",1973,1958,"Gelatin silver print","9 3/8 × 13 3/4" (23.8 × 34.9 cm)",Photograph,Photography,2016-05-19,https://www.moma.org/collection/works/87101,https://www.moma.org/media/W1siZiIsIjM0NjE0NyJdLFsicCIsImNvbnZlcnQiLCItcmVzaXplIDEwMjR4MTAyNFx1MDAzZSJdXQ.jpg?sha=cb3580b2268db161,"MoMA, Floor 3, 3 South"
88254,Head,5777,1920,"Oil on wood with glass beads on wire","9 1/4" high (23.5 cm)",Sculpture,"Painting & Sculpture",2003-10-07,https://www.moma.org/collection/works/88254,https://www.moma.org/media/W1siZiIsIjQzODQ0OCJdLFsicCIsImNvbnZlcnQiLCItcmVzaXplIDEwMjR4MTAyNFx1MDAzZSJdXQ.jpg?sha=29e2548365187fbf,"MoMA, Floor 5, 505"
88569,"Sentry (Posten) from Figurines: The Three-Dimensional Design of the Electro-Mechanical Show Victory over the Sun (Figurinen, die plastische Gestaltung der elektro-mechanischen Schau Sieg über die Sonne)",3569,"1920–21, published 1923","One from a portfolio of ten lithographs","composition (irreg.): 15 1/4 x 7 7/8" (38.7 x 20 cm); sheet: 21 x 17 7/8" (53.3 x 45.4 cm)",Print,"Drawings & Prints",1944-09-27,https://www.moma.org/collection/works/88569,https://www.moma.org/media/W1siZiIsIjIxNzY2NCJdLFsicCIsImNvbnZlcnQiLCItcmVzaXplIDEwMjR4MTAyNFx1MDAzZSJdXQ.jpg?sha=f0f63294bd0a5bda,"MoMA, Floor 5, 505"
88830,"International Space Station Habitation Module, NASA, project,",26342,1983-1986,"Clear acrylic, paint, metal and felt","l. 57 x diam. 14 3/4" (144.8 x 37.5")  height on stand 16" (40.6 cm)",Architecture,"Architecture & Design",2003-10-02,https://www.moma.org/collection/works/88830,https://www.moma.org/media/W1siZiIsIjIzNzU4NSJdLFsicCIsImNvbnZlcnQiLCItcmVzaXplIDEwMjR4MTAyNFx1MDAzZSJdXQ.jpg?sha=e173297ca47f3057,"MoMA, Floor 4, 417"
88839,"HIDEO, It's Me Mama",26369,1983,"Standard-definition video (color, sound)","26:49 min.",Video,"Media and Performance",1984-09-03,https://www.moma.org/collection/works/88839,https://www.moma.org/media/W1siZiIsIjE1MTU2NyJdLFsicCIsImNvbnZlcnQiLCItcmVzaXplIDEwMjR4MTAyNFx1MDAzZSJdXQ.jpg?sha=8d4fa78b66cd5cbb,"MoMA, Floor 4, 420"
88949,"Exhibition Pavilion, Z.H.L.C., Zurich, Switzerland (Second-floor plan)",3426,1961,Letterpress,"12 x 17" (30.5 x 43.2 cm)",Architecture,"Architecture & Design",2003-10-02,https://www.moma.org/collection/works/88949,https://www.moma.org/media/W1siZiIsIjI0NzExOCJdLFsicCIsImNvbnZlcnQiLCItcmVzaXplIDEwMjR4MTAyNFx1MDAzZSJdXQ.jpg?sha=150a9a79069407d2,"MoMA, Floor 4, 417"
88951,"Exhibition Pavilion, Z.H.L.C., Zurich, Switzerland (Longitudinal section)",3426,1961,Letterpress,"12 x 17" (30.5 x 43.2 cm)",Architecture,"Architecture & Design",2003-10-02,https://www.moma.org/collection/works/88951,https://www.moma.org/media/W1siZiIsIjI0NzEyMCJdLFsicCIsImNvbnZlcnQiLCItcmVzaXplIDEwMjR4MTAyNFx1MDAzZSJdXQ.jpg?sha=f756dfb2fbc7f258,"MoMA, Floor 4, 417"
88952,"Exhibition Pavilion, Z.H.L.C., Zurich, Switzerland (Cross section)",3426,1961,Letterpress,"12 x 17" (30.5 x 43.2 cm)",Architecture,"Architecture & Design",2003-10-02,https://www.moma.org/collection/works/88952,https://www.moma.org/media/W1siZiIsIjI0NzEyMSJdLFsicCIsImNvbnZlcnQiLCItcmVzaXplIDEwMjR4MTAyNFx1MDAzZSJdXQ.jpg?sha=2e4088113c2dcfe0,"MoMA, Floor 4, 417"
88956,"Exhibition Pavilion, Z.H.L.C., Zurich, Switzerland (West façade)",3426,1961,Letterpress,"12 x 17" (30.5 x 43.2 cm)",Architecture,"Architecture & Design",2003-10-02,https://www.moma.org/collection/works/88956,https://www.moma.org/media/W1siZiIsIjI0NzEyNSJdLFsicCIsImNvbnZlcnQiLCItcmVzaXplIDEwMjR4MTAyNFx1MDAzZSJdXQ.jpg?sha=5a90f276f10cd4b9,"MoMA, Floor 4, 417"
89005,"Ben James, Welsh Miner",1973,1951,"Gelatin silver print, printed 1976","8 7/8 × 13 3/8" (22.5 × 34 cm)",Photograph,Photography,2016-05-19,https://www.moma.org/collection/works/89005,https://www.moma.org/media/W1siZiIsIjM0NjEzMyJdLFsicCIsImNvbnZlcnQiLCItcmVzaXplIDEwMjR4MTAyNFx1MDAzZSJdXQ.jpg?sha=f3aa5cfbeaacde73,"MoMA, Floor 3, 3 South"
89006,London,1973,1951,"Gelatin silver print","9 × 13 1/2" (22.9 × 34.3 cm)",Photograph,Photography,2016-05-19,https://www.moma.org/collection/works/89006,https://www.moma.org/media/W1siZiIsIjM0NjEzOSJdLFsicCIsImNvbnZlcnQiLCItcmVzaXplIDEwMjR4MTAyNFx1MDAzZSJdXQ.jpg?sha=4ff60cd2789271ee,"MoMA, Floor 3, 3 South"
89041,Laura,1973,1998,"Gelatin silver print","17 11/16 × 13 13/16" (45 × 35.1 cm)",Photograph,Photography,2003-10-09,https://www.moma.org/collection/works/89041,https://www.moma.org/media/W1siZiIsIjEyMDU5OSJdLFsicCIsImNvbnZlcnQiLCItcmVzaXplIDEwMjR4MTAyNFx1MDAzZSJdXQ.jpg?sha=e99d1aa6e579b3d4,"MoMA, Floor 3, 3 South"
89043,"Mabou Winter Footage",1973,1977,"Gelatin silver print","23 11/16 × 14 3/4" (60.1 × 37.5 cm)",Photograph,Photography,2003-10-09,https://www.moma.org/collection/works/89043,https://www.moma.org/media/W1siZiIsIjU3OTI1NiJdLFsicCIsImNvbnZlcnQiLCItcmVzaXplIDEwMjR4MTAyNFx1MDAzZSJdXQ.jpg?sha=7e6bc5fdeb7b9b12,"MoMA, Floor 3, 3 South"
89044,Mabou,1973,1981,"Gelatin silver print","19 5/16 × 12 7/8" (49 × 32.7 cm)",Photograph,Photography,2003-10-09,https://www.moma.org/collection/works/89044,https://www.moma.org/media/W1siZiIsIjEyMDYwMCJdLFsicCIsImNvbnZlcnQiLCItcmVzaXplIDEwMjR4MTAyNFx1MDAzZSJdXQ.jpg?sha=7b64f4d486365898,"MoMA, Floor 3, 3 South"
89047,"Mabou, Nova Scotia",1973,1995,"Gelatin silver print","12 1/16 × 19" (30.6 × 48.3 cm)
",Photograph,Photography,2003-10-09,https://www.moma.org/collection/works/89047,https://www.moma.org/media/W1siZiIsIjEyMDYwNCJdLFsicCIsImNvbnZlcnQiLCItcmVzaXplIDEwMjR4MTAyNFx1MDAzZSJdXQ.jpg?sha=e12ed4dfdc4baed8,"MoMA, Floor 3, 3 South"
89049,"Monday Morning in Mabou, Old Snapper",1973,"January 5, 1998","Gelatin silver print","12 11/16 × 19 9/16" (32.2 × 49.7 cm)
",Photograph,Photography,2003-10-09,https://www.moma.org/collection/works/89049,https://www.moma.org/media/W1siZiIsIjEyMDY4NSJdLFsicCIsImNvbnZlcnQiLCItcmVzaXplIDEwMjR4MTAyNFx1MDAzZSJdXQ.jpg?sha=27437e073c327599,"MoMA, Floor 3, 3 South"
89057,"Sick of Goodby's",1973,1978,"Gelatin silver print","21 15/16 × 12 11/16" (55.8 × 32.3 cm)",Photograph,Photography,2003-10-09,https://www.moma.org/collection/works/89057,https://www.moma.org/media/W1siZiIsIjEyMDYwNSJdLFsicCIsImNvbnZlcnQiLCItcmVzaXplIDEwMjR4MTAyNFx1MDAzZSJdXQ.jpg?sha=51a9da6b4c68cf3c,"MoMA, Floor 3, 3 South"
89060,Untitled,1973,1995,"Gelatin silver print","19 5/8 × 26 1/16" (49.9 × 66.2 cm)
",Photograph,Photography,2003-10-09,https://www.moma.org/collection/works/89060,https://www.moma.org/media/W1siZiIsIjEyMDY4NiJdLFsicCIsImNvbnZlcnQiLCItcmVzaXplIDEwMjR4MTAyNFx1MDAzZSJdXQ.jpg?sha=c3c274c2a68c803e,"MoMA, Floor 3, 3 South"
89061,"(no projector could do justice...)",1973,1996,"Gelatin silver print","14 5/16 × 17 11/16" (36.4 × 45 cm)
",Photograph,Photography,2003-10-09,https://www.moma.org/collection/works/89061,https://www.moma.org/media/W1siZiIsIjEyMDY4NyJdLFsicCIsImNvbnZlcnQiLCItcmVzaXplIDEwMjR4MTAyNFx1MDAzZSJdXQ.jpg?sha=87196f1938e69374,"MoMA, Floor 3, 3 South"
89063,Washington,1973,1966,"Gelatin silver prints",".a: 19 7/16 × 15 9/16" (49.4 × 39.6 cm)
.b: 19 7/16 × 15 5/8" (49.3 × 39.7 cm)",Photograph,Photography,2003-10-09,https://www.moma.org/collection/works/89063,https://www.moma.org/media/W1siZiIsIjEyMTQyNiJdLFsicCIsImNvbnZlcnQiLCItcmVzaXplIDEwMjR4MTAyNFx1MDAzZSJdXQ.jpg?sha=0e9311c3c44bc817,"MoMA, Floor 3, 3 South"
89067,"Franz Kline, New York City",1973,1954-56,"Gelatin silver print","15 1/2 × 10 1/4" (39.3 × 26 cm)",Photograph,Photography,2003-10-09,https://www.moma.org/collection/works/89067,https://www.moma.org/media/W1siZiIsIjExOTYxMSJdLFsicCIsImNvbnZlcnQiLCItcmVzaXplIDEwMjR4MTAyNFx1MDAzZSJdXQ.jpg?sha=817bb726657448ff,"MoMA, Floor 3, 3 South"
89070,"James Baldwin",1973,1960s,"Gelatin silver print","13 15/16 × 9 13/16" (35.4 × 24.9 cm)",Photograph,Photography,2003-10-09,https://www.moma.org/collection/works/89070,https://www.moma.org/media/W1siZiIsIjEyMDkwMiJdLFsicCIsImNvbnZlcnQiLCItcmVzaXplIDEwMjR4MTAyNFx1MDAzZSJdXQ.jpg?sha=9cae1c7a4f146832,"MoMA, Floor 3, 3 South"
89073,"Marvin Israel and Raoul Hague, Woodstock, New York",1973,1962,"Gelatin silver print","11 1/8 × 16 7/8" (28.3 × 42.8 cm)",Photograph,Photography,2003-10-09,https://www.moma.org/collection/works/89073,https://www.moma.org/media/W1siZiIsIjEyMDkzMCJdLFsicCIsImNvbnZlcnQiLCItcmVzaXplIDEwMjR4MTAyNFx1MDAzZSJdXQ.jpg?sha=3e6b67d134665da6,"MoMA, Floor 3, 3 South"
89078,"Norman Mailer, New York City",1973,"c. 1956","Gelatin silver print","13 1/2 × 8 11/16" (34.3 × 22 cm)",Photograph,Photography,2003-10-09,https://www.moma.org/collection/works/89078,https://www.moma.org/media/W1siZiIsIjExOTY3MSJdLFsicCIsImNvbnZlcnQiLCItcmVzaXplIDEwMjR4MTAyNFx1MDAzZSJdXQ.jpg?sha=c21a224758715a34,"MoMA, Floor 3, 3 South"
89085,"William James Buckley, New York City",1973,1962,"Gelatin silver print","18 7/8 × 14 15/16" (48 × 38 cm)",Photograph,Photography,2003-10-09,https://www.moma.org/collection/works/89085,https://www.moma.org/media/W1siZiIsIjEyMTQyOCJdLFsicCIsImNvbnZlcnQiLCItcmVzaXplIDEwMjR4MTAyNFx1MDAzZSJdXQ.jpg?sha=91e4bff9e6f8be07,"MoMA, Floor 3, 3 South"
89086,"Would Like to Exchange Cards with You, Souvenirs Preferred",1973,2002,"Gelatin silver print","10 13/16 × 13 7/8" (27.4 × 35.2 cm)",Photograph,Photography,2003-10-09,https://www.moma.org/collection/works/89086,https://www.moma.org/media/W1siZiIsIjEyMDkxMCJdLFsicCIsImNvbnZlcnQiLCItcmVzaXplIDEwMjR4MTAyNFx1MDAzZSJdXQ.jpg?sha=b301367edef2cbee,"MoMA, Floor 3, 3 South"
89276,"Conoid, Sphere and Hollow",2600,1937,Marble,"12 x 16" (30.5 x 40.6 cm)",Sculpture,"Painting & Sculpture",2004-03-09,https://www.moma.org/collection/works/89276,https://www.moma.org/media/W1siZiIsIjIyNjUyNSJdLFsicCIsImNvbnZlcnQiLCItcmVzaXplIDEwMjR4MTAyNFx1MDAzZSJdXQ.jpg?sha=3a91854d15d28364,"MoMA, Floor 5, 522"
89538,"Visual Synthesis of the Idea: "War"",5360,1914,"Oil on canvas","36 1/2 x 28 3/4" (92.7 x 73 cm)",Painting,"Painting & Sculpture",2004-03-09,https://www.moma.org/collection/works/89538,https://www.moma.org/media/W1siZiIsIjE1MTE2NSJdLFsicCIsImNvbnZlcnQiLCItcmVzaXplIDEwMjR4MTAyNFx1MDAzZSJdXQ.jpg?sha=3128e49e40f2766a,"MoMA, Floor 5, 503"
89731,"Railroad Car Spring",9953,1920s,"Painted steel","27 1/4 x 15 1/2" (69.2 x 39.4 cm)",Design,"Architecture & Design",2004-04-22,https://www.moma.org/collection/works/89731,https://www.moma.org/media/W1siZiIsIjQwMDA2MCJdLFsicCIsImNvbnZlcnQiLCItcmVzaXplIDEwMjR4MTAyNFx1MDAzZSJdXQ.jpg?sha=ca563ce4075c80a3,"MoMA, Floor 5, 511"
89828,"Chica demountable child's chairs","7317, 1438, 7316, 26808",1971,"ABS plastic","assembled: 19 1/4 x 13 x 13" (48.9 x 33 x 33 cm)",Design,"Architecture & Design",2009-01-14,https://www.moma.org/collection/works/89828,https://www.moma.org/media/W1siZiIsIjE2MTI2NyJdLFsicCIsImNvbnZlcnQiLCItcmVzaXplIDEwMjR4MTAyNFx1MDAzZSJdXQ.jpg?sha=f88593592b1aa6e5,"MoMA, Floor 1, 1 South"
89960,Untitled,3615,1963,"Oil on canvas, two panels","7' 10" x 8' 4" (238.8 x 254 cm)",Painting,"Painting & Sculpture",2004-03-09,https://www.moma.org/collection/works/89960,https://www.moma.org/media/W1siZiIsIjE1OTIwNCJdLFsicCIsImNvbnZlcnQiLCItcmVzaXplIDEwMjR4MTAyNFx1MDAzZSJdXQ.jpg?sha=2fc30d32cbed3e47,"MoMA, Floor 4, 408"
90111,"Flat-Bottomed Paper Bag","27020, 35086","Designed 1870s-1880s",Paper,".1-3: 17 x 12 x 6 3/4" (43.2 x 30.5 x 17.1 cm)
.4-6: 13 3/4 x 7 x 4" (34.9 x 17.8 x 10.2 cm)
.7-9: 12 1/2 x 6 x 4" (31.8 x 15.2 x 10.2 cm)
.10-13: 9 3/4 x 5 x 3" (24.8 x 12.7 x 7.6 cm)
.14-16: 8 1/2 x 4 9/16 x 3" (21.6 x 11.6 x 7.6 cm)",Design,"Architecture & Design",2005-02-15,https://www.moma.org/collection/works/90111,https://www.moma.org/media/W1siZiIsIjEzMzI4NyJdLFsicCIsImNvbnZlcnQiLCItcmVzaXplIDEwMjR4MTAyNFx1MDAzZSJdXQ.jpg?sha=ff8ac71e0369e55b,"MoMA, Floor 5, 519"
90664,"The New China Drawing: The World Above, The World Below",256,1984,"Pencil and colored pencil with crayon, acrylic, and cut-and-pasted paper on two sheets of transparent paper","overall: 95 3/8 x 105" (242.3 x 266.7 cm)",Drawing,"Drawings & Prints",2004-05-11,https://www.moma.org/collection/works/90664,https://www.moma.org/media/W1siZiIsIjIxODE1MyJdLFsicCIsImNvbnZlcnQiLCItcmVzaXplIDEwMjR4MTAyNFx1MDAzZSJdXQ.jpg?sha=69e476abab820f0e,"MoMA, Floor 2, 216"
90709,"Wood I",3787,1963,"Watercolor, ink and colored ink on paper","12 × 11 7/8" (30.5 × 30.2 cm)",Drawing,"Drawings & Prints",2004-05-11,https://www.moma.org/collection/works/90709,https://www.moma.org/media/W1siZiIsIjIwMzM3OSJdLFsicCIsImNvbnZlcnQiLCItcmVzaXplIDEwMjR4MTAyNFx1MDAzZSJdXQ.jpg?sha=cb94af5800ac755f,"MoMA, Floor 5, 516"
91109,"Plate V from Let There Be Fashion, Down With Art (Fiat modes pereat ars)",1752,1920,"One from a portfolio of eight lithographs","composition (irreg.): 16 13/16 x 12 1/4" (42.7 x 31.2 cm); sheet: 17 3/16 x 12 9/16" (43 x 31.9 cm)",Print,"Drawings & Prints",1935-11-12,https://www.moma.org/collection/works/91109,https://www.moma.org/media/W1siZiIsIjUxNjgzOCJdLFsicCIsImNvbnZlcnQiLCItcmVzaXplIDEwMjR4MTAyNFx1MDAzZSJdXQ.jpg?sha=64e3512697872e57,"MoMA, Floor 5, 505"
91110,"Plate III from Let There Be Fashion, Down With Art (Fiat modes pereat ars)",1752,1920,"One from a portfolio of eight lithographs","composition (irreg.): 16 5/8 x 10 1/16" (42.3 x 25.6 cm); sheet: 17 3/16 x 12 9/16" (43 x 31.9 cm)",Print,"Drawings & Prints",1935-11-12,https://www.moma.org/collection/works/91110,https://www.moma.org/media/W1siZiIsIjIxMDg0MCJdLFsicCIsImNvbnZlcnQiLCItcmVzaXplIDEwMjR4MTAyNFx1MDAzZSJdXQ.jpg?sha=4744aba164640393,"MoMA, Floor 5, 505"
91111,"Plate IV from Let There Be Fashion, Down With Art (Fiat modes pereat ars)",1752,1920,"One from a portfolio of eight lithographs","composition (irreg.): 15 3/16 x 12 1/16" (38.6 x 30.8 cm); sheet: 17 3/16 x 12 9/16" (43 x 31.9 cm)",Print,"Drawings & Prints",1935-11-12,https://www.moma.org/collection/works/91111,https://www.moma.org/media/W1siZiIsIjUxNjgzOSJdLFsicCIsImNvbnZlcnQiLCItcmVzaXplIDEwMjR4MTAyNFx1MDAzZSJdXQ.jpg?sha=dbf1837cb3f25b66,"MoMA, Floor 5, 505"
91754,"Juvenile Sex Symbol 1",281,1963,"Gouache on paper","6 x 6" (15.3 x 15.3 cm)",Drawing,"Drawings & Prints",2003-12-09,https://www.moma.org/collection/works/91754,https://www.moma.org/media/W1siZiIsIjI1NzUzNSJdLFsicCIsImNvbnZlcnQiLCItcmVzaXplIDEwMjR4MTAyNFx1MDAzZSJdXQ.jpg?sha=77e5a510affcaf95,"MoMA, Floor 3, 3 East"
91755,"Juvenile Sex Symbol 2",281,1963,"Gouache on paper","6 x 6" (15.3 x 15.3 cm)",Drawing,"Drawings & Prints",2003-12-09,https://www.moma.org/collection/works/91755,https://www.moma.org/media/W1siZiIsIjI1NzUzNiJdLFsicCIsImNvbnZlcnQiLCItcmVzaXplIDEwMjR4MTAyNFx1MDAzZSJdXQ.jpg?sha=8564f7d3f6f491da,"MoMA, Floor 3, 3 East"
91756,"Juvenile Sex Symbol 3",281,1963,"Gouache on paper","6 x 6" (15.3 x 15.3 cm)",Drawing,"Drawings & Prints",2003-12-09,https://www.moma.org/collection/works/91756,https://www.moma.org/media/W1siZiIsIjI1NzUzNyJdLFsicCIsImNvbnZlcnQiLCItcmVzaXplIDEwMjR4MTAyNFx1MDAzZSJdXQ.jpg?sha=714d7927c03368e2,"MoMA, Floor 3, 3 East"
91757,"Juvenile Sex Symbol 4",281,1963,"Gouache on paper","6 x 6" (15.3 x 15.3 cm)",Drawing,"Drawings & Prints",2003-12-09,https://www.moma.org/collection/works/91757,https://www.moma.org/media/W1siZiIsIjI1NzUzOCJdLFsicCIsImNvbnZlcnQiLCItcmVzaXplIDEwMjR4MTAyNFx1MDAzZSJdXQ.jpg?sha=63aa8764d1d0ee43,"MoMA, Floor 3, 3 East"
91758,"Juvenile Sex Symbol 5",281,1963,"Gouache on paper","6 x 6" (15.3 x 15.3 cm)",Drawing,"Drawings & Prints",2003-12-09,https://www.moma.org/collection/works/91758,https://www.moma.org/media/W1siZiIsIjI1NzUzOSJdLFsicCIsImNvbnZlcnQiLCItcmVzaXplIDEwMjR4MTAyNFx1MDAzZSJdXQ.jpg?sha=f1071107cb3fb9c9,"MoMA, Floor 3, 3 East"
91762,Bingo,6636,1974,"Building fragments: painted wood, metal, plaster, and glass, three sections","Overall 69" x 25' 7" x 10" (175.3 x 779.8 x 25.4 cm)",Sculpture,"Painting & Sculpture",2004-06-08,https://www.moma.org/collection/works/91762,https://www.moma.org/media/W1siZiIsIjMxMTkxMCJdLFsicCIsImNvbnZlcnQiLCItcmVzaXplIDEwMjR4MTAyNFx1MDAzZSJdXQ.jpg?sha=1042116113f278b3,"MoMA, Floor 4, 400"
91770,"Neoconcrete Relief",7715,1960,"Oil on wood","37 7/8 x 51 1/4" (96 x 130 cm)",Painting,"Painting & Sculpture",2004-06-08,https://www.moma.org/collection/works/91770,https://www.moma.org/media/W1siZiIsIjE2OTEzMyJdLFsicCIsImNvbnZlcnQiLCItcmVzaXplIDEwMjR4MTAyNFx1MDAzZSJdXQ.jpg?sha=b3f6304b8684f085,"MoMA, Floor 5, 507"
91774,"Construction in White and Black",5907,1938,"Glue tempera on cardboard mounted on wood","31 3/4 x 40 1/8" (80.7 x 102 cm)",Painting,"Painting & Sculpture",2004-06-08,https://www.moma.org/collection/works/91774,https://www.moma.org/media/W1siZiIsIjE1OTIxMCJdLFsicCIsImNvbnZlcnQiLCItcmVzaXplIDEwMjR4MTAyNFx1MDAzZSJdXQ.jpg?sha=4b0bdbf300cce51d,"MoMA, Floor 5, 512"
91791,Tumbler,1968,1954,"Turn mold-blown glass","3 1/4 x 3 1/8" (8.3 x 8 cm)",Design,"Architecture & Design",1992-01-15,https://www.moma.org/collection/works/91791,https://www.moma.org/media/W1siZiIsIjIyODAxMyJdLFsicCIsImNvbnZlcnQiLCItcmVzaXplIDEwMjR4MTAyNFx1MDAzZSJdXQ.jpg?sha=6e69bbb923df7620,"MoMA, Floor 1, 1 South"
91792,Tumbler,1968,1954,"Turn mold-blown glass","3 1/4 x 3 1/8" (8.3 x 8 cm)",Design,"Architecture & Design",1992-01-15,https://www.moma.org/collection/works/91792,https://www.moma.org/media/W1siZiIsIjIyODAxMyJdLFsicCIsImNvbnZlcnQiLCItcmVzaXplIDEwMjR4MTAyNFx1MDAzZSJdXQ.jpg?sha=6e69bbb923df7620,"MoMA, Floor 1, 1 South"
91793,Tumbler,1968,1954,"Turn mold-blown glass","3 1/4 x 3 1/8" (8.3 x 8 cm)",Design,"Architecture & Design",1992-01-15,https://www.moma.org/collection/works/91793,https://www.moma.org/media/W1siZiIsIjIyODAxMyJdLFsicCIsImNvbnZlcnQiLCItcmVzaXplIDEwMjR4MTAyNFx1MDAzZSJdXQ.jpg?sha=6e69bbb923df7620,"MoMA, Floor 1, 1 South"
91794,Tumbler,1968,1954,"Turn mold-blown glass","3 1/4 x 3 1/8" (8.3 x 8 cm)",Design,"Architecture & Design",1992-01-15,https://www.moma.org/collection/works/91794,https://www.moma.org/media/W1siZiIsIjIyODAxMyJdLFsicCIsImNvbnZlcnQiLCItcmVzaXplIDEwMjR4MTAyNFx1MDAzZSJdXQ.jpg?sha=6e69bbb923df7620,"MoMA, Floor 1, 1 South"
91795,Tumbler,1968,1954,"Turn mold-blown glass","3 1/4 x 3 1/8" (8.3 x 8 cm)",Design,"Architecture & Design",1992-01-15,https://www.moma.org/collection/works/91795,https://www.moma.org/media/W1siZiIsIjIyODAxMyJdLFsicCIsImNvbnZlcnQiLCItcmVzaXplIDEwMjR4MTAyNFx1MDAzZSJdXQ.jpg?sha=6e69bbb923df7620,"MoMA, Floor 1, 1 South"
91796,Tumbler,1968,1954,"Turn mold-blown glass","3 1/4 x 3 1/8" (8.3 x 8 cm)",Design,"Architecture & Design",1992-01-15,https://www.moma.org/collection/works/91796,https://www.moma.org/media/W1siZiIsIjIyODAxMyJdLFsicCIsImNvbnZlcnQiLCItcmVzaXplIDEwMjR4MTAyNFx1MDAzZSJdXQ.jpg?sha=6e69bbb923df7620,"MoMA, Floor 1, 1 South"
91947,Vase,4119,1904,Silver,"7 7/8 x 3 3/4" (20 x 9.5 cm)",Design,"Architecture & Design",2004-07-12,https://www.moma.org/collection/works/91947,NULL,"MoMA, Floor 5, 504"
91954,"Split Flap Board Flight Information Display System",27482,1996,"Painted steel and aluminum, Sicodur® and synthetic polymer paint","65 9/16 x 130 1/8 x 7 7/8" (166.6 x 330.5 x 20 cm)",Design,"Architecture & Design",2004-10-14,https://www.moma.org/collection/works/91954,https://www.moma.org/media/W1siZiIsIjIzNzM5OSJdLFsicCIsImNvbnZlcnQiLCItcmVzaXplIDEwMjR4MTAyNFx1MDAzZSJdXQ.jpg?sha=856472fdfcc194b8,"MoMA, Floor 1"
91966,"Hanging lamp",2694,1903–1904,"Silver-plated alpacca (white metal alloy) and glass","40 5/8 x 5" (103.2 x 12.7 cm)",Design,"Architecture & Design",2004-07-12,https://www.moma.org/collection/works/91966,NULL,"MoMA, Floor 5, 504"
91974,Vase,4119,"c. 1905-06","Zinc-plated sheet iron, white paint and glass insert","8 1/2 x 2 7/8 x 1 3/4" (21.6 x 7.3 x 4.4 cm)",Design,"Architecture & Design",2004-07-12,https://www.moma.org/collection/works/91974,NULL,"MoMA, Floor 5, 504"
92888,"Untitled (Nets)",6910,2002,"Etched metal sheet from a series of five","sheet: 25 9/16 x 20 1/2" (65 x 52 cm)",Print,"Drawings & Prints",2003-03-11,https://www.moma.org/collection/works/92888,https://www.moma.org/media/W1siZiIsIjEwMzg1OCJdLFsicCIsImNvbnZlcnQiLCItcmVzaXplIDEwMjR4MTAyNFx1MDAzZSJdXQ.jpg?sha=c88d98756de85c59,"MoMA, Floor 1"
92889,"Untitled (Nets)",6910,2002,"Etched metal sheet from a series of five","25 9/16 x 20 1/2" (65 x 52 cm)",Print,"Drawings & Prints",2003-03-11,https://www.moma.org/collection/works/92889,https://www.moma.org/media/W1siZiIsIjI1NTQxMiJdLFsicCIsImNvbnZlcnQiLCItcmVzaXplIDEwMjR4MTAyNFx1MDAzZSJdXQ.jpg?sha=73df7671aea6da5f,"MoMA, Floor 1"
92890,"Untitled (Nets)",6910,2002,"Etched metal sheet from a series of five","25 9/16 x 20 1/2" (65 x 52 cm)",Print,"Drawings & Prints",2003-03-11,https://www.moma.org/collection/works/92890,https://www.moma.org/media/W1siZiIsIjEwMzg1OSJdLFsicCIsImNvbnZlcnQiLCItcmVzaXplIDEwMjR4MTAyNFx1MDAzZSJdXQ.jpg?sha=7e0ed22c5c265df8,"MoMA, Floor 1"
92891,"Untitled (Nets)",6910,2002,"Etched metal sheet from a series of five","25 9/16 x 20 1/2" (65 x 52 cm)",Print,"Drawings & Prints",2003-03-11,https://www.moma.org/collection/works/92891,https://www.moma.org/media/W1siZiIsIjI4ODk1NiJdLFsicCIsImNvbnZlcnQiLCItcmVzaXplIDEwMjR4MTAyNFx1MDAzZSJdXQ.jpg?sha=b4f01109321f051a,"MoMA, Floor 1"
92892,"Untitled (Nets)",6910,2002,"Etched metal sheet from a series of five","25 9/16 x 20 1/2" (65 x 52 cm)",Print,"Drawings & Prints",2003-03-11,https://www.moma.org/collection/works/92892,https://www.moma.org/media/W1siZiIsIjI4ODk1NyJdLFsicCIsImNvbnZlcnQiLCItcmVzaXplIDEwMjR4MTAyNFx1MDAzZSJdXQ.jpg?sha=fc7fe8b9e18ce209,"MoMA, Floor 1"
93068,"Untitled from What It Is like to Be What You Are Not",5933,1993,"One photogravure from a portfolio of eight photogravures and one offset lithograph and screenprint","plate: 14 13/16 × 10 5/8" (37.7 × 27 cm); sheet: 22 5/8 × 17 1/2" (57.5 × 44.5 cm)",Print,"Drawings & Prints",1995-11-13,https://www.moma.org/collection/works/93068,https://www.moma.org/media/W1siZiIsIjI0ODczMiJdLFsicCIsImNvbnZlcnQiLCItcmVzaXplIDEwMjR4MTAyNFx1MDAzZSJdXQ.jpg?sha=70489856881c569e,"MoMA, Floor 3, 3 East"
93069,"Untitled from What It Is like to Be What You Are Not",5933,1993,"One photogravure from a portfolio of eight photogravures and one offset lithograph and screenprint","plate: 14 3/4 × 11 7/16" (37.5 × 29 cm); sheet: 22 5/8 × 17 1/2" (57.5 × 44.5 cm)",Print,"Drawings & Prints",1995-11-13,https://www.moma.org/collection/works/93069,https://www.moma.org/media/W1siZiIsIjI0ODczNCJdLFsicCIsImNvbnZlcnQiLCItcmVzaXplIDEwMjR4MTAyNFx1MDAzZSJdXQ.jpg?sha=f4abaddbeacd7254,"MoMA, Floor 3, 3 East"
93070,"Untitled from What It Is like to Be What You Are Not",5933,1993,"One photogravure from a portfolio of eight photogravures and one offset lithograph and screenprint","plate: 14 15/16 × 9 7/16" (37.9 × 24 cm); sheet: 22 5/8 × 17 1/2" (57.5 × 44.5 cm)",Print,"Drawings & Prints",1995-11-13,https://www.moma.org/collection/works/93070,https://www.moma.org/media/W1siZiIsIjEwNTc3MiJdLFsicCIsImNvbnZlcnQiLCItcmVzaXplIDEwMjR4MTAyNFx1MDAzZSJdXQ.jpg?sha=fab85ed9c8e281b2,"MoMA, Floor 3, 3 East"
93071,"Untitled from What It Is like to Be What You Are Not",5933,1993,"One photogravure from a portfolio of eight photogravures and one offset lithograph and screenprint","plate: 14 7/8 × 6 3/4" (37.8 × 17.2 cm); sheet: 22 5/8 × 17 1/2" (57.5 × 44.5 cm)",Print,"Drawings & Prints",1995-11-13,https://www.moma.org/collection/works/93071,https://www.moma.org/media/W1siZiIsIjEwNTc3MyJdLFsicCIsImNvbnZlcnQiLCItcmVzaXplIDEwMjR4MTAyNFx1MDAzZSJdXQ.jpg?sha=3e34d24739d90d4a,"MoMA, Floor 3, 3 East"
93072,"Untitled from What It Is like to Be What You Are Not",5933,1993,"One photogravure from a portfolio of eight photogravures and one offset lithograph and screenprint","plate: 14 15/16 × 11 7/16" (38 × 29 cm); sheet: 22 5/8 × 17 1/2" (57.5 × 44.5 cm)",Print,"Drawings & Prints",1995-11-13,https://www.moma.org/collection/works/93072,https://www.moma.org/media/W1siZiIsIjEwNTc3NCJdLFsicCIsImNvbnZlcnQiLCItcmVzaXplIDEwMjR4MTAyNFx1MDAzZSJdXQ.jpg?sha=5ba9ac181b2ace76,"MoMA, Floor 3, 3 East"
93073,"Untitled from What It Is like to Be What You Are Not",5933,1993,"One photogravure from a portfolio of eight photogravures and one offset lithograph and screenprint","plate: 15 1/16 × 9 13/16" (38.3 × 25 cm); sheet: 22 5/8 × 17 1/2" (57.5 × 44.5 cm)",Print,"Drawings & Prints",1995-11-13,https://www.moma.org/collection/works/93073,https://www.moma.org/media/W1siZiIsIjI0ODczOCJdLFsicCIsImNvbnZlcnQiLCItcmVzaXplIDEwMjR4MTAyNFx1MDAzZSJdXQ.jpg?sha=6917ba07253100b1,"MoMA, Floor 3, 3 East"
93074,"Untitled from What It Is like to Be What You Are Not",5933,1993,"One photogravure from a portfolio of eight photogravures and one offset lithograph and screenprint","plate: 14 15/16 × 10 5/8" (38 × 27 cm); sheet: 22 5/8 × 17 1/2" (57.5 × 44.5 cm)",Print,"Drawings & Prints",1995-11-13,https://www.moma.org/collection/works/93074,https://www.moma.org/media/W1siZiIsIjI0ODczOSJdLFsicCIsImNvbnZlcnQiLCItcmVzaXplIDEwMjR4MTAyNFx1MDAzZSJdXQ.jpg?sha=224061bce18dc6c2,"MoMA, Floor 3, 3 East"
93075,"Untitled from What It Is like to Be What You Are Not",5933,1993,"One photogravure from a portfolio of eight photogravures and one offset lithograph and screenprint","plate: 14 15/16 × 10 9/16" (38 × 26.8 cm); sheet: 22 5/8 × 17 1/2" (57.5 × 44.5 cm)",Print,"Drawings & Prints",1995-11-13,https://www.moma.org/collection/works/93075,https://www.moma.org/media/W1siZiIsIjEwNTc3NSJdLFsicCIsImNvbnZlcnQiLCItcmVzaXplIDEwMjR4MTAyNFx1MDAzZSJdXQ.jpg?sha=a616ea276063218d,"MoMA, Floor 3, 3 East"
93443,"Los Angeles—February 4th—I Wake Up—Turn On TV",1973,1979,"Gelatin silver print","19 11/16 × 14" (50 × 35.5 cm)",Photograph,Photography,2012-10-02,https://www.moma.org/collection/works/93443,https://www.moma.org/media/W1siZiIsIjI1NzEyNyJdLFsicCIsImNvbnZlcnQiLCItcmVzaXplIDEwMjR4MTAyNFx1MDAzZSJdXQ.jpg?sha=137a469f02cf2813,"MoMA, Floor 3, 3 South"
93444,Mabou,1973,1977,"Gelatin silver print","7 5/16 × 19 5/16" (18.5 × 49 cm)
",Photograph,Photography,2012-10-02,https://www.moma.org/collection/works/93444,https://www.moma.org/media/W1siZiIsIjI1NzEyOCJdLFsicCIsImNvbnZlcnQiLCItcmVzaXplIDEwMjR4MTAyNFx1MDAzZSJdXQ.jpg?sha=ce6a37bac84d7821,"MoMA, Floor 3, 3 South"
93445,Mabou,1973,1996,"Gelatin silver prints","15 13/16 × 36 5/8" (40.2 × 93 cm) (overall)",Photograph,Photography,2012-10-02,https://www.moma.org/collection/works/93445,https://www.moma.org/media/W1siZiIsIjI1ODY0NCJdLFsicCIsImNvbnZlcnQiLCItcmVzaXplIDEwMjR4MTAyNFx1MDAzZSJdXQ.jpg?sha=30073be233680dc1,"MoMA, Floor 3, 3 South"
93446,Mabou,1973,1994-95,"Gelatin silver print","15 13/16 × 19 7/8" (40.2 × 50.5 cm) (overall)",Photograph,Photography,2012-10-02,https://www.moma.org/collection/works/93446,https://www.moma.org/media/W1siZiIsIjI1NzEyNSJdLFsicCIsImNvbnZlcnQiLCItcmVzaXplIDEwMjR4MTAyNFx1MDAzZSJdXQ.jpg?sha=867bf3d1537b15dd,"MoMA, Floor 3, 3 South"
93448,"St. Rita's Hospital #401, Sydney, Nova Scotia",1973,"January 20, 1991","Gelatin silver print","22 13/16 × 19 1/2" (57.9 × 49.5 cm)",Photograph,Photography,2012-10-02,https://www.moma.org/collection/works/93448,https://www.moma.org/media/W1siZiIsIjI1NzEyNiJdLFsicCIsImNvbnZlcnQiLCItcmVzaXplIDEwMjR4MTAyNFx1MDAzZSJdXQ.jpg?sha=7e5c9a29471f449b,"MoMA, Floor 3, 3 South"
94278,"Wall Drawing #1144, Broken Bands of Color in Four Directions",3528,2004,"Acrylic on wall","8' x 37' (243.8 x 1127.8 cm)",Installation,"Painting & Sculpture",2004-08-20,https://www.moma.org/collection/works/94278,https://www.moma.org/media/W1siZiIsIjEyOTMzNyJdLFsicCIsImNvbnZlcnQiLCItcmVzaXplIDEwMjR4MTAyNFx1MDAzZSJdXQ.jpg?sha=2eea337faa47d22c,"MoMA, Floor 1"
95069,"Portrait of Igor Stravinsky",2191,1914,"Oil on canvas","51 x 45" (129.5 x 114.3 cm)",Painting,"Painting & Sculpture",2009-02-11,https://www.moma.org/collection/works/95069,https://www.moma.org/media/W1siZiIsIjE3MzIyNiJdLFsicCIsImNvbnZlcnQiLCItcmVzaXplIDEwMjR4MTAyNFx1MDAzZSJdXQ.jpg?sha=da0957441c51bd15,"MoMA, Floor 5, 503"
95190,"Jazz II",412,1980,Screenprint,"composition: 26 7/8 x 37 11/16" (68.3 x 95.8 cm); sheet: 31 x 41 1/2" (78.7 x 105.4 cm)",Print,"Drawings & Prints",2005-03-08,https://www.moma.org/collection/works/95190,https://www.moma.org/media/W1siZiIsIjI1MTgwNCJdLFsicCIsImNvbnZlcnQiLCItcmVzaXplIDEwMjR4MTAyNFx1MDAzZSJdXQ.jpg?sha=d0b4e2455fa7768b,"MoMA, Floor 4, 416"
95227,"Return I",3758,1964-65,"Oil on canvas","50 1/4 x 68 1/4" (127.6 x 173.4 cm)",Painting,"Painting & Sculpture",2005-12-12,https://www.moma.org/collection/works/95227,https://www.moma.org/media/W1siZiIsIjE1OTIzMiJdLFsicCIsImNvbnZlcnQiLCItcmVzaXplIDEwMjR4MTAyNFx1MDAzZSJdXQ.jpg?sha=62eeaaaa09848beb,"MoMA, Floor 4, 407"
95259,"Couplet IV",3758,1988-89,"Oil on linen","9' x 60" (274.3 x 152.4 cm)",Painting,"Painting & Sculpture",2005-12-12,https://www.moma.org/collection/works/95259,https://www.moma.org/media/W1siZiIsIjE1MTUzNSJdLFsicCIsImNvbnZlcnQiLCItcmVzaXplIDEwMjR4MTAyNFx1MDAzZSJdXQ.jpg?sha=48766541ff024022,"MoMA, Floor 4, 407"
95442,"Sex Symbol",281,1961,"Gouache and pencil on paper","6 x 3 1/4" (15.3 x 8.3 cm)",Drawing,"Drawings & Prints",2005-05-10,https://www.moma.org/collection/works/95442,https://www.moma.org/media/W1siZiIsIjExMTgzMSJdLFsicCIsImNvbnZlcnQiLCItcmVzaXplIDEwMjR4MTAyNFx1MDAzZSJdXQ.jpg?sha=378da7a151558a78,"MoMA, Floor 3, 3 East"
95551,"5th Avenue and Broadway Store",28566,"c. 1940","Colored pencil and pencil on paper
","6 x 9 1/2" (15.2 x 24.1 cm)",Drawing,"Drawings & Prints",2005-05-10,https://www.moma.org/collection/works/95551,https://www.moma.org/media/W1siZiIsIjExMzcwOCJdLFsicCIsImNvbnZlcnQiLCItcmVzaXplIDEwMjR4MTAyNFx1MDAzZSJdXQ.jpg?sha=8ec29882cf1f1dc6,"MoMA, Floor 5, 519"
95555,"Store Shelves with Yeast Cakes",28566,"c. 1940","Colored pencil and pencil on notebook paper
","8 1/2 x 10 1/2" (21.6 x 26.7 cm)",Drawing,"Drawings & Prints",2005-05-10,https://www.moma.org/collection/works/95555,https://www.moma.org/media/W1siZiIsIjExNDMwNiJdLFsicCIsImNvbnZlcnQiLCItcmVzaXplIDEwMjR4MTAyNFx1MDAzZSJdXQ.jpg?sha=b4056254d9adc2aa,"MoMA, Floor 5, 519"
96473,"Untitled (Soldiers at Rest)",26740,2003,"Cut-and-woven chromogenic prints and linen tape
","46 x 71 1/2" (116.8 x 181.6 cm)",Drawing,"Drawings & Prints",2005-05-10,https://www.moma.org/collection/works/96473,https://www.moma.org/media/W1siZiIsIjEzMDUwNCJdLFsicCIsImNvbnZlcnQiLCItcmVzaXplIDEwMjR4MTAyNFx1MDAzZSJdXQ.jpg?sha=55b8576267d53ff8,"MoMA, Floor 2, 214"
96565,"Untitled (Tool)",3615,"c. 1963","Pencil and crayon on paper","23 x 29" (58.4 x 73.7 cm)",Drawing,"Drawings & Prints",2005-05-10,https://www.moma.org/collection/works/96565,https://www.moma.org/media/W1siZiIsIjExNzk5NiJdLFsicCIsImNvbnZlcnQiLCItcmVzaXplIDEwMjR4MTAyNFx1MDAzZSJdXQ.jpg?sha=c17b1e4032bd5a62,"MoMA, Floor 3, 3 East"
97763,Untitled,18539,1967,"Colored pencil and pencil on paper","18 x 23 7/8" (45.7 x 60.6 cm)",Drawing,"Drawings & Prints",2005-05-10,https://www.moma.org/collection/works/97763,https://www.moma.org/media/W1siZiIsIjExNDM5MiJdLFsicCIsImNvbnZlcnQiLCItcmVzaXplIDEwMjR4MTAyNFx1MDAzZSJdXQ.jpg?sha=18d926df684c33bb,"MoMA, Floor 3, 3 East"
97765,Untitled,18539,1969,"Colored pencil, pencil, and graphite on paper","18 x 24" (45.7 x 61 cm)",Drawing,"Drawings & Prints",2005-05-10,https://www.moma.org/collection/works/97765,https://www.moma.org/media/W1siZiIsIjExNDM5NCJdLFsicCIsImNvbnZlcnQiLCItcmVzaXplIDEwMjR4MTAyNFx1MDAzZSJdXQ.jpg?sha=5e212319d6498de6,"MoMA, Floor 3, 3 East"
98633,"Blue About",4929,1983/2002,"Oil on linen","5' 11" x 58 3/4" (180.7 x 149.2 cm)",Painting,"Painting & Sculpture",2005-05-09,https://www.moma.org/collection/works/98633,https://www.moma.org/media/W1siZiIsIjM4MTUxOSJdLFsicCIsImNvbnZlcnQiLCItcmVzaXplIDEwMjR4MTAyNFx1MDAzZSJdXQ.jpg?sha=27e9df3617dd7bda,"MoMA, Floor 2"
98638,"Ringaround Arosie",2623,1965,"Pencil, acetone, varnish, enamel paint, ink, and cloth covered electrical wire on papier-mâché and masonite","26 3/8 x 16 1/2 x 4 1/2" (67 x 41.9 x 11.4 cm)",Painting,"Painting & Sculpture",2005-05-09,https://www.moma.org/collection/works/98638,https://www.moma.org/media/W1siZiIsIjM0Nzk4NSJdLFsicCIsImNvbnZlcnQiLCItcmVzaXplIDEwMjR4MTAyNFx1MDAzZSJdXQ.jpg?sha=a6b8a2d222231923,"MoMA, Floor 3, 3 East"
98957,"Nuages (Cloud) Bookcase","23262, 23263",2002,Plastic,"Each: 41 3/8 x 73 7/8 x 15 3/4" (105.1 x 187.6 x 40 cm)",Design,"Architecture & Design",2005-10-18,https://www.moma.org/collection/works/98957,https://www.moma.org/media/W1siZiIsIjU3Njg1MyJdLFsicCIsImNvbnZlcnQiLCItcmVzaXplIDEwMjR4MTAyNFx1MDAzZSJdXQ.jpg?sha=c26eebcea3dcc5da,"MoMA, Floor 1, 1 South"
100188,"Johnson Wax Building",19,1974,"Acrylic on board with metal frame","47 1/2 x 59 1/2" (120.7 x 151.1 cm) including frame",Painting,"Painting & Sculpture",2005-10-06,https://www.moma.org/collection/works/100188,https://www.moma.org/media/W1siZiIsIjI0ODcyNiJdLFsicCIsImNvbnZlcnQiLCItcmVzaXplIDEwMjR4MTAyNFx1MDAzZSJdXQ.jpg?sha=f29af2e60985c9c4,"MoMA, Floor 4"
102385,"The Table (Still Life with Fan)",744,"L'Estaque or Paris, fall 1910","Oil on canvas","15 x 21 3/4" (38 x 55.3 cm)",Painting,"Painting & Sculpture",2006-05-08,https://www.moma.org/collection/works/102385,https://www.moma.org/media/W1siZiIsIjQ2ODM3MCJdLFsicCIsImNvbnZlcnQiLCItcmVzaXplIDEwMjR4MTAyNFx1MDAzZSJdXQ.jpg?sha=7f467a61fbc8bca9,"MoMA, Floor 5, 503"
102580,"One Moment in Time (Kitchen)",28724,2002,"35 mm slide projection","7 min., 6 sec.",Photograph,Photography,2006-10-12,https://www.moma.org/collection/works/102580,https://www.moma.org/media/W1siZiIsIjMxNDMzOCJdLFsicCIsImNvbnZlcnQiLCItcmVzaXplIDEwMjR4MTAyNFx1MDAzZSJdXQ.jpg?sha=edfd5bff62df2728,"MoMA, Floor 5, 521"
102758,"The Great Wall",4278,1970,"Embossed lead on paper","Composition (irreg.): 23 15/16 x 17 5/8" (60.8 x 44.8 cm); sheet: 29 13/16 x 25 3/16" (75.8 x 63.9 cm)",Print,"Drawings & Prints",2006-06-01,https://www.moma.org/collection/works/102758,https://www.moma.org/media/W1siZiIsIjI5MTg0NiJdLFsicCIsImNvbnZlcnQiLCItcmVzaXplIDEwMjR4MTAyNFx1MDAzZSJdXQ.jpg?sha=bc097069a1d04267,"MoMA, Floor 4, 408"
102962,"Miura Stackable Stools",8149,2003,Polypropylene,"31 7/8 x 18 1/2 x 15 3/4" (81 x 47 x 40 cm)",Design,"Architecture & Design",2006-10-03,https://www.moma.org/collection/works/102962,https://www.moma.org/media/W1siZiIsIjE3MTA3MyJdLFsicCIsImNvbnZlcnQiLCItcmVzaXplIDEwMjR4MTAyNFx1MDAzZSJdXQ.jpg?sha=7aabe8fa164fbc9a,"MoMA, Floor 1, 1 South"
104289,"Valet Chair",6282,"c. 1950","Teak, brass and leather","37 x 20 3/4 x 20 3/4" (94 x 52.7 x 52.7 cm)",Design,"Architecture & Design",2006-10-03,https://www.moma.org/collection/works/104289,https://www.moma.org/media/W1siZiIsIjE2OTg5MSJdLFsicCIsImNvbnZlcnQiLCItcmVzaXplIDEwMjR4MTAyNFx1MDAzZSJdXQ.jpg?sha=36aba8d3fc832124,"MoMA, Floor 1, 1 South"
104293,"Street Scene, London",740,1936,"Gelatin silver print","9 1/16 × 7 11/16" (23 × 19.6 cm)",Photograph,Photography,2006-10-12,https://www.moma.org/collection/works/104293,https://www.moma.org/media/W1siZiIsIjE4NDM4NiJdLFsicCIsImNvbnZlcnQiLCItcmVzaXplIDEwMjR4MTAyNFx1MDAzZSJdXQ.jpg?sha=1a3ba2a5baaaee3d,"MoMA, Floor 5, 517"
104957,"Untitled (Double Head)",31420,1971,"Cut-and-pasted painted paper, pressure-sensitive tape, and pencil on paper","21 x 29" (53.3 x 73.7 cm)",Drawing,"Drawings & Prints",2006-10-10,https://www.moma.org/collection/works/104957,https://www.moma.org/media/W1siZiIsIjM3ODc1MiJdLFsicCIsImNvbnZlcnQiLCItcmVzaXplIDEwMjR4MTAyNFx1MDAzZSJdXQ.jpg?sha=83b56f1c6c438e81,"MoMA, Floor 3, 3 East"
105050,"In Advance of the Broken Arm",1634,"August 1964 (fourth version, after lost original of November 1915)","Wood and galvanized-iron snow shovel","52" (132 cm) high",Sculpture,"Painting & Sculpture",2006-10-23,https://www.moma.org/collection/works/105050,https://www.moma.org/media/W1siZiIsIjExMDI4MiJdLFsicCIsImNvbnZlcnQiLCItcmVzaXplIDEwMjR4MTAyNFx1MDAzZSJdXQ.jpg?sha=b9a3b9eb8e22a338,"MoMA, Floor 5, 505"
105070,"Plus Minus Zero Humidifier",27904,2003,"Polycarbonate plastic","6 1/8 x 12" (15.6 x 30.5 cm)",Design,"Architecture & Design",2006-10-03,https://www.moma.org/collection/works/105070,https://www.moma.org/media/W1siZiIsIjEzMzQwNCJdLFsicCIsImNvbnZlcnQiLCItcmVzaXplIDEwMjR4MTAyNFx1MDAzZSJdXQ.jpg?sha=d12d8a3887f3602b,"MoMA, Floor 1, 1 South"
105379,"The Clown (Le Clown) from Jazz",3832,1947,"One from a portfolio of twenty pochoirs","composition (irreg.): 16 1/4 x 12 9/16" (41.3 x 31.9 cm); sheet: 16 9/16 x 25 5/8" (42.1 x 65.1 cm)",Print,"Drawings & Prints",1948-10-06,https://www.moma.org/collection/works/105379,https://www.moma.org/media/W1siZiIsIjI4NzA3NSJdLFsicCIsImNvbnZlcnQiLCItcmVzaXplIDEwMjR4MTAyNFx1MDAzZSJdXQ.jpg?sha=88d86b5f057a6891,"MoMA, Floor 4, 406"
105380,"Circus (Le Cirque) from Jazz",3832,1947,"One from a portfolio of twenty pochoirs","composition (irreg.): 14 1/4 x 21 15/16" (36.2 x 55.7 cm); sheet: 16 5/8 x 25 11/16" (42.2 x 65.3 cm)",Print,"Drawings & Prints",1948-10-06,https://www.moma.org/collection/works/105380,https://www.moma.org/media/W1siZiIsIjEwOTYxMSJdLFsicCIsImNvbnZlcnQiLCItcmVzaXplIDEwMjR4MTAyNFx1MDAzZSJdXQ.jpg?sha=508e481025555297,"MoMA, Floor 4, 406"
105386,"Icarus (Icare) from Jazz",3832,1947,"One from a portfolio of twenty pochoirs","composition (irreg.): 16 1/8 x 10 15/16" (41 x 27.8 cm); sheet: 16 5/8 x 25 11/16" (42.2 x 65.3 cm)",Print,"Drawings & Prints",1948-10-06,https://www.moma.org/collection/works/105386,https://www.moma.org/media/W1siZiIsIjI4NzA4MCJdLFsicCIsImNvbnZlcnQiLCItcmVzaXplIDEwMjR4MTAyNFx1MDAzZSJdXQ.jpg?sha=62fc4398178218b6,"MoMA, Floor 4, 406"
105387,"Forms (Formes) from Jazz",3832,1947,"One from a portfolio of twenty pochoirs","composition (irreg.): 16 1/8 x 22 13/16" (41 x 58 cm); sheet: 16 9/16 x 25 11/16" (42.1 x 65.3 cm)",Print,"Drawings & Prints",1948-10-06,https://www.moma.org/collection/works/105387,https://www.moma.org/media/W1siZiIsIjEwOTYyMiJdLFsicCIsImNvbnZlcnQiLCItcmVzaXplIDEwMjR4MTAyNFx1MDAzZSJdXQ.jpg?sha=e17d41789e09aab9,"MoMA, Floor 4, 406"
105392,"The Cowboy (Le Cow-boy) from Jazz",3832,1947,"One from a portfolio of twenty pochoirs","composition (irreg.) and sheet: 16 5/8 x 25 9/16" (42.3 x 65 cm)",Print,"Drawings & Prints",1948-10-06,https://www.moma.org/collection/works/105392,https://www.moma.org/media/W1siZiIsIjEwOTYyNyJdLFsicCIsImNvbnZlcnQiLCItcmVzaXplIDEwMjR4MTAyNFx1MDAzZSJdXQ.jpg?sha=e83c498706ff730b,"MoMA, Floor 4, 406"
105739,"Embryo II",471,1967-76,"Purified and pigmented beeswax, damar resin, and gesso on masonite","36 1/8 x 6 x 5 1/8" (91.8 x 15.2 x 13 cm)",Sculpture,"Painting & Sculpture",2006-11-13,https://www.moma.org/collection/works/105739,https://www.moma.org/media/W1siZiIsIjU2ODEwOSJdLFsicCIsImNvbnZlcnQiLCItcmVzaXplIDEwMjR4MTAyNFx1MDAzZSJdXQ.jpg?sha=797505f3c48aa6ed,"MoMA, Floor 3, 3 East"
105811,"Ceci n'est pas l'architecture (This is not architecture) (Drawing from a Buenos Aires lecture)",3426,1929,"Charcoal and crayon on paper","39 3/4 x 25 9/16" (101 x 65 cm)",Architecture,"Architecture & Design",2007-11-07,https://www.moma.org/collection/works/105811,https://www.moma.org/media/W1siZiIsIjE5Mjk4NSJdLFsicCIsImNvbnZlcnQiLCItcmVzaXplIDEwMjR4MTAyNFx1MDAzZSJdXQ.jpg?sha=eb4305d0314869eb,"MoMA, Floor 5, 511"
105855,"Untitled (Amategram)",3924,"c. 1982","Acrylic on amate bark paper","15 7/8 x 11 7/8" (40.3 x 30.2 cm)",Drawing,"Drawings & Prints",2006-12-12,https://www.moma.org/collection/works/105855,https://www.moma.org/media/W1siZiIsIjEzNTcyMyJdLFsicCIsImNvbnZlcnQiLCItcmVzaXplIDEwMjR4MTAyNFx1MDAzZSJdXQ.jpg?sha=895d919308a8d238,"MoMA, Floor 3, 3 East"
106997,Untitled,28874,2006,"Inkjet on canvas","7' 1 1/4" x 69" (216.5 x 175.3 cm)",Painting,"Painting & Sculpture",2007-04-09,https://www.moma.org/collection/works/106997,https://www.moma.org/media/W1siZiIsIjE1OTE4OSJdLFsicCIsImNvbnZlcnQiLCItcmVzaXplIDEwMjR4MTAyNFx1MDAzZSJdXQ.jpg?sha=af8027f1cd4341e6,"MoMA, Floor 2, 203"
107630,"Ohio to Giverny: Memory of Light",32312,1983,"Video (color, sound)","19 min.",Video,"Media and Performance",1999-01-28,https://www.moma.org/collection/works/107630,https://www.moma.org/media/W1siZiIsIjE1MTYxOSJdLFsicCIsImNvbnZlcnQiLCItcmVzaXplIDEwMjR4MTAyNFx1MDAzZSJdXQ.jpg?sha=f979d3800ff541f0,"MoMA, Floor 4, 410"
108226,"Preparatory drawing for In Memory of My Feelings",1444,1967,"Pencil and ink on acetate","14 x 11" (35.6 x 28 cm)",Drawing,"Drawings & Prints",NULL,https://www.moma.org/collection/works/108226,https://www.moma.org/media/W1siZiIsIjMwOTA4MSJdLFsicCIsImNvbnZlcnQiLCItcmVzaXplIDEwMjR4MTAyNFx1MDAzZSJdXQ.jpg?sha=698713b6ae140eff,"MoMA, Floor 4, 417"
108952,"House of the Century (Alvin and Marilyn Lubetkin House), Mojo Lake, TX (South and North Elevations)","32176, 32750, 32751, 34045",1971-73,"Ink, pencil, and felt-tipped marker on transparentized paper","24 x 36" (61 x 91.4 cm)",Architecture,"Architecture & Design",2007-06-05,https://www.moma.org/collection/works/108952,https://www.moma.org/media/W1siZiIsIjEyMTQzMyJdLFsicCIsImNvbnZlcnQiLCItcmVzaXplIDEwMjR4MTAyNFx1MDAzZSJdXQ.jpg?sha=6f5ff7b1e5459517,"MoMA, Floor 4, 417"
108953,"House of the Century (Alvin and Marilyn Lubetkin House), Mojo Lake, TX (Sections)","32176, 32750, 32751, 34045",1971-73,"Ink, pencil, and felt-tipped marker on transparentized paper","24 x 36" (61 x 91.4 cm)",Architecture,"Architecture & Design",2007-06-05,https://www.moma.org/collection/works/108953,https://www.moma.org/media/W1siZiIsIjEyMTQzNCJdLFsicCIsImNvbnZlcnQiLCItcmVzaXplIDEwMjR4MTAyNFx1MDAzZSJdXQ.jpg?sha=c76d082c9eb47a33,"MoMA, Floor 4, 417"
109549,"Door: Reguliersgracht 27",29982,1989,"Offset lithograph and announcement card","sheet (.a): 11 11/16 x 8 1/4" (29.7 x 21 cm); composition and sheet (.b, each, irreg.): 82 5/16 x 43 11/16" (209.1 x 111 cm)",Print,"Drawings & Prints",2007-11-12,https://www.moma.org/collection/works/109549,NULL,"MoMA, Floor 2, 206"
109945,"Painting Bitten by a Man",2923,1961,"Encaustic on canvas mounted on type plate","9 1/2 x 6 7/8" (24.1 x 17.5 cm)",Painting,"Painting & Sculpture",2007-05-07,https://www.moma.org/collection/works/109945,https://www.moma.org/media/W1siZiIsIjIwMzUzMiJdLFsicCIsImNvbnZlcnQiLCItcmVzaXplIDEwMjR4MTAyNFx1MDAzZSJdXQ.jpg?sha=94fd7779e554147b,"MoMA, Floor 3, 3 East"
110910,"Quarta-Feira de Cinzas/Epilogue (Ash Wednesday)","27971, 35152",2006,"High-definition video (color, sound)","5:44 min.",Installation,"Media and Performance",2007-09-24,https://www.moma.org/collection/works/110910,https://www.moma.org/media/W1siZiIsIjEzNTI2MiJdLFsicCIsImNvbnZlcnQiLCItcmVzaXplIDEwMjR4MTAyNFx1MDAzZSJdXQ.jpg?sha=5c507190c22deed7,"MoMA, Floor 2, 216"
111269,"Nontransparent Monument",8073,2006,"Series of five ink rubbings","(see child records)",Print,"Drawings & Prints",2007-11-12,https://www.moma.org/collection/works/111269,https://www.moma.org/media/W1siZiIsIjIxMzgzMSJdLFsicCIsImNvbnZlcnQiLCItcmVzaXplIDEwMjR4MTAyNFx1MDAzZSJdXQ.jpg?sha=5b3ed95dcbeba879,"MoMA, Floor 2, 214"
111456,Untitled,8595,"c. 1900","Gelatin silver print","4 1/16 × 2 3/8" (10.3 × 6 cm)",Photograph,Photography,2007-10-11,https://www.moma.org/collection/works/111456,https://www.moma.org/media/W1siZiIsIjM0OTcwNCJdLFsicCIsImNvbnZlcnQiLCItcmVzaXplIDEwMjR4MTAyNFx1MDAzZSJdXQ.jpg?sha=5e52c7f42b37ba7c,"MoMA, Floor 5, 521"
111457,Untitled,8595,"c. 1941","Gelatin silver print","4 1/2 × 3" (11.5 × 7.6 cm)",Photograph,Photography,2007-10-11,https://www.moma.org/collection/works/111457,https://www.moma.org/media/W1siZiIsIjM0OTcwNSJdLFsicCIsImNvbnZlcnQiLCItcmVzaXplIDEwMjR4MTAyNFx1MDAzZSJdXQ.jpg?sha=834010b4b5df81c4,"MoMA, Floor 5, 521"
111458,Untitled,8595,"c. 1935","Gelatin silver print","4 3/16 × 2 1/4" (10.7 × 5.7 cm)",Photograph,Photography,2007-10-11,https://www.moma.org/collection/works/111458,https://www.moma.org/media/W1siZiIsIjM0OTcwNiJdLFsicCIsImNvbnZlcnQiLCItcmVzaXplIDEwMjR4MTAyNFx1MDAzZSJdXQ.jpg?sha=e4e08d25aa166749,"MoMA, Floor 5, 521"
111460,Untitled,8595,"c. 1950","Gelatin silver print","2 11/16 × 3 15/16" (6.8 × 10 cm)",Photograph,Photography,2007-10-11,https://www.moma.org/collection/works/111460,https://www.moma.org/media/W1siZiIsIjM0OTcwOCJdLFsicCIsImNvbnZlcnQiLCItcmVzaXplIDEwMjR4MTAyNFx1MDAzZSJdXQ.jpg?sha=c808dd163780d878,"MoMA, Floor 5, 521"
111461,Untitled,8595,"c. 1949","Gelatin silver print","5 1/16 × 3 1/8" (12.8 × 8 cm)",Photograph,Photography,2007-10-11,https://www.moma.org/collection/works/111461,https://www.moma.org/media/W1siZiIsIjM0OTcwOSJdLFsicCIsImNvbnZlcnQiLCItcmVzaXplIDEwMjR4MTAyNFx1MDAzZSJdXQ.jpg?sha=3b4c6edd5f61b177,"MoMA, Floor 5, 521"
111463,Untitled,8595,"c. 1951","Gelatin silver print","3 × 3" (7.6 × 7.6 cm)",Photograph,Photography,2007-10-11,https://www.moma.org/collection/works/111463,https://www.moma.org/media/W1siZiIsIjM0MTM1MiJdLFsicCIsImNvbnZlcnQiLCItcmVzaXplIDEwMjR4MTAyNFx1MDAzZSJdXQ.jpg?sha=062a5284dcc0bc04,"MoMA, Floor 5, 521"
111464,Untitled,8595,"c. 1950","Gelatin silver print","4 × 2 1/4" (10.1 × 5.7 cm)",Photograph,Photography,2007-10-11,https://www.moma.org/collection/works/111464,https://www.moma.org/media/W1siZiIsIjM0OTcxMSJdLFsicCIsImNvbnZlcnQiLCItcmVzaXplIDEwMjR4MTAyNFx1MDAzZSJdXQ.jpg?sha=eb92e875aacba753,"MoMA, Floor 5, 521"
111472,Untitled,8595,"c. 1951","Gelatin silver print","3 3/8 × 5 9/16" (8.6 × 14.2 cm)",Photograph,Photography,2007-10-11,https://www.moma.org/collection/works/111472,https://www.moma.org/media/W1siZiIsIjM0MTMxMyJdLFsicCIsImNvbnZlcnQiLCItcmVzaXplIDEwMjR4MTAyNFx1MDAzZSJdXQ.jpg?sha=00fa0d5ad3a5851b,"MoMA, Floor 5, 521"
111512,Untitled,8595,"c. 1946","Gelatin silver print","4 1/2 × 2 15/16" (11.5 × 7.5 cm)",Photograph,Photography,2007-10-11,https://www.moma.org/collection/works/111512,https://www.moma.org/media/W1siZiIsIjM0OTczNyJdLFsicCIsImNvbnZlcnQiLCItcmVzaXplIDEwMjR4MTAyNFx1MDAzZSJdXQ.jpg?sha=641a8324e5b20261,"MoMA, Floor 5, 521"
111513,Untitled,8595,"c. 1946","Gelatin silver print","3 15/16 × 2 5/8" (10 × 6.7 cm)",Photograph,Photography,2007-10-11,https://www.moma.org/collection/works/111513,https://www.moma.org/media/W1siZiIsIjM0OTczOCJdLFsicCIsImNvbnZlcnQiLCItcmVzaXplIDEwMjR4MTAyNFx1MDAzZSJdXQ.jpg?sha=8d46204d86e15f8e,"MoMA, Floor 5, 521"
111532,Untitled,8595,1916,"Gelatin silver print","4 × 3 1/16" (10.2 × 7.7 cm)",Photograph,Photography,2007-10-11,https://www.moma.org/collection/works/111532,https://www.moma.org/media/W1siZiIsIjM0OTc1OCJdLFsicCIsImNvbnZlcnQiLCItcmVzaXplIDEwMjR4MTAyNFx1MDAzZSJdXQ.jpg?sha=dbf1f539535771e8,"MoMA, Floor 5, 521"
114922,"Album (Madeline Tomaini)",6640,2007,"Inkjet prints and mixed media","39 3/8" × 8' 9 3/4" (100 × 268.6 cm)
",Photograph,Photography,2008-02-14,https://www.moma.org/collection/works/114922,https://www.moma.org/media/W1siZiIsIjEyODMzMCJdLFsicCIsImNvbnZlcnQiLCItcmVzaXplIDEwMjR4MTAyNFx1MDAzZSJdXQ.jpg?sha=fcd085611745643d,"MoMA, Floor 5, 521"
116275,"Homage to J. S. Bach",744,"winter 1911-12","Oil on canvas","21 1/4 x 28 3/4" (54 x 73 cm)
",Painting,"Painting & Sculpture",2008-06-09,https://www.moma.org/collection/works/116275,https://www.moma.org/media/W1siZiIsIjE2MjMyNiJdLFsicCIsImNvbnZlcnQiLCItcmVzaXplIDEwMjR4MTAyNFx1MDAzZSJdXQ.jpg?sha=4f72d881cd2df965,"MoMA, Floor 5, 503"
118244,"Solo No. 1",34908,1974,"Video (black and white, sound)","18:40 min.",Video,"Media and Performance",1984-09-19,https://www.moma.org/collection/works/118244,https://www.moma.org/media/W1siZiIsIjI1NTAyNSJdLFsicCIsImNvbnZlcnQiLCItcmVzaXplIDEwMjR4MTAyNFx1MDAzZSJdXQ.jpg?sha=578d749ac6ffa17a,"MoMA, Floor 4, 410"
118501,Collage,471,1973,"Video (color, sound)","9:30 min.",Video,"Media and Performance",1999-06-17,https://www.moma.org/collection/works/118501,https://www.moma.org/media/W1siZiIsIjE0ODIwOSJdLFsicCIsImNvbnZlcnQiLCItcmVzaXplIDEwMjR4MTAyNFx1MDAzZSJdXQ.jpg?sha=969a891289a769da,"MoMA, Floor 3, 3 East"
118979,"Ponder-r-rosa 4, White Plains, Yellow Rocks",18539,1975,"Latex, metal snaps, and push pins, 16 sculptures","Each 17 x 26 x 5 3/4" (43.2 x 66 x 14.6 cm), overall 68" x 20' 10" x 5 3/4" (172.7 x 635 x 14.6 cm)
",Sculpture,"Painting & Sculpture",2008-06-09,https://www.moma.org/collection/works/118979,https://www.moma.org/media/W1siZiIsIjE2Mzg5NiJdLFsicCIsImNvbnZlcnQiLCItcmVzaXplIDEwMjR4MTAyNFx1MDAzZSJdXQ.jpg?sha=46963c766c1c95be,"MoMA, Floor 4, 420"
119064,"Untitled from Untitled",28846,2007,"One from a series of ten monoprints with lithograph, woodcut, screenprint, and digital print, with ink, acrylic, and collage additions","composition (irreg.): 29 1/2 x 21 5/16" (75 x 54.2 cm); sheet: 30 5/16 x 21 15/16" (77 x 55.7 cm)",Print,"Drawings & Prints",2008-03-12,https://www.moma.org/collection/works/119064,https://www.moma.org/media/W1siZiIsIjI2MDM4NiJdLFsicCIsImNvbnZlcnQiLCItcmVzaXplIDEwMjR4MTAyNFx1MDAzZSJdXQ.jpg?sha=069ca1d3d91afd43,"MoMA, Floor 2, 203"
119065,"Untitled from Untitled",28846,2007,"One from a series of ten monoprints with lithograph, woodcut, screenprint, and digital print, with ink, acrylic, and collage additions","composition (irreg.): 25 5/16 x 18 9/16" (64.3 x 47.2 cm); sheet: 30 1/16 x 22 1/2" (76.4 x 57.2 cm)",Print,"Drawings & Prints",2008-03-12,https://www.moma.org/collection/works/119065,https://www.moma.org/media/W1siZiIsIjI2MDM4OCJdLFsicCIsImNvbnZlcnQiLCItcmVzaXplIDEwMjR4MTAyNFx1MDAzZSJdXQ.jpg?sha=ad0a39ca8a930636,"MoMA, Floor 2, 203"
119867,"Trio A",32349,1978,"16mm film transferred to standard-definition video (black and white, silent)","10:21 min.",Video,"Media and Performance",2012-04-09,https://www.moma.org/collection/works/119867,https://www.moma.org/media/W1siZiIsIjI1MDQ2NiJdLFsicCIsImNvbnZlcnQiLCItcmVzaXplIDEwMjR4MTAyNFx1MDAzZSJdXQ.jpg?sha=11c7e861c952eb44,"MoMA, Floor 4, 413"
122661,Guano-Round,36077,1958-64,"Oil, alkyd, and acrylic on canvas","6' 11 1/2" x 69" (212.1 x 175.3 cm)",Painting,"Painting & Sculpture",2008-11-11,https://www.moma.org/collection/works/122661,https://www.moma.org/media/W1siZiIsIjUzMzI1NiJdLFsicCIsImNvbnZlcnQiLCItcmVzaXplIDEwMjR4MTAyNFx1MDAzZSJdXQ.jpg?sha=e8230f225f731aa1,"MoMA, Floor 4, 401"
125438,"Rionegro, Santander",36415,1967,"Oil on canvas","36 1/4 x 42 1/8" (92 x 107 cm)",Painting,"Painting & Sculpture",2009-02-11,https://www.moma.org/collection/works/125438,https://www.moma.org/media/W1siZiIsIjE4MjEyNiJdLFsicCIsImNvbnZlcnQiLCItcmVzaXplIDEwMjR4MTAyNFx1MDAzZSJdXQ.jpg?sha=0d30a6142aca65d9,"MoMA, Floor 4, 412"
126077,"protekt, universal protection set, Postcard",27881,2002-03,Silkscreen,"5 13/16 x 4 1/8" (14.8 x 10.5 cm)",Design,"Architecture & Design",2006-02-09,https://www.moma.org/collection/works/126077,https://www.moma.org/media/W1siZiIsIjIzNDkyNiJdLFsicCIsImNvbnZlcnQiLCItcmVzaXplIDEwMjR4MTAyNFx1MDAzZSJdXQ.jpg?sha=5dca5acb9e1664a6,"MoMA, Floor 1, 1 South"
127182,"Rx: Stress Formula",37701,"c. 1970-78","Pill bottle with ink on pressure-sensitive labels, containing photocopy in twenty-six gelatin capsules","component (.a (bottle)): 5 1/16 x 1 3/4" (12.9 x 4.4 cm); component (.b (stopper cap)): 7/8 x 1 5/8" (2.3 x 4.1 cm)",Multiple,"Drawings & Prints",NULL,https://www.moma.org/collection/works/127182,https://www.moma.org/media/W1siZiIsIjIwMTc5MiJdLFsicCIsImNvbnZlcnQiLCItcmVzaXplIDEwMjR4MTAyNFx1MDAzZSJdXQ.jpg?sha=ab1ed8e0ebb4f2ba,"MoMA, Floor 4, 410"
127355,"Excerpt from The Friday Book of White Noise (1963-65), performed at Café au Go Go, New York, March 1, 1965","2591, 37701",1965,"Typewriting, ink, colored pencil and tape on paper","overall: 12 5/8 x 14 3/8 x 5 1/2" (32 x 36.5 x 14 cm)",Print,"Drawings & Prints",2008-10-08,https://www.moma.org/collection/works/127355,https://www.moma.org/media/W1siZiIsIjMwMTUxNiJdLFsicCIsImNvbnZlcnQiLCItcmVzaXplIDEwMjR4MTAyNFx1MDAzZSJdXQ.jpg?sha=38376899f342b543,"MoMA, Floor 4, 410"
127631,"La Monte Young's Composition 1960 #10 (to Bob Morris) performed by Nam June Paik during Fluxus Internationale Festspiele Neuester Musik, Städtisches Museum, Wiesbaden, September 1–23, 1962","6520, 4469",1962,"Gelatin silver print","image and sheet: 6 3/8 x 8 1/4" (16.2 x 20.9 cm)",Photograph,"Drawings & Prints",2008-10-08,https://www.moma.org/collection/works/127631,https://www.moma.org/media/W1siZiIsIjE5MDAwNSJdLFsicCIsImNvbnZlcnQiLCItcmVzaXplIDEwMjR4MTAyNFx1MDAzZSJdXQ.jpg?sha=9bc5753d3aa08b2d,"MoMA, Floor 4, 405"
127633,"La Monte Young's Composition 1960 #10 (to Bob Morris) performed by Nam June Paik during Fluxus Internationale Festspiele Neuester Musik, Städtisches Museum, Wiesbaden, September 1–23, 1962","6520, 4469",1962,"Gelatin silver print","image and sheet: 8 3/16 x 6 5/16" (20.8 x 16.1 cm)",Photograph,"Drawings & Prints",2008-10-08,https://www.moma.org/collection/works/127633,https://www.moma.org/media/W1siZiIsIjE5MDAwNiJdLFsicCIsImNvbnZlcnQiLCItcmVzaXplIDEwMjR4MTAyNFx1MDAzZSJdXQ.jpg?sha=6d11ed4257a6a157,"MoMA, Floor 4, 405"
127634,"La Monte Young's Composition 1960 #10 (to Bob Morris) performed by Nam June Paik during Fluxus Internationale Festspiele Neuester Musik, Städtisches Museum, Wiesbaden, September 1–23, 1962","6520, 4469",1962,"Gelatin silver print","image and sheet: 9 3/8 x 6 7/8" (23.8 x 17.5 cm)",Photograph,"Drawings & Prints",2008-10-08,https://www.moma.org/collection/works/127634,https://www.moma.org/media/W1siZiIsIjE5MDAwNyJdLFsicCIsImNvbnZlcnQiLCItcmVzaXplIDEwMjR4MTAyNFx1MDAzZSJdXQ.jpg?sha=f4b2da200db5e24c,"MoMA, Floor 4, 405"
127635,"La Monte Young's Composition 1960 #10 (to Bob Morris) performed by Nam June Paik during Fluxus Internationale Festspiele Neuester Musik, Städtisches Museum, Wiesbaden, September 1–23, 1962","6520, 4469",1962,"Gelatin silver print","image and sheet: 8 3/16 x 6 5/16" (20.8 x 16 cm)",Photograph,"Drawings & Prints",2008-10-08,https://www.moma.org/collection/works/127635,https://www.moma.org/media/W1siZiIsIjI0NDA4NiJdLFsicCIsImNvbnZlcnQiLCItcmVzaXplIDEwMjR4MTAyNFx1MDAzZSJdXQ.jpg?sha=d3ac545d929b3433,"MoMA, Floor 4, 405"
127636,"La Monte Young's Composition 1960 #10 (to Bob Morris) performed by Nam June Paik during Fluxus Internationale Festspiele Neuester Musik, Städtisches Museum, Wiesbaden, September 1–23, 1962","6520, 4469",1962,"Gelatin silver print","image and sheet: 6 15/16 x 9 3/8" (17.6 x 23.8 cm)",Photograph,"Drawings & Prints",2008-10-08,https://www.moma.org/collection/works/127636,https://www.moma.org/media/W1siZiIsIjI1NTYxMyJdLFsicCIsImNvbnZlcnQiLCItcmVzaXplIDEwMjR4MTAyNFx1MDAzZSJdXQ.jpg?sha=9988f9e30e611aba,"MoMA, Floor 4, 405"
127637,"La Monte Young's Composition 1960 #10 (to Bob Morris) performed by Nam June Paik during Fluxus Internationale Festspiele Neuester Musik, Städtisches Museum, Wiesbaden, September 1–23, 1962","6520, 4469",1962,"Gelatin silver print","image and sheet: 8 3/16 x 6 5/16" (20.8 x 16 cm)",Photograph,"Drawings & Prints",2008-10-08,https://www.moma.org/collection/works/127637,https://www.moma.org/media/W1siZiIsIjE5Mzc2OSJdLFsicCIsImNvbnZlcnQiLCItcmVzaXplIDEwMjR4MTAyNFx1MDAzZSJdXQ.jpg?sha=1ccbc76273927ef5,"MoMA, Floor 4, 405"
128090,"Bean Rolls",36471,"c. 1964","Metal tin with offset label, containing dried beans and sixteen offset scrolls","overall: 3 1/4 x 3 1/4 x 3 1/8" (8.2 x 8.2 x 8 cm)",Multiple,"Drawings & Prints",2008-10-08,https://www.moma.org/collection/works/128090,https://www.moma.org/media/W1siZiIsIjI3ODg2OCJdLFsicCIsImNvbnZlcnQiLCItcmVzaXplIDEwMjR4MTAyNFx1MDAzZSJdXQ.jpg?sha=c3bee1cbba6a4dcd,"MoMA, Floor 4, 410"
128127,"Disappearing Music for Face",5403,"c. 1965","Artist's book, offset printed, and envelope with letterpress","page (each): 1 15/16 x 3 1/8" (5 x 8 cm); envelope: 2 3/16 x 3 9/16" (5.5 x 9 cm)","Illustrated Book","Drawings & Prints",2008-10-08,https://www.moma.org/collection/works/128127,https://www.moma.org/media/W1siZiIsIjI1NTYxNSJdLFsicCIsImNvbnZlcnQiLCItcmVzaXplIDEwMjR4MTAyNFx1MDAzZSJdXQ.jpg?sha=f11614524a4efd1b,"MoMA, Floor 4, 410"
128172,"Apron (Stomach Anatomy Apron)",21398,1973,"Screenprint on fabric-backed vinyl with metal grommets","overall: 19 15/16 x 16" (50.7 x 40.6 cm)",Multiple,"Drawings & Prints",2008-10-08,https://www.moma.org/collection/works/128172,https://www.moma.org/media/W1siZiIsIjI2ODg1MSJdLFsicCIsImNvbnZlcnQiLCItcmVzaXplIDEwMjR4MTAyNFx1MDAzZSJdXQ.jpg?sha=bae211c0631cac43,"MoMA, Floor 4, 417"
128480,Untitled,5799,1956,"Crayon, watercolor, and felt-tip pen on paper","42 7/8 x 30 3/8" (108.9 x 77.2 cm)",Drawing,"Drawings & Prints",2010-02-10,https://www.moma.org/collection/works/128480,https://www.moma.org/media/W1siZiIsIjE4MjY2OSJdLFsicCIsImNvbnZlcnQiLCItcmVzaXplIDEwMjR4MTAyNFx1MDAzZSJdXQ.jpg?sha=c65e3f1b9b7903b1,"MoMA, Floor 3, 3 East"
129387,"Stenciled Frieze Panel from the Trading Room of the Chicago Stock Exchange, Chicago, IL","37368, 5723","c. 1893","Oil on canvas","56 x 53 1/2" (142.2 x 135.9 cm)",Architecture,"Architecture & Design",2009-09-23,https://www.moma.org/collection/works/129387,https://www.moma.org/media/W1siZiIsIjE5MzMxNyJdLFsicCIsImNvbnZlcnQiLCItcmVzaXplIDEwMjR4MTAyNFx1MDAzZSJdXQ.jpg?sha=a66cc7c5c9c1843f,"MoMA, Floor 5, 519"
131035,"Mao-Hope March",1790,1966,"16mm film transferred to video (black and white, sound)","4:30 min.",Installation,"Media and Performance",2009-11-19,https://www.moma.org/collection/works/131035,NULL,"MoMA, Floor 4, 415"
131347,"Painting to Be Stepped On",4410,1961/1998,"Acrylic and graphite on canvas with metal placard","overall: 20 3/16 x 15 13/16 x 1 3/4" (51.2 x 40.2 x 4.5 cm)",Painting,"Drawings & Prints",2008-10-08,https://www.moma.org/collection/works/131347,NULL,"MoMA, Floor 4, 405"
133319,"The Inside Is the Outside",27445,1963,"Stainless steel","16 x 17 1/2 x 14 3/4" (40.6 x 44.5 x 37.5 cm)",Sculpture,"Painting & Sculpture",2011-12-12,https://www.moma.org/collection/works/133319,https://www.moma.org/media/W1siZiIsIjI0MTI5MSJdLFsicCIsImNvbnZlcnQiLCItcmVzaXplIDEwMjR4MTAyNFx1MDAzZSJdXQ.jpg?sha=92b4be913154b00b,"MoMA, Floor 5, 507"
134272,Sallim,37934,2009,"Steel frame, perforated metal plate, caster, aluminum venetian blinds, knitting yarn, acrylic mirror, IV stand, light bulbs, cable, electric fan, timer, garlic, dishes, hot pad, and scent emitter","8' 2 1/2" x 13' 9 3/8" x 10' 2" (250 x 420 x 310 cm)",Sculpture,"Painting & Sculpture",2010-06-07,https://www.moma.org/collection/works/134272,https://www.moma.org/media/W1siZiIsIjE4MzE3MyJdLFsicCIsImNvbnZlcnQiLCItcmVzaXplIDEwMjR4MTAyNFx1MDAzZSJdXQ.jpg?sha=a9cbaa8fd46e4d26,"MoMA, Floor 2, 206"
134489,"Cups Wallpaper",402,1967,"Screenprinted wallpaper","composition and sheet: 16 9/16 x 23 7/16" (42.1 x 59.5 cm)",Wallpaper,"Drawings & Prints",2010-03-09,https://www.moma.org/collection/works/134489,https://www.moma.org/media/W1siZiIsIjE5MDgyNSJdLFsicCIsImNvbnZlcnQiLCItcmVzaXplIDEwMjR4MTAyNFx1MDAzZSJdXQ.jpg?sha=d42870f0f08102ae,"MoMA, Floor 4, 412"
135445,"Punctuation Poems",37701,1966,"Envelope with offset label containing 20 offset cards","envelope: 6 7/16 x 4" (16.3 x 10.1 cm); cards (each approx).: 5 1/2 x 3 3/8" (14 x 8.5 cm)",Print,"Drawings & Prints",2008-10-08,https://www.moma.org/collection/works/135445,https://www.moma.org/media/W1siZiIsIjM5NzQyOSJdLFsicCIsImNvbnZlcnQiLCItcmVzaXplIDEwMjR4MTAyNFx1MDAzZSJdXQ.jpg?sha=78a8389c958d9735,"MoMA, Floor 4, 410"
135452,"Egg/Time Event",37701,1966,"Plaster block with stamped ink","3 1/8 × 3 × 2 1/8" (7.9 × 7.6 × 5.4 cm)",Multiple,"Drawings & Prints",2008-10-08,https://www.moma.org/collection/works/135452,https://www.moma.org/media/W1siZiIsIjM5MDAwNSJdLFsicCIsImNvbnZlcnQiLCItcmVzaXplIDEwMjR4MTAyNFx1MDAzZSJdXQ.jpg?sha=d72678711c671c41,"MoMA, Floor 4, 410"
136296,"Poster for House of Dust, CalArts, October 21, 1970",NULL,1970,Screenprint,"composition (irreg.): 9 13/16 × 11 3/16" (24.9 × 28.4 cm); sheet (irreg.): 15 1/8 × 22 1/2" (38.4 × 57.2 cm)",Print,"Drawings & Prints",2008-10-08,NULL,NULL,"MoMA, Floor 4, 410"
140178,"Patchwork Quilt",412,1970,"Felt-tip pen on graph paper","5 1/2 × 6 1/2" (14 × 16.5 cm)",Drawing,"Drawings & Prints",2010-09-16,https://www.moma.org/collection/works/140178,https://www.moma.org/media/W1siZiIsIjIxNzg4NSJdLFsicCIsImNvbnZlcnQiLCItcmVzaXplIDEwMjR4MTAyNFx1MDAzZSJdXQ.jpg?sha=dc7087042a605355,"MoMA, Floor 4, 416"
140333,Encounter,1467,1969,"Bronze, six parts","Each 50 x 7 x 7" (127 x 17.8 x 17.8 cm), 40 x 6 x 6" (101.6 x 15.2 x 15.2 cm), 39 x 5 x 5" (99.1 x 12.7 x 12.7 cm), 38 x 4 1/2 x 4 1/2" (96.5 x 11.4 x 11.4 cm), 27 1/2 x 5 x 4 1/2" (69.9 x 12.7 x 11.4 cm), and 14 1/2 x 5 x 4" (36.8 x 12.7 x 10.2 cm)

",Sculpture,"Painting & Sculpture",2010-09-13,https://www.moma.org/collection/works/140333,https://www.moma.org/media/W1siZiIsIjE5NDk0NCJdLFsicCIsImNvbnZlcnQiLCItcmVzaXplIDEwMjR4MTAyNFx1MDAzZSJdXQ.jpg?sha=4ff4b79241e85915,"MoMA, Floor 4, 404"
140482,Academy,5988,"New York 1955","Oil-based house paint, pencil, colored pencil, and pastel on canvas","75 1/4 x 94 7/8" (191.1 x 241 cm)",Painting,"Painting & Sculpture",2010-12-09,https://www.moma.org/collection/works/140482,https://www.moma.org/media/W1siZiIsIjI0NzExMCJdLFsicCIsImNvbnZlcnQiLCItcmVzaXplIDEwMjR4MTAyNFx1MDAzZSJdXQ.jpg?sha=f9f8f08c2fda74d0,"MoMA, Floor 4, 405"
141034,Untitled,8595,"May 30, 1949","Gelatin silver print","3 13/16 × 3 13/16" (9.7 × 9.7 cm)",Photograph,Photography,2010-10-07,https://www.moma.org/collection/works/141034,https://www.moma.org/media/W1siZiIsIjMyMjQ1MiJdLFsicCIsImNvbnZlcnQiLCItcmVzaXplIDEwMjR4MTAyNFx1MDAzZSJdXQ.jpg?sha=fa55f4136b4e0033,"MoMA, Floor 5, 521"
141041,"Shirley Jean Emerman",38854,"Summer 1923","Gelatin silver print","4 1/8 × 2 3/8" (10.4 × 6.1 cm)",Photograph,Photography,2010-10-07,https://www.moma.org/collection/works/141041,https://www.moma.org/media/W1siZiIsIjMyMjM3NyJdLFsicCIsImNvbnZlcnQiLCItcmVzaXplIDEwMjR4MTAyNFx1MDAzZSJdXQ.jpg?sha=989752f16542f0ba,"MoMA, Floor 5, 521"
141097,Untitled,8595,"c. 1950","Gelatin silver print","5 3/4 × 3 9/16" (14.6 × 9 cm)",Photograph,Photography,2010-10-07,https://www.moma.org/collection/works/141097,https://www.moma.org/media/W1siZiIsIjM5MjI3NCJdLFsicCIsImNvbnZlcnQiLCItcmVzaXplIDEwMjR4MTAyNFx1MDAzZSJdXQ.jpg?sha=68b2a38becea0703,"MoMA, Floor 5, 521"
141124,Untitled,8595,"c. 1945","Gelatin silver print","3 1/16 × 5 1/4" (7.7 × 13.4 cm)",Photograph,Photography,2010-10-07,https://www.moma.org/collection/works/141124,https://www.moma.org/media/W1siZiIsIjQyODkzMiJdLFsicCIsImNvbnZlcnQiLCItcmVzaXplIDEwMjR4MTAyNFx1MDAzZSJdXQ.jpg?sha=64b82e1858b8e3f2,"MoMA, Floor 5, 521"
141225,Untitled,8595,"c. 1920","Gelatin silver print","2 3/8 × 4 3/16" (6.1 × 10.7 cm)",Photograph,Photography,2010-10-07,https://www.moma.org/collection/works/141225,https://www.moma.org/media/W1siZiIsIjMyMjQ0MSJdLFsicCIsImNvbnZlcnQiLCItcmVzaXplIDEwMjR4MTAyNFx1MDAzZSJdXQ.jpg?sha=218a624fa81965bf,"MoMA, Floor 5, 521"
141264,Untitled,8595,"c. 1930","Gelatin silver print","2 3/4 × 4 1/2" (7 × 11.4 cm)",Photograph,Photography,2010-10-07,https://www.moma.org/collection/works/141264,https://www.moma.org/media/W1siZiIsIjMyMzkyOSJdLFsicCIsImNvbnZlcnQiLCItcmVzaXplIDEwMjR4MTAyNFx1MDAzZSJdXQ.jpg?sha=c8221b82ab12e08e,"MoMA, Floor 5, 521"
143370,Bleekmen,33915,2010,"Clay, wood, wire, Styrofoam, plastic, cast iron, fabric, aluminum, synthetic polymer paint, ink, paper, and brass wire","7' 8 1/2" x 36" x 31 1/2" (235 x 91.4 x 80 cm)",Sculpture,"Painting & Sculpture",2011-02-08,https://www.moma.org/collection/works/143370,https://www.moma.org/media/W1siZiIsIjIzNDg5MSJdLFsicCIsImNvbnZlcnQiLCItcmVzaXplIDEwMjR4MTAyNFx1MDAzZSJdXQ.jpg?sha=159908ba23ea2356,"MoMA, Floor 2, 214"
144702,"Miura Stackable Stools",8149,2003,Polypropylene,"31 7/8 x 18 1/2 x 15 3/4" (81 x 47 x 40 cm)",Design,"Architecture & Design",2006-10-03,NULL,NULL,"MoMA, Floor 1, 1 South"
145867,"Nontransparent Monument (Stele 1)",8073,2006,"One from a series of five ink rubbings","composition (irreg.): 90 3/16 x 49 5/8" (229 x 126 cm); sheet (irreg.): 96 1/16 x 51 3/16" (244 x 130 cm)",Print,"Drawings & Prints",2007-11-12,https://www.moma.org/collection/works/145867,https://www.moma.org/media/W1siZiIsIjIxMzgzMSJdLFsicCIsImNvbnZlcnQiLCItcmVzaXplIDEwMjR4MTAyNFx1MDAzZSJdXQ.jpg?sha=5b3ed95dcbeba879,"MoMA, Floor 2, 214"
145868,"Nontransparent Monument (Stele 3)",8073,2006,"One from a series of five ink rubbings","composition (irreg.): 73 1/4 x 49 3/16" (186 x 125 cm); sheet (irreg.): 76 15/16 x 51 3/16" (195.5 x 130 cm)",Print,"Drawings & Prints",2007-11-12,https://www.moma.org/collection/works/145868,https://www.moma.org/media/W1siZiIsIjIxMzgzMiJdLFsicCIsImNvbnZlcnQiLCItcmVzaXplIDEwMjR4MTAyNFx1MDAzZSJdXQ.jpg?sha=5a4b23241a12378a,"MoMA, Floor 2, 214"
145869,"Nontransparent Monument (Stele 4)",8073,2006,"One from a series of five ink rubbings","composition (irreg.): 61 13/16 x 51 3/16" (157 x 130 cm); sheet (irreg.): 69 5/16 x 51 9/16" (176 x 131 cm)",Print,"Drawings & Prints",2007-11-12,https://www.moma.org/collection/works/145869,https://www.moma.org/media/W1siZiIsIjIxMzgzMyJdLFsicCIsImNvbnZlcnQiLCItcmVzaXplIDEwMjR4MTAyNFx1MDAzZSJdXQ.jpg?sha=c773a980aa186edb,"MoMA, Floor 2, 214"
145870,"Nontransparent Monument (Stele 6)",8073,2006,"One from a series of five ink rubbings","composition (irreg.): 83 1/4 × 46 5/8" (211.5 × 118.5 cm); sheet (irreg.): 88 7/8 × 51 3/16" (225.7 × 130 cm)",Print,"Drawings & Prints",2007-11-12,https://www.moma.org/collection/works/145870,https://www.moma.org/media/W1siZiIsIjIxMzgzNCJdLFsicCIsImNvbnZlcnQiLCItcmVzaXplIDEwMjR4MTAyNFx1MDAzZSJdXQ.jpg?sha=a71d9419585609bb,"MoMA, Floor 2, 214"
145871,"Nontransparent Monument (Stele 7)",8073,2006,"One from a series of five ink rubbings","composition (irreg.): 67 5/16 x 48 13/16" (171 x 124 cm); sheet (irreg.): 76 3/8 x 51 3/16" (194 x 130 cm)",Print,"Drawings & Prints",2007-11-12,https://www.moma.org/collection/works/145871,https://www.moma.org/media/W1siZiIsIjIxMzgzNSJdLFsicCIsImNvbnZlcnQiLCItcmVzaXplIDEwMjR4MTAyNFx1MDAzZSJdXQ.jpg?sha=9f3168b1861f59ce,"MoMA, Floor 2, 214"
146845,"Vibrational Structure from a Circle, Series B",39621,1951,"Oil on canvas","31 1/2 x 11 13/16" (80 x 30 cm)",Painting,"Painting & Sculpture",2011-05-12,https://www.moma.org/collection/works/146845,https://www.moma.org/media/W1siZiIsIjQ2MjY1NiJdLFsicCIsImNvbnZlcnQiLCItcmVzaXplIDEwMjR4MTAyNFx1MDAzZSJdXQ.jpg?sha=eb9e3b1c8c10b5e7,"MoMA, Floor 5, 507"
146951,"A Second of Time",36991,1978,"Spiral-bound notebook with marker, crayon, pencil, colored pencil, paint, correction fluid, cut-and-pasted paper, and tape, containing photocopy, typewriting on paper, and ink on card","12 3/8 × 10 × 1 1/2" (31.4 × 25.4 × 3.8 cm)","Illustrated Book","Drawings & Prints",2011-05-12,https://www.moma.org/collection/works/146951,https://www.moma.org/media/W1siZiIsIjU1ODQ0NiJdLFsicCIsImNvbnZlcnQiLCItcmVzaXplIDEwMjR4MTAyNFx1MDAzZSJdXQ.jpg?sha=99705918c8c7b674,"MoMA, Floor 3, 3 East"
147070,"Antwerp-Brussels (People and Time)","35162, 41483",1969,"Gelatin silver prints","Each 11 11/16 × 9 5/16" (29.7 × 23.6 cm)",Photograph,Photography,2011-05-18,https://www.moma.org/collection/works/147070,https://www.moma.org/media/W1siZiIsIjI0MDIxMCJdLFsicCIsImNvbnZlcnQiLCItcmVzaXplIDEwMjR4MTAyNFx1MDAzZSJdXQ.jpg?sha=7d53cfae008cab77,"MoMA, Floor 4, 419"
147308,"Roberta's Construction Chart #2",39696,1976,"Chromogenic print, printed 2003","22 15/16 × 29 5/8" (58.3 × 75.3 cm)",Photograph,Photography,2011-10-03,https://www.moma.org/collection/works/147308,https://www.moma.org/media/W1siZiIsIjIzMTk5OCJdLFsicCIsImNvbnZlcnQiLCItcmVzaXplIDEwMjR4MTAyNFx1MDAzZSJdXQ.jpg?sha=37ae17f619c07aea,"MoMA, Floor 3, 3 East"
147941,"Theatrical Composition",1784,"c. 1925","Oil on canvas","58 5/8 x 42 7/8" (149 x 108.9 cm)",Painting,"Painting & Sculpture",1991-01-07,https://www.moma.org/collection/works/147941,https://www.moma.org/media/W1siZiIsIjE3OTU0NiJdLFsicCIsImNvbnZlcnQiLCItcmVzaXplIDEwMjR4MTAyNFx1MDAzZSJdXQ.jpg?sha=39d65d9e0ea4b773,"MoMA, Floor 5, 513"
148675,Dial-A-Poem,2171,1968/2012,"Digital recordings of 200 poems by 79 poets, four modified telephones","Dimensions variable",Installation,"Media and Performance",2018-11-07,NULL,NULL,"MoMA, Floor 4, 414"
150061,"Geopark, Stavanger, Norway (Scale model, 1:200)","40431, 40432",2009,"Plexiglass, metal, sand, plastic and card","1 3/8 × 25 1/4 × 15 1/8" (3.5 × 64.1 × 38.4 cm)
.a (left side): 1 3/8 × 15 1/8 × 15 1/8" (3.5 × 38.4 × 38.4 cm)
.b (right side): 1 3/8 × 15 1/8 × 15 1/8" (3.5 × 38.4 × 38.4 cm)",Architecture,"Architecture & Design",2011-09-20,https://www.moma.org/collection/works/150061,https://www.moma.org/media/W1siZiIsIjU4NTkwMCJdLFsicCIsImNvbnZlcnQiLCItcmVzaXplIDEwMjR4MTAyNFx1MDAzZSJdXQ.jpg?sha=689fef19340d13c7,"MoMA, Floor 2, 216"
150077,"Geopark, Stavanger, Norway (Plan sketch)","40432, 40431",2007,"Ink and pencil on paper","11 13/16 x 7 7/8" (30 x 20 cm)",Architecture,"Architecture & Design",2011-09-20,https://www.moma.org/collection/works/150077,https://www.moma.org/media/W1siZiIsIjIzMzUyNCJdLFsicCIsImNvbnZlcnQiLCItcmVzaXplIDEwMjR4MTAyNFx1MDAzZSJdXQ.jpg?sha=2ef8e2e57f80d200,"MoMA, Floor 2, 216"
150143,"Shooting Painting American Embassy",1444,1961,"Paint, plaster, wood, plastic bags, shoe, twine, metal seat, axe, metal can, toy gun, wire mesh, shot pellets, and other objects on wood","96 3/8 x 25 7/8 x 8 5/8" (244.8 x 65.7 x 21.9 cm)",Sculpture,"Painting & Sculpture",2011-09-27,https://www.moma.org/collection/works/150143,https://www.moma.org/media/W1siZiIsIjQ0OTI4NiJdLFsicCIsImNvbnZlcnQiLCItcmVzaXplIDEwMjR4MTAyNFx1MDAzZSJdXQ.jpg?sha=b9e41e5d2709bba8,"MoMA, Floor 4, 408"
151035,"R.S.V.P. I",40531,1977/2003,"Pantyhose and sand, 10 pieces","Overall dimensions variable",Installation,"Painting & Sculpture",2011-09-27,https://www.moma.org/collection/works/151035,https://www.moma.org/media/W1siZiIsIjIzNTAzNiJdLFsicCIsImNvbnZlcnQiLCItcmVzaXplIDEwMjR4MTAyNFx1MDAzZSJdXQ.jpg?sha=41870757f51597d0,"MoMA, Floor 3, 3 East"
151314,"Faces: Men and Women, #11, "Mary Ann Aloojian"",40564,1978,"Gelatin silver print and ink on three sheets of paper","sheet (each): 23 x 19" (58.4 x 48.3 cm)",Drawing,"Drawings & Prints",2011-09-26,https://www.moma.org/collection/works/151314,https://www.moma.org/media/W1siZiIsIjMyODE0OCJdLFsicCIsImNvbnZlcnQiLCItcmVzaXplIDEwMjR4MTAyNFx1MDAzZSJdXQ.jpg?sha=6d3b5e349af1b858,"MoMA, Floor 3, 3 East"
151482,"Daar is geen Indiane in Suide Afrika",7521,1976,"Ink on paper","14 5/8 x 9 3/4" (37.1 x 24.8 cm)",Drawing,"Drawings & Prints",2011-09-26,https://www.moma.org/collection/works/151482,https://www.moma.org/media/W1siZiIsIjIzNDE0MCJdLFsicCIsImNvbnZlcnQiLCItcmVzaXplIDEwMjR4MTAyNFx1MDAzZSJdXQ.jpg?sha=46031e9b2fa40cc3,"MoMA, Floor 4, 420"
151484,Untitled,7521,1976,"Ink on paper","14 3/4 x 9 3/4" (37.5 x 24.8 cm)",Drawing,"Drawings & Prints",2011-09-26,https://www.moma.org/collection/works/151484,https://www.moma.org/media/W1siZiIsIjIzNDE0MyJdLFsicCIsImNvbnZlcnQiLCItcmVzaXplIDEwMjR4MTAyNFx1MDAzZSJdXQ.jpg?sha=2d31dcbf8dba7163,"MoMA, Floor 4, 420"
151487,Untitled,7521,"c. 1976","Ink on paper","14 5/8 x 9 5/8" (37.1 x 24.4 cm)",Drawing,"Drawings & Prints",2011-09-26,https://www.moma.org/collection/works/151487,https://www.moma.org/media/W1siZiIsIjIzNDE0NiJdLFsicCIsImNvbnZlcnQiLCItcmVzaXplIDEwMjR4MTAyNFx1MDAzZSJdXQ.jpg?sha=1a4f7d98b934b1fe,"MoMA, Floor 4, 420"
151488,Untitled,7521,"c. 1976","Ink on paper","14 1/2 x 9 3/4" (36.8 x 24.8 cm)",Drawing,"Drawings & Prints",2011-09-26,https://www.moma.org/collection/works/151488,https://www.moma.org/media/W1siZiIsIjIzNDE0NyJdLFsicCIsImNvbnZlcnQiLCItcmVzaXplIDEwMjR4MTAyNFx1MDAzZSJdXQ.jpg?sha=98e973d1d1a5a6ff,"MoMA, Floor 4, 420"
151489,Untitled,7521,"c. 1976","Ink on paper","14 3/4 x 9 7/8" (37.5 x 25.1 cm)",Drawing,"Drawings & Prints",2011-09-26,https://www.moma.org/collection/works/151489,https://www.moma.org/media/W1siZiIsIjIzNDE0OCJdLFsicCIsImNvbnZlcnQiLCItcmVzaXplIDEwMjR4MTAyNFx1MDAzZSJdXQ.jpg?sha=acba31d8e46c1b46,"MoMA, Floor 4, 420"
151490,Ekke?,7521,1976,"Ink and gouache on paper","14 3/4 x 10" (37.5 x 25.4 cm)",Drawing,"Drawings & Prints",2011-09-26,https://www.moma.org/collection/works/151490,https://www.moma.org/media/W1siZiIsIjIzNDE0MSJdLFsicCIsImNvbnZlcnQiLCItcmVzaXplIDEwMjR4MTAyNFx1MDAzZSJdXQ.jpg?sha=fb10a01c2172688d,"MoMA, Floor 4, 420"
152620,"Rot-gelb-schwarzes Doppelellipsoid 'Zwilling' (Red-Yellow-Black Double Ellipsoid "Twin")",28632,1982,"Lacquer on wood, two parts","4 5/16 x 5 1/2 x 237" (11 x 14 x 602 cm) and 5 1/8 x 8 1/16 x 259 13/16" (13 x 20.5 x 660 cm)",Sculpture,"Painting & Sculpture",2014-02-04,https://www.moma.org/collection/works/152620,https://www.moma.org/media/W1siZiIsIjIyNTM2OCJdLFsicCIsImNvbnZlcnQiLCItcmVzaXplIDEwMjR4MTAyNFx1MDAzZSJdXQ.jpg?sha=32b13aac40cca83b,"MoMA, Floor 2, 203"
156383,Uphe,28538,2011,"Acrylic and oil on canvas","19 x 15" (48.1 x 38.1 cm)",Painting,"Painting & Sculpture",2012-02-15,https://www.moma.org/collection/works/156383,https://www.moma.org/media/W1siZiIsIjQyMzIwMyJdLFsicCIsImNvbnZlcnQiLCItcmVzaXplIDEwMjR4MTAyNFx1MDAzZSJdXQ.jpg?sha=40b189959a658b23,"MoMA, Floor 2, 203"
156681,Work,38991,1959,"Synthetic resin paint on canvas","72 x 58" (182.9 x 147.3 cm)",Painting,"Painting & Sculpture",2012-02-15,https://www.moma.org/collection/works/156681,https://www.moma.org/media/W1siZiIsIjI1MTIwNSJdLFsicCIsImNvbnZlcnQiLCItcmVzaXplIDEwMjR4MTAyNFx1MDAzZSJdXQ.jpg?sha=788ffe249e6bfd8a,"MoMA, Floor 4, 405"
156816,"At Jennie Richee At shore of Aronburg Run River... (recto); Untitled (Girl swinging on vine) (verso)",28600,n.d.,"Watercolor, carbon paper transfer, pencil, ink and cut-and-pasted printed papers on paper (recto); Watercolor, carbon paper transfer, and pencil on paper (verso)","24 x 108" (61 x 274.3 cm)",Drawing,"Drawings & Prints",2012-02-14,https://www.moma.org/collection/works/156816,https://www.moma.org/media/W1siZiIsIjM5Njg4NiJdLFsicCIsImNvbnZlcnQiLCItcmVzaXplIDEwMjR4MTAyNFx1MDAzZSJdXQ.jpg?sha=1cc9268abb961bf0,"MoMA, Floor 4, 412"
157565,"Ziggurat from [2,3]",39961,2011,"One from a boxed set of six die-cut folios","overall (open): 20 1/4 x 32 5/16 x 9 7/16" (51.5 x 82 x 24 cm); overall (closed): 20 1/4 x 16 1/8 x 9/16" (51.5 x 41 x 1.5 cm)","Illustrated Book","Drawings & Prints",2012-02-07,https://www.moma.org/collection/works/157565,https://www.moma.org/media/W1siZiIsIjI0NDYwNyJdLFsicCIsImNvbnZlcnQiLCItcmVzaXplIDEwMjR4MTAyNFx1MDAzZSJdXQ.jpg?sha=33bb78ae6e084b8a,"MoMA, Floor 2, 203"
158541,"Untitled (Self with Little Fur), Untitled (Self with Pelts)",30952,1974,"Chromogenic print","7 × 5 1/16" (17.8 × 12.8 cm)",Photograph,Photography,2012-05-09,https://www.moma.org/collection/works/158541,https://www.moma.org/media/W1siZiIsIjI1MTIyMCJdLFsicCIsImNvbnZlcnQiLCItcmVzaXplIDEwMjR4MTAyNFx1MDAzZSJdXQ.jpg?sha=4eff1981b91fa7ca,"MoMA, Floor 3, 3 East"
158543,Untitled,30952,1988-89,Cyanotype,"7 1/2 × 5 3/8" (19.1 × 13.7 cm)",Photograph,Photography,2012-05-09,https://www.moma.org/collection/works/158543,https://www.moma.org/media/W1siZiIsIjI1MTIyMiJdLFsicCIsImNvbnZlcnQiLCItcmVzaXplIDEwMjR4MTAyNFx1MDAzZSJdXQ.jpg?sha=38f67416457f2493,"MoMA, Floor 3, 3 East"
158546,Untitled,30952,1988-89,Cyanotype,"7 1/2 × 5 3/8" (19.1 × 13.7 cm)",Photograph,Photography,2012-05-09,https://www.moma.org/collection/works/158546,https://www.moma.org/media/W1siZiIsIjI1MTQ2OCJdLFsicCIsImNvbnZlcnQiLCItcmVzaXplIDEwMjR4MTAyNFx1MDAzZSJdXQ.jpg?sha=101f0aab53639de0,"MoMA, Floor 3, 3 East"
159620,"Visual Text: Finger Poem",7816,1968,"Standard-definition video (black and white, silent)","1:20 min.",Video,"Media and Performance",2012-02-16,https://www.moma.org/collection/works/159620,NULL,"MoMA, Floor 4, 419"
159723,Syntagma,7816,1983,"16mm film transferred to video (color, sound)","30:39 min.",Video,"Media and Performance",2012-02-16,NULL,NULL,"MoMA, Floor 4, 417"
159919,Krieger,5281,2012,Wood,"9' 11 1/4" x 49 1/2" x 45 1/8" (302.9 x 125.7 x 114.6 cm) and 9' 9" 1/2 x 49 1/2" x 45 1/8" (298.5 x 125.7 x 114.6 cm)",Sculpture,"Painting & Sculpture",2012-06-04,https://www.moma.org/collection/works/159919,https://www.moma.org/media/W1siZiIsIjI0NzEzMiJdLFsicCIsImNvbnZlcnQiLCItcmVzaXplIDEwMjR4MTAyNFx1MDAzZSJdXQ.jpg?sha=9c91965c0ba6e855,"MoMA, Floor 6"
159965,"Bootjack (Stiefelknecht)",30952,1976,"Colored pencil, pencil, and gouache on paper","20 3/4 × 15 1/2" (52.7 × 39.4 cm)",Drawing,"Drawings & Prints",2013-05-23,https://www.moma.org/collection/works/159965,https://www.moma.org/media/W1siZiIsIjI4OTI1OSJdLFsicCIsImNvbnZlcnQiLCItcmVzaXplIDEwMjR4MTAyNFx1MDAzZSJdXQ.jpg?sha=00e6c86dcc091bd5,"MoMA, Floor 3, 3 East"
159966,"Support (Stütze)",30952,1976,"Colored pencil, pencil, and gouache on paper","24 3/4 × 17 3/4" (62.9 × 45.1 cm)",Drawing,"Drawings & Prints",2013-05-23,https://www.moma.org/collection/works/159966,https://www.moma.org/media/W1siZiIsIjI4OTI1OCJdLFsicCIsImNvbnZlcnQiLCItcmVzaXplIDEwMjR4MTAyNFx1MDAzZSJdXQ.jpg?sha=f1dc9e33fb041002,"MoMA, Floor 3, 3 East"
160132,Untitled,3758,1962,"Charcoal and pencil on paper","14 3/8 x 17" (36.5 x 43.2 cm)",Drawing,"Drawings & Prints",2012-06-04,https://www.moma.org/collection/works/160132,https://www.moma.org/media/W1siZiIsIjI1NDQ3MCJdLFsicCIsImNvbnZlcnQiLCItcmVzaXplIDEwMjR4MTAyNFx1MDAzZSJdXQ.jpg?sha=878356a2dd130138,"MoMA, Floor 4, 407"
160207,Untitled,534,1957,"Oil on canvas with wood frame","9 7/8 x 14 1/4" (25.1 x 36.2 cm)",Painting,"Painting & Sculpture",2012-06-04,https://www.moma.org/collection/works/160207,https://www.moma.org/media/W1siZiIsIjI1NDQ3MSJdLFsicCIsImNvbnZlcnQiLCItcmVzaXplIDEwMjR4MTAyNFx1MDAzZSJdXQ.jpg?sha=b8d56bcddbd44b6e,"MoMA, Floor 3, 3 East"
161017,"Elegy for a New Conscript: Under the Shadow of a Rifle Stand",2471,1951,"Etching and aquatint","plate: 7 13/16 x 6 7/8" (19.9 x 17.5 cm); sheet: 14 13/16 x 12 13/16" (37.7 x 32.6 cm)",Print,"Drawings & Prints",2012-05-22,https://www.moma.org/collection/works/161017,https://www.moma.org/media/W1siZiIsIjI0NzQzNiJdLFsicCIsImNvbnZlcnQiLCItcmVzaXplIDEwMjR4MTAyNFx1MDAzZSJdXQ.jpg?sha=c472a57f04c14c5c,"MoMA, Floor 5, 522"
161018,"Elegy for a New Conscript: Landscape",2471,1952,Etching,"plate: 6 x 8 1/4" (15.3 x 20.9 cm); sheet: 11 9/16 x 13 9/16" (29.4 x 34.4 cm)",Print,"Drawings & Prints",2012-05-22,https://www.moma.org/collection/works/161018,https://www.moma.org/media/W1siZiIsIjI0NzQzNyJdLFsicCIsImNvbnZlcnQiLCItcmVzaXplIDEwMjR4MTAyNFx1MDAzZSJdXQ.jpg?sha=b307634f0aad7706,"MoMA, Floor 5, 522"
161019,Landscape,2471,1953,Etching,"plate: 14 1/4 x 11 3/4" (36.2 x 29.8 cm); sheet: 20 13/16 x 17 1/4" (52.9 x 43.8 cm)",Print,"Drawings & Prints",2012-05-22,https://www.moma.org/collection/works/161019,https://www.moma.org/media/W1siZiIsIjI0NzQzOCJdLFsicCIsImNvbnZlcnQiLCItcmVzaXplIDEwMjR4MTAyNFx1MDAzZSJdXQ.jpg?sha=af3bc6688a56f6a0,"MoMA, Floor 5, 522"
161020,Landscape,2471,1954,"Etching and aquatint","plate: 9 3/4 x 14 3/16" (24.8 x 36.1 cm); sheet: 15 9/16 x 20 3/8" (39.6 x 51.8 cm)",Print,"Drawings & Prints",2012-05-22,https://www.moma.org/collection/works/161020,https://www.moma.org/media/W1siZiIsIjI0NzQ0MCJdLFsicCIsImNvbnZlcnQiLCItcmVzaXplIDEwMjR4MTAyNFx1MDAzZSJdXQ.jpg?sha=781032f9b70abf57,"MoMA, Floor 5, 522"
161021,"Execution Ground (A)",2471,1954,"Etching and aquatint","plate: 9 3/4 x 7 1/2" (24.8 x 19 cm); sheet: 16 5/8 x 12 5/8" (42.3 x 32 cm)",Print,"Drawings & Prints",2012-05-22,https://www.moma.org/collection/works/161021,https://www.moma.org/media/W1siZiIsIjI0NzQzOSJdLFsicCIsImNvbnZlcnQiLCItcmVzaXplIDEwMjR4MTAyNFx1MDAzZSJdXQ.jpg?sha=fa6afb0dc2354337,"MoMA, Floor 5, 522"
161772,"Davidson Little Farms Unit Project (Model)",6459,1932–1933,"Painted wood and particle board","7 3/4 × 70 × 54 3/4" (19.7 × 177.8 × 139.1 cm)","Frank Lloyd Wright Archive","Architecture & Design",2012-10-15,https://www.moma.org/collection/works/161772,https://www.moma.org/media/W1siZiIsIjMzNjk2MSJdLFsicCIsImNvbnZlcnQiLCItcmVzaXplIDEwMjR4MTAyNFx1MDAzZSJdXQ.jpg?sha=3ed3a74c00dec92b,"MoMA, Floor 5, 519"
161773,"Broadacre City Project (Model in four sections)",6459,1934–1935,"Painted wood, cardboard, and paper","9" x 12'8" × 12' (22.9 × 388.6 × 365.8 cm)","Frank Lloyd Wright Archive","Architecture & Design",2012-10-15,https://www.moma.org/collection/works/161773,https://www.moma.org/media/W1siZiIsIjQwMjYwMSJdLFsicCIsImNvbnZlcnQiLCItcmVzaXplIDEwMjR4MTAyNFx1MDAzZSJdXQ.jpg?sha=82eebc8051af7d19,"MoMA, Floor 5, 519"
162353,"Text panel for Broadacre City Project",6459,1934-1935,"Painted plywood","48 x 78 1/4 x 5/8" (121.9 x 198.8 x 1.6 cm)","Frank Lloyd Wright Archive","Architecture & Design",2012-10-15,https://www.moma.org/collection/works/162353,https://www.moma.org/media/W1siZiIsIjM4NzM1MiJdLFsicCIsImNvbnZlcnQiLCItcmVzaXplIDEwMjR4MTAyNFx1MDAzZSJdXQ.jpg?sha=7d220ecd3edb46f5,"MoMA, Floor 5, 519"
162354,"Text panel for Broadacre City Project",6459,1934-1935,"Painted plywood","48 x 79 x 5/8" (121.9 x 200.7 x 1.6 cm)","Frank Lloyd Wright Archive","Architecture & Design",2012-10-15,https://www.moma.org/collection/works/162354,https://www.moma.org/media/W1siZiIsIjM4NzM0OCJdLFsicCIsImNvbnZlcnQiLCItcmVzaXplIDEwMjR4MTAyNFx1MDAzZSJdXQ.jpg?sha=d3d2c5a569b4bd28,"MoMA, Floor 5, 519"
163826,"Accumulation No. 1",3315,1962,"Sewn stuffed fabric, paint, and chair fringe","37 x 39 x 43" (94 x 99.1 x 109.2 cm)",Sculpture,"Painting & Sculpture",2012-09-28,https://www.moma.org/collection/works/163826,https://www.moma.org/media/W1siZiIsIjMwNDk2MSJdLFsicCIsImNvbnZlcnQiLCItcmVzaXplIDEwMjR4MTAyNFx1MDAzZSJdXQ.jpg?sha=149543e9e98b2816,"MoMA, Floor 4, 412"
164938,"Construction with Curved Forms",5907,1931,"Oil and nails on wood","19 1/2 x 16 1/8 x 1/2" (49.5 x 41 x 1.3 cm)",Sculpture,"Painting & Sculpture",2012-12-11,https://www.moma.org/collection/works/164938,https://www.moma.org/media/W1siZiIsIjI2Nzk0MyJdLFsicCIsImNvbnZlcnQiLCItcmVzaXplIDEwMjR4MTAyNFx1MDAzZSJdXQ.jpg?sha=7d39c65ec11677df,"MoMA, Floor 5, 512"
165011,Canyon,4823,1959,"Oil, pencil, paper, metal, photograph, fabric, wood, canvas, buttons, mirror, taxidermied eagle, cardboard, pillow, paint tube and other materials","81 3/4 x 70 x 24" (207.6 x 177.8 x 61 cm)",Painting,"Painting & Sculpture",2012-11-27,https://www.moma.org/collection/works/165011,https://www.moma.org/media/W1siZiIsIjI1NTc5NyJdLFsicCIsImNvbnZlcnQiLCItcmVzaXplIDEwMjR4MTAyNFx1MDAzZSJdXQ.jpg?sha=c4c6cafadbf8389f,"MoMA, Floor 4, 408"
165440,"A Portfolio of Models",38017,1974,"Six gelatin silver prints with text plus additional text panel, printed 2008","Each 20 × 14" (50.8 × 35.6 cm)",Photograph,Photography,2013-02-13,https://www.moma.org/collection/works/165440,https://www.moma.org/media/W1siZiIsIjMwMjY0NCJdLFsicCIsImNvbnZlcnQiLCItcmVzaXplIDEwMjR4MTAyNFx1MDAzZSJdXQ.jpg?sha=34f69b5e1ee78c18,"MoMA, Floor 4, 419"
165801,"Sigis Erben (Agate Psychics)",38908,2012,"Antique-style glass with luster, enamel, and stained black pigments, float glass, agates, and powder-coated steel","Overall dimensions variable
",Installation,"Painting & Sculpture",2012-12-11,https://www.moma.org/collection/works/165801,https://www.moma.org/media/W1siZiIsIjMxODIzMiJdLFsicCIsImNvbnZlcnQiLCItcmVzaXplIDEwMjR4MTAyNFx1MDAzZSJdXQ.jpg?sha=d8afc44380c119a1,"MoMA, Floor 2, 215"
166044,"Deodorized Central Mass with Satellites",3045,1991/1999,"Plush toys sewn over wood and wire frames with styrofoam packing material, nylon rope, pulleys, steel hardware and hanging plates, fiberglass, car paint, and disinfectant","Overall dimensions variable",Installation,"Painting & Sculpture",2013-02-06,https://www.moma.org/collection/works/166044,https://www.moma.org/media/W1siZiIsIjI3OTAxMyJdLFsicCIsImNvbnZlcnQiLCItcmVzaXplIDEwMjR4MTAyNFx1MDAzZSJdXQ.jpg?sha=d7977dfb4d23401e,"MoMA, Floor 2, 207"
166133,Blatt,471,1969,"Dayglo pigment and poured latex","128 x 103" (325.1 x 261.6 cm)",Sculpture,"Painting & Sculpture",2013-02-06,https://www.moma.org/collection/works/166133,https://www.moma.org/media/W1siZiIsIjU2ODA4OCJdLFsicCIsImNvbnZlcnQiLCItcmVzaXplIDEwMjR4MTAyNFx1MDAzZSJdXQ.jpg?sha=baa5e19e1a8a16f8,"MoMA, Floor 3, 3 East"
166135,"Double Fountain, Mother and Child",471,2007,"Bronze, in two parts","80 x 72 1/2 x 54" (203.2 x 184.2 x 137.2 cm) and 44 x 60 1/2 x 36" (111.8 x 153.7 x 91.4 cm)",Sculpture,"Painting & Sculpture",2013-02-06,https://www.moma.org/collection/works/166135,https://www.moma.org/media/W1siZiIsIjU4NzE4OSJdLFsicCIsImNvbnZlcnQiLCItcmVzaXplIDEwMjR4MTAyNFx1MDAzZSJdXQ.jpg?sha=4426bd533a5d02ab,"MoMA, Floor 1, Sculpture Garden"
166963,"The Lifted X",1685,1965,Steel,"65 x 45 x 22" (165.1 x 114.3 x 55.9 cm)",Sculpture,"Painting & Sculpture",2013-02-06,https://www.moma.org/collection/works/166963,https://www.moma.org/media/W1siZiIsIjQyOTM4MyJdLFsicCIsImNvbnZlcnQiLCItcmVzaXplIDEwMjR4MTAyNFx1MDAzZSJdXQ.jpg?sha=feefd931727f0368,"MoMA, Floor 4, 415"
167211,"Medea's Hypostases II",43150,1980,"Drawing with sewing machine on textile","35 7/16 x 23 5/8" (90 x 60 cm)",Painting,"Painting & Sculpture",2013-05-20,https://www.moma.org/collection/works/167211,https://www.moma.org/media/W1siZiIsIjI3NjQ3NCJdLFsicCIsImNvbnZlcnQiLCItcmVzaXplIDEwMjR4MTAyNFx1MDAzZSJdXQ.jpg?sha=a5f39cb5abf94b62,"MoMA, Floor 3, 3 East"
167212,"Medea's Hypostases III",43150,1980,"Drawing with sewing machine on textile","35 7/16 x 23 5/8" (90 x 60 cm)",Painting,"Painting & Sculpture",2013-05-20,https://www.moma.org/collection/works/167212,https://www.moma.org/media/W1siZiIsIjI3NjQ3NSJdLFsicCIsImNvbnZlcnQiLCItcmVzaXplIDEwMjR4MTAyNFx1MDAzZSJdXQ.jpg?sha=8a3dc53599199f71,"MoMA, Floor 3, 3 East"
167213,"Medea's Hypostases IV",43150,1980,"Drawing with sewing machine on textile","35 7/16 x 23 5/8" (90 x 60 cm)",Painting,"Painting & Sculpture",2013-05-20,https://www.moma.org/collection/works/167213,https://www.moma.org/media/W1siZiIsIjI3NjQ3NiJdLFsicCIsImNvbnZlcnQiLCItcmVzaXplIDEwMjR4MTAyNFx1MDAzZSJdXQ.jpg?sha=f7e2141aea62e35f,"MoMA, Floor 3, 3 East"
168066,"Re-visions #16",4872,1978,"Gelatin silver print","5 1/4 × 7 3/4" (13.3 × 19.7 cm)",Photograph,Photography,2013-05-09,https://www.moma.org/collection/works/168066,https://www.moma.org/media/W1siZiIsIjI3MTk0NSJdLFsicCIsImNvbnZlcnQiLCItcmVzaXplIDEwMjR4MTAyNFx1MDAzZSJdXQ.jpg?sha=9a1f46a9fe75cc01,"MoMA, Floor 4, 419"
168958,"The Cuckoo Egg Cup Under Spilling Plastic Flowers",43480,1985,"Foil, wood, plastic wrap, cellophane, tape, staples, vinyl record, printed matter, plastic, plastic bottles, plastic flowers, plastic spoon, and other materials","39 x 12 x 12" (99.1 x 30.5 x 30.5 cm)",Sculpture,"Painting & Sculpture",2013-12-09,https://www.moma.org/collection/works/168958,https://www.moma.org/media/W1siZiIsIjI4NzA3MSJdLFsicCIsImNvbnZlcnQiLCItcmVzaXplIDEwMjR4MTAyNFx1MDAzZSJdXQ.jpg?sha=194627667b18a0a9,"MoMA, Floor 2, 202"
169939,Untitled,7391,1993–96,"Graphite on paper","62 1/2 × 59" (158.8 × 149.9 cm)",Drawing,"Drawings & Prints",2013-05-23,https://www.moma.org/collection/works/169939,https://www.moma.org/media/W1siZiIsIjI5Mjk5MyJdLFsicCIsImNvbnZlcnQiLCItcmVzaXplIDEwMjR4MTAyNFx1MDAzZSJdXQ.jpg?sha=958d874a3e2aa92c,"MoMA, Floor 3, 3 East"
172349,"Moulin Rouge",561,1931,"Gelatin silver print","11 7/16 × 13 9/16" (29 × 34.5 cm)",Photograph,Photography,2013-10-24,https://www.moma.org/collection/works/172349,https://www.moma.org/media/W1siZiIsIjI4NDc2OCJdLFsicCIsImNvbnZlcnQiLCItcmVzaXplIDEwMjR4MTAyNFx1MDAzZSJdXQ.jpg?sha=2d17f793bae3d6f4,"MoMA, Floor 5, 513"
172729,"DOES IT MAKE SENSE? Design Quarterly #133 (Design for special issue of Design Quarterly, no. 133)",2330,1986,Lithograph,"opened: 27 1/8 × 76 1/8" (68.9 × 193.4 cm)",Design,"Architecture & Design",2024-02-05,https://www.moma.org/collection/works/172729,https://www.moma.org/media/W1siZiIsIjU1MDE1NCJdLFsicCIsImNvbnZlcnQiLCItcmVzaXplIDEwMjR4MTAyNFx1MDAzZSJdXQ.jpg?sha=fdfd6537dd963cd1,"MoMA, Floor 4, 417"
173204,Nest,30952,1979,"Chromogenic print, printed 2011","10 5/8 × 15 3/8" (27 × 39.1 cm)",Photograph,Photography,2013-10-24,https://www.moma.org/collection/works/173204,https://www.moma.org/media/W1siZiIsIjI4NDg2NSJdLFsicCIsImNvbnZlcnQiLCItcmVzaXplIDEwMjR4MTAyNFx1MDAzZSJdXQ.jpg?sha=2fc73ea05bbb5fb0,"MoMA, Floor 3, 3 East"
173503,"Moulin Rouge",561,1931,"Gelatin silver print","11 7/16 × 13 9/16" (29 × 34.5 cm)",Photograph,Photography,2013-10-24,https://www.moma.org/collection/works/173503,https://www.moma.org/media/W1siZiIsIjI4NDc4MyJdLFsicCIsImNvbnZlcnQiLCItcmVzaXplIDEwMjR4MTAyNFx1MDAzZSJdXQ.jpg?sha=9641285ab80e5260,"MoMA, Floor 5, 513"
173508,"Moulin Rouge",561,1931,"Gelatin silver print","11 7/16 × 13 9/16" (29 × 34.5 cm)",Photograph,Photography,2013-10-24,https://www.moma.org/collection/works/173508,https://www.moma.org/media/W1siZiIsIjI4NDc4OCJdLFsicCIsImNvbnZlcnQiLCItcmVzaXplIDEwMjR4MTAyNFx1MDAzZSJdXQ.jpg?sha=6e005357bd5dd7dd,"MoMA, Floor 5, 513"
175368,"Transformador de Cuerpos, Buenos Aires, Argentina","44767, 4010",1966,"Ink on paper","29 x 39" (73.7 x 99.1 cm)",Architecture,"Architecture & Design",2014-05-19,https://www.moma.org/collection/works/175368,https://www.moma.org/media/W1siZiIsIjMzOTQ1NiJdLFsicCIsImNvbnZlcnQiLCItcmVzaXplIDEwMjR4MTAyNFx1MDAzZSJdXQ.jpg?sha=7f259b7613bcf609,"MoMA, Floor 4, 417"
177634,10/27/69,2161,1969,"Acrylic on canvas","140 x 185 x 16" (355.6 x 469.9 x 40.6 cm)",Painting,"Painting & Sculpture",2014-02-04,https://www.moma.org/collection/works/177634,https://www.moma.org/media/W1siZiIsIjI5ODczMyJdLFsicCIsImNvbnZlcnQiLCItcmVzaXplIDEwMjR4MTAyNFx1MDAzZSJdXQ.jpg?sha=61829dfd561b7552,"MoMA, Floor 4, 415"
179624,"Building as Classifier, project",44767,1970-1976,"Ink, pencil and colored pencil on vellum","36 x 26 1/2" (91.4 x 67.3 cm)",Architecture,"Architecture & Design",2014-05-19,https://www.moma.org/collection/works/179624,https://www.moma.org/media/W1siZiIsIjU0OTgzNSJdLFsicCIsImNvbnZlcnQiLCItcmVzaXplIDEwMjR4MTAyNFx1MDAzZSJdXQ.jpg?sha=e381fd8c7fad9ab3,"MoMA, Floor 4, 417"
179688,"Closed Circuit",45626,1997-2000,"Video (color, silent)","40 min.",Video,"Media and Performance",2014-02-10,https://www.moma.org/collection/works/179688,https://www.moma.org/media/W1siZiIsIjI4OTI3OSJdLFsicCIsImNvbnZlcnQiLCItcmVzaXplIDEwMjR4MTAyNFx1MDAzZSJdXQ.jpg?sha=325527afb7c2e72f,"MoMA, Floor 2, 206"
180678,gesture/data,45961,2014,"Oil and chroma key video paint, two LCD monitors, and two-channel standard- and high-definition video (color, sound; varying durations)","Left screen: 12:21 min. Right screen: 75:13 min.",Installation,"Media and Performance",2014-05-07,https://www.moma.org/collection/works/180678,https://www.moma.org/media/W1siZiIsIjU4Njg5NSJdLFsicCIsImNvbnZlcnQiLCItcmVzaXplIDEwMjR4MTAyNFx1MDAzZSJdXQ.jpg?sha=e94d717373dd4811,"MoMA, Floor 2, 201"
181796,"Inner Man",26369,1972,"16mm film transferred to standard-definition video (color, sound)","3:40 min.",Video,"Media and Performance",2014-05-07,https://www.moma.org/collection/works/181796,https://www.moma.org/media/W1siZiIsIjMxMDk1MSJdLFsicCIsImNvbnZlcnQiLCItcmVzaXplIDEwMjR4MTAyNFx1MDAzZSJdXQ.jpg?sha=0ab18ddae46179e3,"MoMA, Floor 3, 3 East"
181803,"Bag Piece (1964), performed during Perpetual Fluxfest, Cinematheque, New York, June 27, 1965",4410,1965,"Gelatin silver print","image: 7 1/2 x 7 1/2" (19 x 19 cm); sheet: 9 15/16 x 8" (25.2 x 20.3 cm)",Photograph,"Drawings & Prints",2008-10-08,https://www.moma.org/collection/works/181803,https://www.moma.org/media/W1siZiIsIjI5NTk2NCJdLFsicCIsImNvbnZlcnQiLCItcmVzaXplIDEwMjR4MTAyNFx1MDAzZSJdXQ.jpg?sha=bbd859263c71d250,"MoMA, Floor 4, 417"
181804,"Bag Piece (1964), performed during Perpetual Fluxfest, Cinematheque, New York, June 27, 1965",4410,1965,"Gelatin silver print","image: 7 1/2 x 7 1/2" (19 x 19 cm); sheet: 9 15/16 x 8" (25.2 x 20.3 cm)",Photograph,"Drawings & Prints",2008-10-08,https://www.moma.org/collection/works/181804,https://www.moma.org/media/W1siZiIsIjMxMjAxOCJdLFsicCIsImNvbnZlcnQiLCItcmVzaXplIDEwMjR4MTAyNFx1MDAzZSJdXQ.jpg?sha=4c18cbdf9815c0c0,"MoMA, Floor 4, 417"
181810,"Bag Piece (1964), performed during Perpetual Fluxfest, Cinematheque, New York, June 27, 1965",4410,1965,"Gelatin silver print","image: 7 1/2 x 7 1/2" (19 x 19 cm); sheet: 9 15/16 x 8" (25.2 x 20.3 cm)",Photograph,"Drawings & Prints",2008-10-08,https://www.moma.org/collection/works/181810,https://www.moma.org/media/W1siZiIsIjI5NTk3MCJdLFsicCIsImNvbnZlcnQiLCItcmVzaXplIDEwMjR4MTAyNFx1MDAzZSJdXQ.jpg?sha=158fd6d9678709a8,"MoMA, Floor 4, 417"
184051,"Autumn Lamp",412,1983,"Cut-and-pasted painted paper, fabric, and metallic foil with oil, ink, and pencil on board","40 x 31" (101.6 x 78.7 cm)",Drawing,"Drawings & Prints",2014-10-02,https://www.moma.org/collection/works/184051,https://www.moma.org/media/W1siZiIsIjMxMTgxOCJdLFsicCIsImNvbnZlcnQiLCItcmVzaXplIDEwMjR4MTAyNFx1MDAzZSJdXQ.jpg?sha=bf5c1542adea5deb,"MoMA, Floor 4, 416"
184180,"Accordion & Voice",47676,1982,"12-inch vinyl record","cover: 12 1/4 × 12 3/8" (31.1 × 31.4 cm)",Audio,"Drawings & Prints",2013-10-10,https://www.moma.org/collection/works/184180,https://www.moma.org/media/W1siZiIsIjQyMTE4MSJdLFsicCIsImNvbnZlcnQiLCItcmVzaXplIDEwMjR4MTAyNFx1MDAzZSJdXQ.jpg?sha=52c51f153e7d5753,"MoMA, Floor 4, 410"
184288,"Hand Grasp I",46315,1976,"Four gelatin silver prints","Each 15 3/4 × 19 7/8" (40 × 50.5 cm)",Photograph,Photography,2014-10-09,https://www.moma.org/collection/works/184288,https://www.moma.org/media/W1siZiIsIjMwNjM3MiJdLFsicCIsImNvbnZlcnQiLCItcmVzaXplIDEwMjR4MTAyNFx1MDAzZSJdXQ.jpg?sha=0f547983ea21b300,"MoMA, Floor 4, 419"
184956,"Casa Mara, Caracas, Venezuela",46384,1972,"Print on cellulose acetate","13 3/4 × 21 1/2" (34.9 × 54.6 cm)",Architecture,"Architecture & Design",2014-10-06,https://www.moma.org/collection/works/184956,https://www.moma.org/media/W1siZiIsIjU1MDE0OCJdLFsicCIsImNvbnZlcnQiLCItcmVzaXplIDEwMjR4MTAyNFx1MDAzZSJdXQ.jpg?sha=d25e3b7141e09e33,"MoMA, Floor 4, 417"
184957,"Casa Mara, Caracas, Venezuela",46384,1972,"Print on cellulose acetate","13 3/4 × 21 1/2" (34.9 × 54.6 cm)",Architecture,"Architecture & Design",2014-10-06,https://www.moma.org/collection/works/184957,https://www.moma.org/media/W1siZiIsIjU1MDE0OSJdLFsicCIsImNvbnZlcnQiLCItcmVzaXplIDEwMjR4MTAyNFx1MDAzZSJdXQ.jpg?sha=1a47983470da6ffc,"MoMA, Floor 4, 417"
184960,"Casa Mara, Caracas, Venezuela",46384,1972,"Print on cellulose acetate","13 3/4 × 21 1/2" (34.9 × 54.6 cm)",Architecture,"Architecture & Design",2014-10-06,https://www.moma.org/collection/works/184960,https://www.moma.org/media/W1siZiIsIjU1MDE1MiJdLFsicCIsImNvbnZlcnQiLCItcmVzaXplIDEwMjR4MTAyNFx1MDAzZSJdXQ.jpg?sha=c472117a2200102c,"MoMA, Floor 4, 417"
185018,"Turntable (model SL-1200)",9555,1972,"Steel, plastic, perspex, rubber and electronic components","6 1/4 x 17 7/8 x 14 1/4" (15.9 x 45.4 x 36.2 cm)",Design,"Architecture & Design",2014-10-06,https://www.moma.org/collection/works/185018,https://www.moma.org/media/W1siZiIsIjU1MTg5OSJdLFsicCIsImNvbnZlcnQiLCItcmVzaXplIDEwMjR4MTAyNFx1MDAzZSJdXQ.jpg?sha=2ef08ef1fe01b232,"MoMA, Floor 1, 1 South"
185042,""Boombox" portable audio system (model M-90)",9325,c.1981,"Plastic, aluminum, steel and electronic components","13 3/4 x 26 1/4 x 6 3/4" (34.9 x 66.7 x 17.1 cm)",Design,"Architecture & Design",2014-10-06,https://www.moma.org/collection/works/185042,https://www.moma.org/media/W1siZiIsIjU1MjE3MCJdLFsicCIsImNvbnZlcnQiLCItcmVzaXplIDEwMjR4MTAyNFx1MDAzZSJdXQ.jpg?sha=b4cef30b27d6f72d,"MoMA, Floor 1, 1 South"
185436,"Album cover for The Rolling Stones, Exile on Main St.","8324, 42463, 1973, 46785",1972,Lithograph,"12 x 12" (30.5 x 30.5 cm)",Design,"Architecture & Design",2014-10-06,https://www.moma.org/collection/works/185436,https://www.moma.org/media/W1siZiIsIjMwNTUwMyJdLFsicCIsImNvbnZlcnQiLCItcmVzaXplIDEwMjR4MTAyNFx1MDAzZSJdXQ.jpg?sha=86822a928c472f15,"MoMA, Floor 3, 3 South"
185452,"Radio (model AD-65)",46451,1932,"Bakelite, stainless steel, and woven cloth","15 15/16 x 15 9/16 x 8 1/4" (40.5 x 39.5 x 21 cm)",Design,"Architecture & Design",2014-10-06,https://www.moma.org/collection/works/185452,https://www.moma.org/media/W1siZiIsIjQwMjg4NCJdLFsicCIsImNvbnZlcnQiLCItcmVzaXplIDEwMjR4MTAyNFx1MDAzZSJdXQ.jpg?sha=74c999337826f75b,"MoMA, Floor 5, 519"
185657,"Sheer Curtains",7520,1991,"Oil on canvas","34 5/8 x 31 1/8" (88 x 79 cm)",Painting,"Painting & Sculpture",2014-09-29,https://www.moma.org/collection/works/185657,https://www.moma.org/media/W1siZiIsIjMwMzI0MyJdLFsicCIsImNvbnZlcnQiLCItcmVzaXplIDEwMjR4MTAyNFx1MDAzZSJdXQ.jpg?sha=ed915fb777b15308,"MoMA, Floor 2, 206"
185950,"Bibliography 1, 1976 reprinted from Photography and Language, Camerawork Press",7954,1978,"Gelatin silver print","23 1/2 × 20" (59.7 × 50.8 cm)",Photograph,Photography,2014-10-09,https://www.moma.org/collection/works/185950,https://www.moma.org/media/W1siZiIsIjMxNjk1NiJdLFsicCIsImNvbnZlcnQiLCItcmVzaXplIDEwMjR4MTAyNFx1MDAzZSJdXQ.jpg?sha=2081347cb606385b,"MoMA, Floor 4, 419"
186570,"splash bombs I",29857,2002,"Acrylic and pencil on canvas","110 1/4 x 157 5/8" (280 x 400.4 cm)",Painting,"Painting & Sculpture",2014-12-15,https://www.moma.org/collection/works/186570,https://www.moma.org/media/W1siZiIsIjUxNDUzMCJdLFsicCIsImNvbnZlcnQiLCItcmVzaXplIDEwMjR4MTAyNFx1MDAzZSJdXQ.jpg?sha=1568a21c03c62a9b,"MoMA, Floor 1, Art Lab"
188330,"Käthe Kollwitz",1744,1925,"Gelatin silver print","11 15/16 × 9 7/16" (30.3 × 24 cm)",Photograph,Photography,2015-01-29,https://www.moma.org/collection/works/188330,https://www.moma.org/media/W1siZiIsIjMxNDY0MyJdLFsicCIsImNvbnZlcnQiLCItcmVzaXplIDEwMjR4MTAyNFx1MDAzZSJdXQ.jpg?sha=e8e9d83291a4b972,"MoMA, Floor 5, 514"
188788,"Memory: Record/Erase",32825,1996,"Standard-definition video (color, sound)","10:27 min.",Video,"Media and Performance",2015-03-30,https://www.moma.org/collection/works/188788,https://www.moma.org/media/W1siZiIsIjQ0NTQwOCJdLFsicCIsImNvbnZlcnQiLCItcmVzaXplIDEwMjR4MTAyNFx1MDAzZSJdXQ.jpg?sha=aca0bd21b5dc7966,"MoMA, Floor 2, 205"
190112,Add,47458,1965,"Oil on canvas","59 13/16 x 59 13/16" (152 x 152 cm)",Painting,"Painting & Sculpture",2016-01-20,https://www.moma.org/collection/works/190112,https://www.moma.org/media/W1siZiIsIjM0MDU5NSJdLFsicCIsImNvbnZlcnQiLCItcmVzaXplIDEwMjR4MTAyNFx1MDAzZSJdXQ.jpg?sha=b2802b200ea779a4,"MoMA, Floor 4, 404"
190933,"Jackie Winsor: Work in Progress: Part I, II, III","6402, 35406",1975–1978,"Video (color, sound)","56 min.",Video,Film,2015-02-17,https://www.moma.org/collection/works/190933,https://www.moma.org/media/W1siZiIsIjMxNzQ4MSJdLFsicCIsImNvbnZlcnQiLCItcmVzaXplIDEwMjR4MTAyNFx1MDAzZSJdXQ.jpg?sha=20dbcd77418498fd,"MoMA, Floor 3, 3 East"
192291,Untitled,23421,"c. 1968","Felt-tip pen and colored pencil on paper","8 x 10" (20.3 x 25.4 cm)",Drawing,"Drawings & Prints",2015-06-03,https://www.moma.org/collection/works/192291,https://www.moma.org/media/W1siZiIsIjMzNDgwMyJdLFsicCIsImNvbnZlcnQiLCItcmVzaXplIDEwMjR4MTAyNFx1MDAzZSJdXQ.jpg?sha=90d0b4c7c5ce08fd,"MoMA, Floor 3, 3 East"
192892,"Endless House Project (Preliminary perspective, 1947)",3091,1947–1960,"Ink on paper","11 7/8 x 18" (30.2 x 45.7 cm)",Architecture,"Architecture & Design",2015-06-04,https://www.moma.org/collection/works/192892,https://www.moma.org/media/W1siZiIsIjU2Mzg4OSJdLFsicCIsImNvbnZlcnQiLCItcmVzaXplIDEwMjR4MTAyNFx1MDAzZSJdXQ.jpg?sha=638e8ec61cd38f6b,"MoMA, Floor 4, 417"
193590,Equal,5349,2015,"Forged weatherproof steel, 8 blocks","Each block 60 x 66 x 72" (152.4 x 167.6 x 182.9 cm)",Sculpture,"Painting & Sculpture",2015-06-01,https://www.moma.org/collection/works/193590,https://www.moma.org/media/W1siZiIsIjMyMzA5MCJdLFsicCIsImNvbnZlcnQiLCItcmVzaXplIDEwMjR4MTAyNFx1MDAzZSJdXQ.jpg?sha=10be26a780edba1b,"MoMA, Floor 2, 210"
193811,"Wholesale Merchant and Wife",5145,1923,"Gelatin silver print","10 3/16 × 7 3/8" (25.8 × 18.7 cm)",Photograph,Photography,2015-05-28,https://www.moma.org/collection/works/193811,https://www.moma.org/media/W1siZiIsIjMyNDE2NCJdLFsicCIsImNvbnZlcnQiLCItcmVzaXplIDEwMjR4MTAyNFx1MDAzZSJdXQ.jpg?sha=e9e314e10bc94f67,"MoMA, Floor 5, 514"
193812,"Skilled Tradesman and his Wife",5145,1923,"Gelatin silver print","10 3/16 × 7 3/8" (25.8 × 18.7 cm)",Photograph,Photography,2015-05-28,https://www.moma.org/collection/works/193812,https://www.moma.org/media/W1siZiIsIjMyNDMxOSJdLFsicCIsImNvbnZlcnQiLCItcmVzaXplIDEwMjR4MTAyNFx1MDAzZSJdXQ.jpg?sha=d4237ad79ba60e54,"MoMA, Floor 5, 514"
193813,"Middle-class Couple",5145,1922,"Gelatin silver print","10 3/16 × 7 3/8" (25.8 × 18.7 cm)",Photograph,Photography,2015-05-28,https://www.moma.org/collection/works/193813,https://www.moma.org/media/W1siZiIsIjMyNDE5MyJdLFsicCIsImNvbnZlcnQiLCItcmVzaXplIDEwMjR4MTAyNFx1MDAzZSJdXQ.jpg?sha=82bd36464dc20d10,"MoMA, Floor 5, 514"
193814,"The Innkeeper and his Wife",5145,1930,"Gelatin silver print","10 3/16 × 7 3/8" (25.8 × 18.7 cm)",Photograph,Photography,2015-05-28,https://www.moma.org/collection/works/193814,https://www.moma.org/media/W1siZiIsIjMyNDI5NiJdLFsicCIsImNvbnZlcnQiLCItcmVzaXplIDEwMjR4MTAyNFx1MDAzZSJdXQ.jpg?sha=0f252de7121303fb,"MoMA, Floor 5, 514"
193816,"Paper Manufacturer and Wife",5145,1932,"Gelatin silver print","10 3/16 × 7 3/8" (25.8 × 18.7 cm)",Photograph,Photography,2015-05-28,https://www.moma.org/collection/works/193816,https://www.moma.org/media/W1siZiIsIjMyNDI0OCJdLFsicCIsImNvbnZlcnQiLCItcmVzaXplIDEwMjR4MTAyNFx1MDAzZSJdXQ.jpg?sha=1819bc403429b5ea,"MoMA, Floor 5, 514"
193818,"Young Married Couple",5145,1930s,"Gelatin silver print","10 3/16 × 7 3/8" (25.8 × 18.7 cm)",Photograph,Photography,2015-05-28,https://www.moma.org/collection/works/193818,https://www.moma.org/media/W1siZiIsIjMyNDI5NyJdLFsicCIsImNvbnZlcnQiLCItcmVzaXplIDEwMjR4MTAyNFx1MDAzZSJdXQ.jpg?sha=ed06cb265ff10a8c,"MoMA, Floor 5, 514"
193819,"The Painter Ludwig E. Ronig and his Wife Anna",5145,"c. 1926","Gelatin silver print","10 3/16 × 7 3/8" (25.8 × 18.7 cm)",Photograph,Photography,2015-05-28,https://www.moma.org/collection/works/193819,https://www.moma.org/media/W1siZiIsIjMyNDI1NSJdLFsicCIsImNvbnZlcnQiLCItcmVzaXplIDEwMjR4MTAyNFx1MDAzZSJdXQ.jpg?sha=87f2c248df7cfc84,"MoMA, Floor 5, 514"
193820,"The Architect Hans Heinz Lüttgen and his Wife Dora",5145,1926,"Gelatin silver print","10 3/16 × 7 3/8" (25.8 × 18.7 cm)",Photograph,Photography,2015-05-28,https://www.moma.org/collection/works/193820,https://www.moma.org/media/W1siZiIsIjMyNDI5OCJdLFsicCIsImNvbnZlcnQiLCItcmVzaXplIDEwMjR4MTAyNFx1MDAzZSJdXQ.jpg?sha=458cf4d36bdadda0,"MoMA, Floor 5, 514"
193821,"The Painter Otto Dix and his Wife Martha",5145,1925-26,"Gelatin silver print","10 3/16 × 7 3/8" (25.8 × 18.7 cm)",Photograph,Photography,2015-05-28,https://www.moma.org/collection/works/193821,https://www.moma.org/media/W1siZiIsIjMyNDI5MSJdLFsicCIsImNvbnZlcnQiLCItcmVzaXplIDEwMjR4MTAyNFx1MDAzZSJdXQ.jpg?sha=9eac735fdb5033db,"MoMA, Floor 5, 514"
193822,"The Painter Heinrich Hoerle and his Wife Tata",5145,"c. 1925","Gelatin silver print","10 3/16 × 7 3/8" (25.8 × 18.7 cm)",Photograph,Photography,2015-05-28,https://www.moma.org/collection/works/193822,https://www.moma.org/media/W1siZiIsIjMyNDIzNSJdLFsicCIsImNvbnZlcnQiLCItcmVzaXplIDEwMjR4MTAyNFx1MDAzZSJdXQ.jpg?sha=98fac09c4a84cbb4,"MoMA, Floor 5, 514"
193823,"The Painter Anton Räderscheidt and his Wife Marta Hegemann",5145,"c. 1925","Gelatin silver print","10 3/16 × 7 3/8" (25.8 × 18.7 cm)",Photograph,Photography,2015-05-28,https://www.moma.org/collection/works/193823,https://www.moma.org/media/W1siZiIsIjMyNDMyMCJdLFsicCIsImNvbnZlcnQiLCItcmVzaXplIDEwMjR4MTAyNFx1MDAzZSJdXQ.jpg?sha=d2d5e2b3db97b15b,"MoMA, Floor 5, 514"
193824,"The Dadaist Raoul Hausmann [with Hedwig Mankiewitz and Vera Broïdo]",5145,1929,"Gelatin silver print","10 3/16 × 7 3/8" (25.8 × 18.7 cm)",Photograph,Photography,2015-05-28,https://www.moma.org/collection/works/193824,https://www.moma.org/media/W1siZiIsIjMyNDIzMiJdLFsicCIsImNvbnZlcnQiLCItcmVzaXplIDEwMjR4MTAyNFx1MDAzZSJdXQ.jpg?sha=7b029be7579e61a6,"MoMA, Floor 5, 514"
195435,Chicago,2834,1950,"Gelatin silver print","Approx. 9 3/4 × 7 3/4" (24.8 × 19.7 cm) (.1-.4),  9 1/2 × 4" (24.1 × 10.2 cm) (.5-.8)",Photograph,Photography,2016-05-19,https://www.moma.org/collection/works/195435,https://www.moma.org/media/W1siZiIsIjMzMTIxOCJdLFsicCIsImNvbnZlcnQiLCItcmVzaXplIDEwMjR4MTAyNFx1MDAzZSJdXQ.jpg?sha=8f8770da483d0a53,"MoMA, Floor 4, 409"
196027,"Extendable Table from E-1027",2313,c.1930,"Cork, nickel-plated tubular steel, and painted wood","28 3/4 × 46 1/2 × 24 3/4" (73 × 118.1 × 62.9 cm)",Design,"Architecture & Design",2015-10-19,https://www.moma.org/collection/works/196027,https://www.moma.org/media/W1siZiIsIjMzNjU2NyJdLFsicCIsImNvbnZlcnQiLCItcmVzaXplIDEwMjR4MTAyNFx1MDAzZSJdXQ.jpg?sha=deef8b413f5c540f,"MoMA, Floor 5, 513"
196070,Emoji,48624,1998-1999,"Digital image","Dimensions variable",Design,"Architecture & Design",2016-10-17,https://www.moma.org/collection/works/196070,https://www.moma.org/media/W1siZiIsIjM4MTk4MiJdLFsicCIsImNvbnZlcnQiLCItcmVzaXplIDEwMjR4MTAyNFx1MDAzZSJdXQ.jpg?sha=9b50a60deffed722,"MoMA, Floor 1"
196478,"Tehachapi II",30935,1979,"Acrylic on canvas, two panels","48 × 72 × 2 1/2" (121.9 × 182.9 × 6.4 cm)",Painting,"Painting & Sculpture",2015-10-05,https://www.moma.org/collection/works/196478,https://www.moma.org/media/W1siZiIsIjMzMTY3MiJdLFsicCIsImNvbnZlcnQiLCItcmVzaXplIDEwMjR4MTAyNFx1MDAzZSJdXQ.jpg?sha=b6ae6d80f23fffa6,"MoMA, Floor 2"
196642,"Pleasures and Terrors of Levitation 92",5456,1956,"Gelatin silver print","10 15/16 × 10 3/8" (27.8 × 26.3 cm)",Photograph,Photography,2016-05-19,https://www.moma.org/collection/works/196642,https://www.moma.org/media/W1siZiIsIjMzMjI5MCJdLFsicCIsImNvbnZlcnQiLCItcmVzaXplIDEwMjR4MTAyNFx1MDAzZSJdXQ.jpg?sha=8cc14fcb042a844e,"MoMA, Floor 4, 409"
196975,"The Dove",412,1964,"Gelatin silver print, printed 1971","50 1/2 × 70 1/2" (128.3 × 179.1 cm)",Photograph,Photography,2015-10-15,https://www.moma.org/collection/works/196975,https://www.moma.org/media/W1siZiIsIjM5NTQ1OCJdLFsicCIsImNvbnZlcnQiLCItcmVzaXplIDEwMjR4MTAyNFx1MDAzZSJdXQ.jpg?sha=ae73832102407c02,"MoMA, Floor 4, 416"
199096,"Chair for the Villa Tempe a Pailla",2313,c.1935,"Nickel-plated tubular steel and leather","28 3/4 × 21 3/4 × 16 1/2" (73 × 55.2 × 41.9 cm)",Design,"Architecture & Design",2015-10-19,https://www.moma.org/collection/works/199096,https://www.moma.org/media/W1siZiIsIjMzNjU3MiJdLFsicCIsImNvbnZlcnQiLCItcmVzaXplIDEwMjR4MTAyNFx1MDAzZSJdXQ.jpg?sha=4e19b3dbb121f3ca,"MoMA, Floor 5, 513"
199915,"American People Series #20: Die",7066,1967,"Oil on canvas, two panels","72 × 144" (182.9 × 365.8 cm)",Painting,"Painting & Sculpture",2016-04-04,https://www.moma.org/collection/works/199915,https://www.moma.org/media/W1siZiIsIjQyNTEyMyJdLFsicCIsImNvbnZlcnQiLCItcmVzaXplIDEwMjR4MTAyNFx1MDAzZSJdXQ.jpg?sha=8118b5a2f8aecff3,"MoMA, Floor 4, 415"
199943,"Bob Love",3745,1979,"Gelatin silver print","14 × 14" (35.6 × 35.6 cm)",Photograph,Photography,2016-01-28,https://www.moma.org/collection/works/199943,https://www.moma.org/media/W1siZiIsIjM0NTI1NyJdLFsicCIsImNvbnZlcnQiLCItcmVzaXplIDEwMjR4MTAyNFx1MDAzZSJdXQ.jpg?sha=ccec625d8a86d0d4,"MoMA, Floor 5, 510"
199946,"Alistair Butler",3745,1980,"Gelatin silver print, printed 2011","13 3/4 × 13 3/4" (35 × 35 cm)",Photograph,Photography,2016-01-28,https://www.moma.org/collection/works/199946,https://www.moma.org/media/W1siZiIsIjM1MzgwMiJdLFsicCIsImNvbnZlcnQiLCItcmVzaXplIDEwMjR4MTAyNFx1MDAzZSJdXQ.jpg?sha=b29bee4335af0f6f,"MoMA, Floor 5, 510"
199950,Ajitto,3745,1981,"Gelatin silver print","17 11/16 × 14" (45 × 35.6 cm)",Photograph,Photography,2016-01-28,https://www.moma.org/collection/works/199950,https://www.moma.org/media/W1siZiIsIjM0NTI1OSJdLFsicCIsImNvbnZlcnQiLCItcmVzaXplIDEwMjR4MTAyNFx1MDAzZSJdXQ.jpg?sha=12efdd5c34a6f522,"MoMA, Floor 5, 510"
199984,"The Moon",49158,1928,"Oil on canvas","43 5/16 × 43 5/16" (110 × 110 cm)",Painting,"Painting & Sculpture",2019-02-11,https://www.moma.org/collection/works/199984,https://www.moma.org/media/W1siZiIsIjQ1MDQyMyJdLFsicCIsImNvbnZlcnQiLCItcmVzaXplIDEwMjR4MTAyNFx1MDAzZSJdXQ.jpg?sha=1e8139def977d204,"MoMA, Floor 5, 509"
203380,Mabou,1973,1977,"Gelatin silver prints","19 1/2 × 31 1/4" (49.5 × 79.4 cm)",Photograph,Photography,2016-05-19,https://www.moma.org/collection/works/203380,https://www.moma.org/media/W1siZiIsIjM0NjE1MCJdLFsicCIsImNvbnZlcnQiLCItcmVzaXplIDEwMjR4MTAyNFx1MDAzZSJdXQ.jpg?sha=db3eaa48ee531247,"MoMA, Floor 3, 3 South"
203419,"Red / Red (Untitled) Diptych 1",49614,2015,"Armenian cochineal ink and Turkish red on two sheets of painted paper","Each: 39 × 27 3/8" (99.1 × 69.5 cm)",Drawing,"Drawings & Prints",2016-06-08,https://www.moma.org/collection/works/203419,https://www.moma.org/media/W1siZiIsIjM3OTM4MyJdLFsicCIsImNvbnZlcnQiLCItcmVzaXplIDEwMjR4MTAyNFx1MDAzZSJdXQ.jpg?sha=528f65f497a84267,"MoMA, Floor 2, 215"
203420,"Red / Red (Untitled) Diptych 2",49614,2015,"Armenian cochineal ink and Turkish red on two sheets of painted paper","Each: 39 × 27 3/8" (99.1 × 69.5 cm)",Drawing,"Drawings & Prints",2016-06-08,https://www.moma.org/collection/works/203420,https://www.moma.org/media/W1siZiIsIjM3OTM2MyJdLFsicCIsImNvbnZlcnQiLCItcmVzaXplIDEwMjR4MTAyNFx1MDAzZSJdXQ.jpg?sha=fa9286328e3a6216,"MoMA, Floor 2, 215"
204109,"Why Pictures Now",7928,1981,"Gelatin silver print","3 × 6" (7.6 × 15.2 cm)",Photograph,Photography,2016-05-19,https://www.moma.org/collection/works/204109,https://www.moma.org/media/W1siZiIsIjM3MTQxOCJdLFsicCIsImNvbnZlcnQiLCItcmVzaXplIDEwMjR4MTAyNFx1MDAzZSJdXQ.jpg?sha=ddc41d3df7baa187,"MoMA, Floor 4, 419"
204434,"Big (adjusted to fit)",7928,2002/2003/2016,"Adhesive wall material","Dimensions variable, constrained to match aspect ratio of wall",Photograph,Photography,2016-05-19,https://www.moma.org/collection/works/204434,https://www.moma.org/media/W1siZiIsIjM0NzQ2NSJdLFsicCIsImNvbnZlcnQiLCItcmVzaXplIDEwMjR4MTAyNFx1MDAzZSJdXQ.jpg?sha=a15ef0b3d6961bc9,"MoMA, Floor 1"
204788,"Untitled. Transformable Structure",1391,"c. 1950s","Oil on hinged wood elements","Variable (approximately 15 3/8 x 19 1/2 x 7/8")",Sculpture,"Painting & Sculpture",2016-06-06,https://www.moma.org/collection/works/204788,https://www.moma.org/media/W1siZiIsIjU2ODEwMiJdLFsicCIsImNvbnZlcnQiLCItcmVzaXplIDEwMjR4MTAyNFx1MDAzZSJdXQ.jpg?sha=ef7204870bfbbe2a,"MoMA, Floor 5, 512"
204919,Meeting,5981,1980-86/2016,Light,Variable,Installation,"Painting & Sculpture",2016-06-06,https://www.moma.org/collection/works/204919,https://www.moma.org/media/W1siZiIsIjM4MDkwOSJdLFsicCIsImNvbnZlcnQiLCItcmVzaXplIDEwMjR4MTAyNFx1MDAzZSJdXQ.jpg?sha=aee791a2305853b3,"MoMA PS1, Third floor"
205927,"Cocoon no. 2",27445,1959,"Cellulose nitrate on sheetmetal","11 13/16 × 11 13/16 × 4 5/16" (30 × 30 × 11 cm)",Painting,"Painting & Sculpture",2016-09-21,https://www.moma.org/collection/works/205927,https://www.moma.org/media/W1siZiIsIjQ0ODM4MiJdLFsicCIsImNvbnZlcnQiLCItcmVzaXplIDEwMjR4MTAyNFx1MDAzZSJdXQ.jpg?sha=970d5b630dbbb3e9,"MoMA, Floor 5, 512"
205928,"Visible Idea",42856,1956,"Alkyd on board","23 9/16 × 23 5/8" (59.9 × 60 cm)",Painting,"Painting & Sculpture",2016-09-21,https://www.moma.org/collection/works/205928,https://www.moma.org/media/W1siZiIsIjU1MzQ2OCJdLFsicCIsImNvbnZlcnQiLCItcmVzaXplIDEwMjR4MTAyNFx1MDAzZSJdXQ.jpg?sha=edefc1a159278aa6,"MoMA, Floor 4, 421"
205953,"Curves and Straight Series",50003,1948,"Oil on canvas","27 3/4 × 27 3/4" (70.5 × 70.5 cm)",Painting,"Painting & Sculpture",2016-09-21,https://www.moma.org/collection/works/205953,https://www.moma.org/media/W1siZiIsIjQ1MTI4MSJdLFsicCIsImNvbnZlcnQiLCItcmVzaXplIDEwMjR4MTAyNFx1MDAzZSJdXQ.jpg?sha=aafc1033190766d6,"MoMA, Floor 5, 512"
205955,"Concrete 61",50004,1957,"Alkyd on board","23 5/8 × 23 5/8" (60 × 60 cm)",Painting,"Painting & Sculpture",2016-09-21,https://www.moma.org/collection/works/205955,https://www.moma.org/media/W1siZiIsIjQzMzYyNCJdLFsicCIsImNvbnZlcnQiLCItcmVzaXplIDEwMjR4MTAyNFx1MDAzZSJdXQ.jpg?sha=eb011a28a4f89e3d,"MoMA, Floor 5, 512"
205988,Untitled,8196,1956,"Acrylic on wood","13 3/4 × 13 3/4 × 3 1/8" (35 × 35 × 8 cm)",Painting,"Painting & Sculpture",2016-09-21,https://www.moma.org/collection/works/205988,https://www.moma.org/media/W1siZiIsIjQ0ODc2OSJdLFsicCIsImNvbnZlcnQiLCItcmVzaXplIDEwMjR4MTAyNFx1MDAzZSJdXQ.jpg?sha=2ece47b50ac39e5d,"MoMA, Floor 5, 512"
205989,"Yellow Quadrangle",50006,1955,"Alkyd and gouache on board","14 9/16 × 13" (37 × 33 cm)",Painting,"Painting & Sculpture",2016-09-21,https://www.moma.org/collection/works/205989,https://www.moma.org/media/W1siZiIsIjQ1NTQ4NCJdLFsicCIsImNvbnZlcnQiLCItcmVzaXplIDEwMjR4MTAyNFx1MDAzZSJdXQ.jpg?sha=13e25eb9fec56193,"MoMA, Floor 5, 512"
205996,Untitled,33865,1954,"Oil on canvas","45 3/4 × 35 1/4" (116.2 × 89.5 cm)",Painting,"Painting & Sculpture",2016-09-21,https://www.moma.org/collection/works/205996,https://www.moma.org/media/W1siZiIsIjM3OTMwMiJdLFsicCIsImNvbnZlcnQiLCItcmVzaXplIDEwMjR4MTAyNFx1MDAzZSJdXQ.jpg?sha=d69b9eabdb671ff7,"MoMA, Floor 4, 421"
214451,"Self-Portrait at Age 5 with Doll",7017,1966,"Oil on canvas, doll","30 1/2 × 20 5/8 × 4 1/2" (77.5 × 52.4 × 11.4 cm)",Painting,"Painting & Sculpture",2022-04-04,https://www.moma.org/collection/works/214451,https://www.moma.org/media/W1siZiIsIjU1OTYyNiJdLFsicCIsImNvbnZlcnQiLCItcmVzaXplIDEwMjR4MTAyNFx1MDAzZSJdXQ.jpg?sha=fd44b4f990377d62,"MoMA, Floor 4, 420"
215292,Plow,556,"c. 1929","Gelatin silver print","16 × 23 3/16" (40.6 × 58.9 cm)",Photograph,Photography,2017-02-02,https://www.moma.org/collection/works/215292,https://www.moma.org/media/W1siZiIsIjM4NzczNyJdLFsicCIsImNvbnZlcnQiLCItcmVzaXplIDEwMjR4MTAyNFx1MDAzZSJdXQ.jpg?sha=88c6da3006cedd3d,"MoMA, Floor 5, 519"
215303,"Plowed Field in Frost",36310,"c. 1930","Gelatin silver print","15 3/16 × 19 3/16" (38.5 × 48.8 cm)",Photograph,Photography,2017-02-02,https://www.moma.org/collection/works/215303,https://www.moma.org/media/W1siZiIsIjM4NzczOCJdLFsicCIsImNvbnZlcnQiLCItcmVzaXplIDEwMjR4MTAyNFx1MDAzZSJdXQ.jpg?sha=3c80b5a337e4f469,"MoMA, Floor 5, 519"
215351,Untitled,38972,1964,"Oil on canvas","51 1/2 × 76 3/8" (130.8 × 194 cm)",Painting,"Painting & Sculpture",2019-04-30,https://www.moma.org/collection/works/215351,https://www.moma.org/media/W1siZiIsIjQ2ODMxMyJdLFsicCIsImNvbnZlcnQiLCItcmVzaXplIDEwMjR4MTAyNFx1MDAzZSJdXQ.jpg?sha=9a99b870f082dd51,"MoMA, Floor 4, 405"
215656,Yakshi,67347,1984,"Dyed hemp","97 × 48 × 29" (246.4 × 121.9 × 73.7 cm)",Textile,"Painting & Sculpture",2017-03-29,https://www.moma.org/collection/works/215656,https://www.moma.org/media/W1siZiIsIjQ3NjU4NSJdLFsicCIsImNvbnZlcnQiLCItcmVzaXplIDEwMjR4MTAyNFx1MDAzZSJdXQ.jpg?sha=4f79bbab35182f6c,"MoMA, Floor 3, 3 East"
217283,"Humayun's Tomb, Americans--talking about AIDS and distributing condoms. Nobody believes them. They're always telling us what to do",67545,1986,"Inkjet print, printed 2016","19 × 19" (48.3 × 48.3 cm)",Periodical,Photography,2017-02-02,https://www.moma.org/collection/works/217283,https://www.moma.org/media/W1siZiIsIjM5MjI1NSJdLFsicCIsImNvbnZlcnQiLCItcmVzaXplIDEwMjR4MTAyNFx1MDAzZSJdXQ.jpg?sha=4b95b81286e6b6c3,"MoMA, Floor 4, 419"
217681,"Untitled (red square)",869,"c. 1928","Cut-and-pasted printed and painted paper on board
","19 11/16 × 13 9/16" (50 × 34.5 cm)",Drawing,"Drawings & Prints",2018-03-21,https://www.moma.org/collection/works/217681,https://www.moma.org/media/W1siZiIsIjQzNjQzNyJdLFsicCIsImNvbnZlcnQiLCItcmVzaXplIDEwMjR4MTAyNFx1MDAzZSJdXQ.jpg?sha=ccb84058fa359e04,"MoMA, Floor 5, 505"
218220,"Building the City","67529, 68082",2016,"Ink on digital print","48 × 68" (121.9 × 172.7 cm)",Drawing,"Drawings & Prints",2017-03-30,https://www.moma.org/collection/works/218220,https://www.moma.org/media/W1siZiIsIjQxODkzMyJdLFsicCIsImNvbnZlcnQiLCItcmVzaXplIDEwMjR4MTAyNFx1MDAzZSJdXQ.jpg?sha=430c2d88fae17dd2,"MoMA, Floor 2, 215"
218221,"The Drought, The Flood","67529, 68082",2016,"Ink on digital print","48 × 68" (121.9 × 172.7 cm)",Drawing,"Drawings & Prints",2017-03-30,https://www.moma.org/collection/works/218221,https://www.moma.org/media/W1siZiIsIjQxODkzNCJdLFsicCIsImNvbnZlcnQiLCItcmVzaXplIDEwMjR4MTAyNFx1MDAzZSJdXQ.jpg?sha=da8e7d647a08bd77,"MoMA, Floor 2, 215"
218700,"Poster for appliance manufacturer Oscar Winter's "Patent-Germane" stoves",4394,c.1901,Lithograph,"63 × 19 11/16" (160 × 50 cm)",Design,"Architecture & Design",2018-03-21,https://www.moma.org/collection/works/218700,https://www.moma.org/media/W1siZiIsIjQ0Nzg2NSJdLFsicCIsImNvbnZlcnQiLCItcmVzaXplIDEwMjR4MTAyNFx1MDAzZSJdXQ.jpg?sha=6874dbdfba87d763,"MoMA, Floor 5, 504"
218721,"Design related to poster for the magazine Poligraficheskoe proizvodstvo (Polygraphic Production)",24583,"c. 1928","Cut-and-pasted printed and colored paper on paper with pencil
","22 1/16 × 16 9/16" (56 × 42 cm)",Drawing,"Drawings & Prints",2018-03-21,https://www.moma.org/collection/works/218721,https://www.moma.org/media/W1siZiIsIjQzNzM5MSJdLFsicCIsImNvbnZlcnQiLCItcmVzaXplIDEwMjR4MTAyNFx1MDAzZSJdXQ.jpg?sha=d68744bf84db3083,"MoMA, Floor 5, 505"
218761,"The Fiberglass Chairs: Something of How They Get the Way They Are","1671, 1672",1970,"16mm film transferred to video",NULL,Video,Film,2017-02-08,https://www.moma.org/collection/works/218761,https://www.moma.org/media/W1siZiIsIjU4Mzk3MiJdLFsicCIsImNvbnZlcnQiLCItcmVzaXplIDEwMjR4MTAyNFx1MDAzZSJdXQ.jpg?sha=4309ce2fcce5b9cf,"MoMA, Floor 1, 1 South"
219267,"A Ground (0083)",67887,2015,"Inkjet print","13 5/16 × 10" (33.9 × 25.4 cm)",Photograph,Photography,2017-05-18,https://www.moma.org/collection/works/219267,https://www.moma.org/media/W1siZiIsIjU2NTY1OSJdLFsicCIsImNvbnZlcnQiLCItcmVzaXplIDEwMjR4MTAyNFx1MDAzZSJdXQ.jpg?sha=b77862583ef62fec,"MoMA, Floor 2, 209"
219270,"Mirror Ground Study (1990600)",67887,2016,"Inkjet print","13 5/16 × 10" (33.9 × 25.4 cm)",Photograph,Photography,2017-05-18,https://www.moma.org/collection/works/219270,https://www.moma.org/media/W1siZiIsIjU2NTY2MSJdLFsicCIsImNvbnZlcnQiLCItcmVzaXplIDEwMjR4MTAyNFx1MDAzZSJdXQ.jpg?sha=08ef6c08f9ecc6c7,"MoMA, Floor 2, 209"
219627,"Hauptstadt (Capital)",5281,1981,"Acrylic on seven sheets of paper","Each: 53 1/8 × 43 5/16" (135 × 110 cm)",Drawing,"Drawings & Prints",2017-03-30,https://www.moma.org/collection/works/219627,https://www.moma.org/media/W1siZiIsIjQwMjM2OSJdLFsicCIsImNvbnZlcnQiLCItcmVzaXplIDEwMjR4MTAyNFx1MDAzZSJdXQ.jpg?sha=f1ce535b63605039,"MoMA, Floor 6"
220346,"Paso del Quindío I (Quindío Pass I)",67990,1992,"Three-channel standard-definition video (black and white, sound) on seventeen cathode-ray-tube monitors","29:28 min.",Video,"Media and Performance",2017-10-26,https://www.moma.org/collection/works/220346,https://www.moma.org/media/W1siZiIsIjU0OTg2OSJdLFsicCIsImNvbnZlcnQiLCItcmVzaXplIDEwMjR4MTAyNFx1MDAzZSJdXQ.jpg?sha=4e501729ed4082e9,"MoMA, Floor 2, 208"
270912,"Proposition (Make a Salad), Festival of Misfits, ICA, London, October 24, Proposition #2: Make a Salad, Festival of Misfits, ICA, London, October 24",36471,1962,"Gelatin silver print","sheet: 10 × 8" (25.4 × 20.3 cm)",Photograph,"Drawings & Prints",NULL,NULL,NULL,"MoMA, Floor 4, 410"
270913,"Proposition (Make a Salad), Festival of Misfits, ICA, London, October 24, Proposition #2: Make a Salad, Festival of Misfits, ICA, London, October 24",36471,1962,"Gelatin silver print","sheet: 10 × 8" (25.4 × 20.3 cm)",Photograph,"Drawings & Prints",NULL,NULL,NULL,"MoMA, Floor 4, 410"
270921,"Proposition (Make a Salad), Festival of Misfits, ICA, London, October 23- November 8, 1962",36471,1962,"Gelatin silver print","sheet: 10 × 8" (25.4 × 20.3 cm)",Photograph,"Drawings & Prints",NULL,NULL,NULL,"MoMA, Floor 4, 410"
270924,"Proposition (Make a Salad), Festival of Misfits, ICA, London, October 23- November 8, 1962",36471,1962,"Gelatin silver print","sheet: 10 × 8" (25.4 × 20.3 cm)",Photograph,"Drawings & Prints",NULL,NULL,NULL,"MoMA, Floor 4, 410"
270926,"Proposition (Make a Salad), Festival of Misfits, ICA, London, October 23- November 8, 1962",36471,1962,"Gelatin silver print","sheet: 10 × 8" (25.4 × 20.3 cm)",Photograph,"Drawings & Prints",NULL,NULL,NULL,"MoMA, Floor 4, 410"
273170,"Signifiers for a Male Response",69495,1977,"Inkjet print, printed 2014","18 1/2 × 12 3/8" (47 × 31.4 cm)
",Photograph,Photography,2017-10-26,https://www.moma.org/collection/works/273170,https://www.moma.org/media/W1siZiIsIjQxMDczMyJdLFsicCIsImNvbnZlcnQiLCItcmVzaXplIDEwMjR4MTAyNFx1MDAzZSJdXQ.jpg?sha=d1766894d9fac7d9,"MoMA, Floor 4, 419"
273171,"Blue Handkerchief, Red Handkerchief",69495,1977,"Inkjet print, printed 2014","12 3/8 × 18 1/2" (31.4 × 47 cm)
",Photograph,Photography,2017-10-26,https://www.moma.org/collection/works/273171,https://www.moma.org/media/W1siZiIsIjQxMDc0NiJdLFsicCIsImNvbnZlcnQiLCItcmVzaXplIDEwMjR4MTAyNFx1MDAzZSJdXQ.jpg?sha=66f8cb9f6738b230,"MoMA, Floor 4, 419"
273172,Keys,69495,1977,"Inkjet print, printed 2014","12 3/8 × 18 1/2" (31.4 × 47 cm)
",Photograph,Photography,2017-10-26,https://www.moma.org/collection/works/273172,https://www.moma.org/media/W1siZiIsIjQxMDc5OCJdLFsicCIsImNvbnZlcnQiLCItcmVzaXplIDEwMjR4MTAyNFx1MDAzZSJdXQ.jpg?sha=d7fccf18bb627f28,"MoMA, Floor 4, 419"
273173,Earring,69495,1977,"Inkjet print, printed 2014","12 3/8 × 18 1/2" (31.4 × 47 cm)
",Photograph,Photography,2017-10-26,https://www.moma.org/collection/works/273173,https://www.moma.org/media/W1siZiIsIjQxMDc5OSJdLFsicCIsImNvbnZlcnQiLCItcmVzaXplIDEwMjR4MTAyNFx1MDAzZSJdXQ.jpg?sha=6046760192072227,"MoMA, Floor 4, 419"
273588,Skylark,46962,2010,"Oil on canvas","42 7/8 × 27 9/16" (108.9 × 70.1 cm)",Painting,"Painting & Sculpture",2017-12-12,https://www.moma.org/collection/works/273588,https://www.moma.org/media/W1siZiIsIjQyODY2MSJdLFsicCIsImNvbnZlcnQiLCItcmVzaXplIDEwMjR4MTAyNFx1MDAzZSJdXQ.jpg?sha=d3195cbfafd33394,"MoMA, Floor 2, 209"
273909,"No Drones",7928,2013,"Pair of embossed glasses","overall (each): 5 15/16 × 2 × 2" (15.1 × 5.1 × 5.1 cm)",Multiple,"Drawings & Prints",2017-10-18,https://www.moma.org/collection/works/273909,https://www.moma.org/media/W1siZiIsIjQyMTg5NiJdLFsicCIsImNvbnZlcnQiLCItcmVzaXplIDEwMjR4MTAyNFx1MDAzZSJdXQ.jpg?sha=9bcf658c11f7c433,"MoMA, Floor 2, 214"
275273,PHOTORAMA,35212,2017,"Inkjet print","71 1/2 × 75 3/4" (181.6 × 192.4 cm)",Photograph,Photography,2018-01-24,https://www.moma.org/collection/works/275273,https://www.moma.org/media/W1siZiIsIjUwMDI3OSJdLFsicCIsImNvbnZlcnQiLCItcmVzaXplIDEwMjR4MTAyNFx1MDAzZSJdXQ.jpg?sha=d4cebb87657b299e,"MoMA, Floor 4, 419"
279734,"The Navarasa Suite from the series Bombay Photo Studio",69972,2003,"Gelatin silver prints","25 7/8 × 19 15/16" (65.7 × 50.6 cm)
",Photograph,Photography,2018-01-24,https://www.moma.org/collection/works/279734,https://www.moma.org/media/W1siZiIsIjQyMzIxNyJdLFsicCIsImNvbnZlcnQiLCItcmVzaXplIDEwMjR4MTAyNFx1MDAzZSJdXQ.jpg?sha=2452c95bb0d910c4,"MoMA, Floor 2, 205"
